etudiant_id,etudiant_prenom,etudiant_nom,etudiant_sexe,filieres_groupe_id
1,Larbi,Khalil,Homme,1
2,Adil,Othmani,Homme,1
3,Zahra,Sahraoui,Femme,1
4,Rida,Zouine,Homme,2
5,Adil,Benjelloun,Homme,1
6,Rokia,Hammoudi,Femme,1
7,Sidi,Samir,Homme,2
8,Kadija,Touré,Femme,2
9,Fatimazahra,Sefiani,Femme,2
10,Manal,Jabri,Femme,1
11,Ahlam,Sefrioui,Femme,1
12,Younes,Boul,Homme,1
13,Zahia,Loukili,Femme,2
14,Marco,Rodriguez,Homme,1
15,Narjis,Idrissi,Femme,1
16,Ines,Touhi,Femme,1
17,Hajar,El Moutaouakil,Femme,2
18,Reda,Kabbaj,Homme,1
19,Asma,Zoux,Femme,2
20,Karima,Mouline,Femme,1
21,Asma,Sahraoui,Femme,2
22,Mohamed,Touzi,Homme,1
23,Farida,Nouaman,Femme,2
24,Rokia,Mansouri,Femme,2
25,Yasmina,Guennoun,Femme,1
26,Fatimazahra,Zouine,Femme,1
27,Samira,Toumi,Femme,1
28,Zahra,Moussaoui,Femme,1
29,Fadwa,Kabbaj,Femme,1
30,Mbarek,Rchid,Homme,1
31,Yahya,Salem,Homme,2
32,Adil,Nacer,Homme,1
33,Rokhaya,Cissé,Femme,1
34,Daniel,Schmidt,Homme,1
35,Farid,Zoukh,Homme,1
36,Marouane,Smahi,Homme,1
37,Ilham,El Boukili,Femme,1
38,Samira,Bahi,Femme,1
39,Rabia,Bout,Femme,2
40,Daniel,Schmidt,Homme,1
41,Said,Jebli,Homme,1
42,Driss,El Boukili,Homme,1
43,Taoufik,Assou,Femme,2
44,Othmane,Zouw,Homme,2
45,Taoufik,Zouine,Femme,2
46,Marouane,Daoudi,Homme,1
47,Noureddine,Harrak,Homme,1
48,Nasser,Bourkadi,Homme,1
49,Imane,Kacem,Femme,1
50,Antoine,Schmidt,Homme,2
51,Younes,Fassi,Homme,2
52,Saadia,El Mandjra,Femme,2
53,Asma,Aroui,Femme,2
54,Youssef,Har,Homme,2
55,Zahia,Ouali,Femme,1
56,Lina,Jabri,Femme,2
57,Rajae,Hakimi,Femme,1
58,Samira,Kettani,Femme,2
59,Cheikh,Kane,Homme,2
60,Reda,Sabri,Homme,2
61,Mounir,Salmi,Homme,2
62,Mehdi,Sbitri,Homme,2
63,Aissatou,Coulibaly,Femme,1
64,Fatou,Camara,Femme,1
65,Aya,Gharbaoui,Femme,2
66,Paolo,Bernard,Homme,2
67,Ayman,Wardi,Homme,1
68,Adil,Benkirane,Homme,1
69,Serigne,Gueye,Homme,2
70,Salim,Zahri,Homme,1
71,Rachid,Akka,Homme,2
72,Rania,Toumi,Femme,2
73,Hanane,Touz,Femme,2
74,Amine,Hattab,Homme,2
75,Zahra,Tougi,Femme,1
76,Mounir,Sabi,Homme,2
77,Ilyas,Khaldoune,Homme,2
78,Hayat,El Fahime,Femme,1
79,Yacine,El Moutaouakil,Homme,2
80,Zahra,Sebti,Femme,1
81,Mahdi,Chemao,Homme,2
82,Cheikh,Camara,Homme,1
83,Kamil,Zouak,Homme,2
84,Salsabil,Touba,Femme,1
85,Selma,Zouw,Femme,2
86,Walid,Hattab,Homme,1
87,Khalida,Lahlou,Femme,2
88,Nabila,Rmil,Femme,1
89,Samir,Hakimi,Homme,1
90,Tariq,Nouaman,Homme,2
91,Chaimae,Doukkali,Femme,1
92,Basma,Saih,Femme,1
93,Javier,Dupont,Homme,2
94,Mariama,Touré,Femme,2
95,Younes,Kabbaj,Homme,1
96,Khalida,Tabit,Femme,1
97,Wassim,Touzi,Homme,1
98,Rim,Bouaouina,Femme,1
99,Marouane,Cherkaoui,Homme,2
100,Salma,El Yazidi,Femme,2
101,Nisrine,Assou,Femme,1
102,Hiba,Zniber,Femme,2
103,Sabrina,Belkhadir,Femme,2
104,Taoufik,Zouy,Femme,1
105,Abdellah,Tazi,Homme,1
106,Modou,Ouattara,Homme,2
107,Abdessamad,Mabrouk,Homme,1
108,Chaymae,Jorio,Femme,1
109,Hatim,Demnati,Homme,2
110,Zohra,Saih,Femme,2
111,Mbarek,Benjelloun,Homme,2
112,Jean,Silva,Homme,2
113,Rayan,Slaoui,Homme,1
114,Rayan,Tabit,Homme,1
115,Kadija,Traoré,Femme,2
116,Khadija,Lamrani,Femme,1
117,Salim,Bous,Homme,1
118,Yacine,Zouhair,Homme,2
119,Hayat,Zoux,Femme,2
120,Boutaina,Jaouhari,Femme,2
121,Karima,Chraibi,Femme,2
122,Younes,Zoul,Homme,2
123,Lina,Tazi,Femme,2
124,Ndeye,Diallo,Femme,2
125,Yahya,El Mrabet,Homme,2
126,Thomas,Schmidt,Homme,2
127,Mbarek,Kharroubi,Homme,1
128,Amal,Demnati,Femme,2
129,Nisrine,Alaoui,Femme,1
130,Habiba,Zahir,Femme,1
131,Adil,Oulhaj,Homme,2
132,Aziz,Zoun,Homme,1
133,Idriss,Zoux,Homme,1
134,Hiba,Laraki,Femme,1
135,Saadia,Cheikh,Femme,1
136,Anas,Moujahid,Homme,2
137,Patricia,Ricci,Femme,2
138,Jihane,Aroui,Femme,1
139,Nabila,Mabrouk,Femme,1
140,Aya,Rais,Femme,2
141,Ahmed,Zoubir,Homme,1
142,Houssam,Zouw,Homme,1
143,Fayssal,Jebli,Homme,2
144,Salah,Wahbi,Homme,2
145,Chakib,Zouhair,Homme,1
146,Driss,Gharbaoui,Homme,2
147,Walid,Har,Homme,2
148,Zara,Oukacha,Femme,2
149,Aicha,Assou,Femme,1
150,Safia,Zoukh,Femme,1
151,Khadija,Touil,Femme,2
152,Latifa,Ouled,Femme,1
153,Lucas,Jones,Homme,1
154,Karima,Fassi,Femme,1
155,Khalid,Ouahbi,Homme,2
156,Zakaria,Amarir,Homme,1
157,Salim,Sebti,Homme,1
158,Ikram,Chaouni,Femme,2
159,Aziz,Habti,Homme,2
160,Soufiane,Rchid,Homme,1
161,Sanaa,Zoul,Femme,1
162,Yacine,Tazi,Homme,1
163,Nezha,Belkhadir,Femme,1
164,Fadwa,Bennani,Femme,1
165,Nabil,Tougi,Homme,2
166,Sidi,Said,Homme,1
167,Tidiane,Sow,Homme,1
168,Sofia,Bernard,Femme,2
169,Camille,Silva,Femme,1
170,Rachid,Cherkaoui,Homme,2
171,Abdoulaye,Sow,Homme,1
172,Hakim,Tourabi,Homme,1
173,Jihane,El Mrabet,Femme,1
174,Nathalie,Dubois,Femme,1
175,Badr,Saih,Homme,1
176,Mariama,Gueye,Femme,2
177,Zineb,Zniber,Femme,2
178,Abdessamad,Toufi,Homme,1
179,Manal,Roudani,Femme,1
180,Yousra,Touhi,Femme,1
181,Moussa,Diop,Homme,1
182,Nicolas,Lopez,Homme,1
183,Nisrine,Mechbal,Femme,2
184,Chaimae,Touhi,Femme,1
185,Abdessamad,Sahraoui,Homme,2
186,Mariam,Sabi,Femme,2
187,Salsabil,Zouitni,Femme,2
188,Othmane,Khalil,Homme,2
189,Jamal,Toufi,Homme,1
190,Khalid,Tazi,Homme,2
191,Malika,Touzy,Femme,2
192,Adam,Chraibi,Homme,1
193,Marouane,Smahi,Homme,2
194,Naima,Karam,Femme,1
195,Moussa,Gueye,Homme,2
196,Nezha,Ghomri,Femme,1
197,Latifa,Sefrioui,Femme,2
198,Saadia,Slaoui,Femme,1
199,Imad,Sabi,Homme,2
200,Haj,Khalil,Homme,1
201,Jean,Moreau,Homme,2
202,Zakaria,Nfissi,Homme,1
203,Bilal,Ouazzani,Homme,2
204,Aissatou,Konaté,Femme,1
205,Aziza,Sefrioui,Femme,1
206,Marouane,Bour,Homme,2
207,Samir,Smahi,Homme,1
208,Mustapha,Toumi,Homme,2
209,Carmen,Bernard,Femme,2
210,Khalid,Nacer,Homme,1
211,Ismail,Zaid,Homme,1
212,Khadidiatou,Sow,Femme,2
213,Rania,Iraqi,Femme,2
214,Zahra,Lahlou,Femme,1
215,Rokia,Touz,Femme,2
216,Latifa,Dlimi,Femme,2
217,Houda,Chrigui,Femme,2
218,Ines,Zouhair,Femme,1
219,Yousra,Qadiri,Femme,1
220,Khadija,Demnati,Femme,2
221,Moussa,Ba,Homme,2
222,Khadija,Radi,Femme,2
223,Sanaa,Saih,Femme,1
224,Aicha,Rmil,Femme,1
225,Zineb,Moujahid,Femme,1
226,Khadija,Khalil,Femme,2
227,Khadija,Laraki,Femme,1
228,Asma,Ouali,Femme,1
229,Hiba,El Yazidi,Femme,1
230,Hicham,Bahi,Homme,2
231,Moussa,Sebti,Homme,1
232,Driss,Rais,Homme,2
233,David,Martin,Homme,1
234,Khadidiatou,Sylla,Femme,1
235,Abdelali,Roudani,Homme,2
236,Touria,Joundy,Femme,1
237,Haj,Zouhir,Homme,1
238,Rokia,El Filali,Femme,1
239,Hayat,Zahri,Femme,1
240,Wafa,Touijer,Femme,1
241,Kader,Kane,Homme,1
242,Fayssal,Smahi,Homme,2
243,Samira,Zouro,Femme,2
244,Zineb,Bouzidi,Femme,1
245,Zara,Mabrouk,Femme,1
246,Rabia,Roudani,Femme,1
247,Ines,Cheikh,Femme,2
248,Rachid,Ghomri,Homme,1
249,Bouchra,Baraka,Femme,1
250,Amal,Habti,Femme,2
251,Rania,Nfissi,Femme,1
252,Nabila,Joundy,Femme,2
253,Ibrahim,Touzy,Homme,1
254,Noura,Zouz,Femme,2
255,Patricia,Rossi,Femme,1
256,Abdelkader,El Ghazaoui,Homme,2
257,Soukaina,Jabri,Femme,1
258,Malika,Zous,Femme,2
259,Sami,Sbaai,Homme,1
260,Aicha,Zniber,Femme,2
261,Awa,Camara,Femme,1
262,Amina,Bennani,Femme,1
263,Jihane,Samir,Femme,2
264,Ibrahim,Bouzoubaa,Homme,2
265,Said,Slaoui,Homme,1
266,Bouchra,Touba,Femme,2
267,Nadia,Chraibi,Femme,2
268,Imane,Zouine,Femme,2
269,Oussama,Touijer,Homme,2
270,Asma,Touhi,Femme,1
271,Fouad,Zoumir,Homme,1
272,Hafsa,Ouali,Femme,1
273,Sidi,Yousra,Homme,2
274,Halima,Ghomri,Femme,2
275,Moussa,Ouattara,Homme,1
276,Badr,Smahi,Homme,2
277,Boubacar,Coulibaly,Homme,1
278,Houssam,Sebti,Homme,1
279,Alexander,Johansson,Homme,2
280,Sami,Hammoudi,Homme,2
281,Khalida,Toumi,Femme,2
282,Said,Skalli,Homme,2
283,Douaa,Khalil,Femme,1
284,Ahlam,Rahmouni,Femme,2
285,Haj,Khalil,Homme,2
286,Issa,Touré,Homme,1
287,David,Moreau,Homme,1
288,Reda,Zouzz,Homme,2
289,Nadia,Tabit,Femme,2
290,Nezha,Said,Femme,1
291,Moussa,Sylla,Homme,1
292,Ilham,Bahi,Femme,2
293,Siham,Touzi,Femme,2
294,Othmane,Amarir,Homme,2
295,Ines,Niama,Femme,2
296,Naima,Dah,Femme,1
297,Mbayang,Sow,Femme,2
298,Samir,Khaldoune,Homme,1
299,Khalid,Oufkir,Homme,2
300,Larbi,Benkirane,Homme,1
301,Mohammed,Jebli,Homme,2
302,Tariq,Bahi,Homme,1
303,Anas,Oujdi,Homme,1
304,Karima,Zoumir,Femme,1
305,Ibrahim,Konaté,Homme,1
306,Sami,Doukkali,Homme,2
307,Ibrahim,Rchidi,Homme,2
308,Nora,Zaid,Femme,2
309,Adam,Sakhi,Homme,2
310,Badr,Mabrouk,Homme,2
311,Nafissatou,Camara,Femme,1
312,Safae,Naji,Femme,2
313,Zahia,Touzy,Femme,2
314,Reda,Bour,Homme,2
315,Anas,Nouaman,Homme,2
316,Marouane,Baraka,Homme,1
317,Hassan,Karam,Homme,2
318,Khadija,Zoul,Femme,2
319,Mehdi,El Mandjra,Homme,1
320,Yamina,Zerouali,Femme,2
321,Khadija,Mabrouk,Femme,1
322,Zineb,Mabrouk,Femme,1
323,Loubna,Habti,Femme,1
324,Hind,Bouzidi,Femme,1
325,Abdelali,Touil,Homme,2
326,Kader,Coulibaly,Homme,1
327,Aliou,Camara,Homme,2
328,Daniel,Laurent,Homme,2
329,Kader,Diop,Homme,2
330,Aziz,Zouhair,Homme,1
331,Ayoub,Mansouri,Homme,2
332,Houssam,Rguibi,Homme,1
333,Zouhair,Zoumar,Homme,2
334,Sanaa,Zerhouni,Femme,1
335,Zohra,El Hachimi,Femme,2
336,Rida,Zout,Homme,2
337,Hamza,Smahi,Homme,2
338,Aliou,Fall,Homme,2
339,Nabila,Zouhair,Femme,2
340,Said,Fassi,Homme,1
341,Malika,Toubi,Femme,2
342,Ayman,Jabri,Homme,2
343,Bouchra,Zouzz,Femme,2
344,Mariam,Bouhout,Femme,1
345,Abdou,Sefrioui,Homme,1
346,Amina,Mansouri,Femme,1
347,Narjis,Tahiri,Femme,1
348,Rania,Tlemsani,Femme,2
349,Naji,Hass,Homme,2
350,Karim,Mernissi,Homme,1
351,Hafsa,Tougi,Femme,2
352,Yassine,Mouline,Homme,2
353,Yousra,Kettani,Femme,1
354,Jamila,Mabrouk,Femme,2
355,Bintou,Sarr,Femme,2
356,Yacine,Jorio,Homme,2
357,Chaymae,Oulad,Femme,2
358,Hanane,Zouro,Femme,1
359,Nasser,Dahmani,Homme,2
360,Ghita,Bous,Femme,1
361,Naji,Slaoui,Homme,1
362,Yahya,Mabrouk,Homme,1
363,Soufiane,Fennir,Homme,2
364,Nathalie,Silva,Femme,2
365,Bouchra,Tabit,Femme,1
366,Houda,Zouitni,Femme,1
367,Samir,Zourk,Homme,1
368,Rachid,El Filali,Homme,1
369,Yacine,Has,Homme,1
370,Yasmina,Khaldoune,Femme,2
371,Touria,Tijarti,Femme,1
372,Loubna,Dahmani,Femme,2
373,Khalid,Ouled,Homme,2
374,Karim,Sassi,Homme,1
375,Abdou,Bouaouina,Homme,1
376,Marwa,Ghomri,Femme,1
377,Rachida,Bennani,Femme,1
378,Habiba,Tazi,Femme,1
379,Latifa,Daoudi,Femme,2
380,Mame,Diaw,Femme,1
381,Widad,Oufkir,Femme,1
382,Abdallah,Bourkadi,Homme,1
383,Widad,Zouhir,Femme,2
384,Ayman,Zoun,Homme,2
385,Yahya,Has,Homme,1
386,Nafissatou,Touré,Femme,2
387,Loubna,Smahi,Femme,1
388,Taoufik,Hammoudi,Femme,2
389,Rabia,Abid,Femme,1
390,Karim,Mouline,Homme,1
391,Anas,Roudani,Homme,2
392,Ilyas,Said,Homme,2
393,Mariam,Amrani,Femme,2
394,Ibrahim,Zoul,Homme,2
395,Kader,Camara,Homme,2
396,Samir,Bouk,Homme,2
397,Mbarek,Bout,Homme,1
398,Abderrahmane,Atou,Homme,1
399,Hamza,Naji,Homme,1
400,Nabil,Lahcen,Homme,1
401,Douaa,Touijer,Femme,1
402,Claire,Lopez,Femme,1
403,Nora,El Fassi,Femme,2
404,Salma,Tazi,Femme,1
405,Khalida,Loukili,Femme,1
406,Noureddine,El Ghalbi,Homme,1
407,Yacine,Abid,Homme,1
408,Nabil,Touahri,Homme,1
409,Amin,Has,Homme,1
410,Mansour,Zoupi,Homme,1
411,Rokia,Alaoui,Femme,2
412,Claire,Laurent,Femme,1
413,Nisrine,Rifi,Femme,2
414,Ayman,Touzz,Homme,2
415,Lina,Bout,Femme,2
416,Yousra,Touimi,Femme,1
417,Noureddine,Ouissaden,Homme,1
418,Zahia,Touza,Femme,2
419,Chaimae,Lahcen,Femme,1
420,Loubna,Zahri,Femme,1
421,Bilal,Mouline,Homme,1
422,Lotfi,Boun,Homme,1
423,Nisrine,Rchidi,Femme,1
424,Fatou,Sarr,Femme,1
425,Rida,Zouqi,Homme,1
426,Ahmed,Sbitri,Homme,1
427,Mahmoud,Zerouali,Homme,1
428,Sami,Mouline,Homme,2
429,Mansour,Zniber,Homme,1
430,Mame,Barry,Femme,1
431,Mahmoud,Tabit,Homme,2
432,David,Johansson,Homme,1
433,Taha,Chaouni,Homme,2
434,Meryem,Zniber,Femme,1
435,Ahmed,Ouissaden,Homme,2
436,Maimouna,Diop,Femme,2
437,Nabila,Lahlou,Femme,2
438,Zahra,El Ghalbi,Femme,2
439,Hafsa,Oulad,Femme,1
440,Mbarek,Zerouali,Homme,2
441,Jamila,Ghomri,Femme,1
442,Mbarek,Zoul,Homme,1
443,Idriss,Gueddari,Homme,1
444,Hiba,Bahi,Femme,1
445,Noureddine,Bour,Homme,2
446,Houssam,Had,Homme,2
447,Siham,El Fahime,Femme,2
448,Mahdi,Zouy,Homme,1
449,Habiba,El Khattabi,Femme,2
450,Nadia,Bahi,Femme,2
451,Sanaa,Zerhouni,Femme,1
452,Abdou,Naciri,Homme,2
453,Ismail,Bouaouina,Homme,1
454,Habiba,Laraki,Femme,2
455,Amal,Zouria,Femme,1
456,Yahya,Belkhadir,Homme,1
457,Reda,Ouled,Homme,1
458,Zahra,Zouitni,Femme,2
459,Rania,Benjelloun,Femme,2
460,Zahia,Zouhir,Femme,1
461,Ayman,Sakhi,Homme,1
462,Salsabil,Mansouri,Femme,1
463,Rania,Sbitri,Femme,1
464,Zara,Boun,Femme,2
465,Safia,Bouhlal,Femme,2
466,Latifa,Qadiri,Femme,1
467,Kamil,Boua,Homme,2
468,Rachida,Zouy,Femme,1
469,Sidi,Othmani,Homme,1
470,Rachida,Zahir,Femme,2
471,Fatima,Sabi,Femme,2
472,Mohammed,Slaoui,Homme,2
473,Taoufik,Ouassou,Femme,1
474,Aminata,Konaté,Femme,2
475,Ghita,Touji,Femme,2
476,Zouhair,Radi,Homme,1
477,Zara,Oulad,Femme,2
478,Daniel,Brown,Homme,2
479,Rida,El Moutaouakil,Homme,2
480,Karima,Radi,Femme,1
481,Thomas,Martin,Homme,1
482,Zohra,Rmil,Femme,2
483,Farid,Gharbaoui,Homme,1
484,Saadia,Zahri,Femme,1
485,Rayan,Soussi,Homme,1
486,Mokhtar,Sbaai,Homme,1
487,Rida,Rchid,Homme,2
488,Zahia,Joundy,Femme,2
489,Kadija,Konaté,Femme,1
490,Tariq,Samir,Homme,1
491,Jamal,Touzz,Homme,2
492,Mokhtar,Ham,Homme,1
493,Taha,Wardi,Homme,1
494,Mounir,El,Homme,1
495,Paolo,Conti,Homme,1
496,Saadia,Zaid,Femme,1
497,Mohammed,Zaid,Homme,2
498,Mamadou,Keita,Homme,2
499,Yasmina,Laraki,Femme,1
500,Khalid,Bouzoubaa,Homme,2
501,Awa,Gueye,Femme,2
502,Samira,El Boukili,Femme,1
503,Ali,Touijer,Homme,1
504,Mariama,Sarr,Femme,1
505,Fatima,Oulad,Femme,1
506,Mina,El Moutaouakil,Femme,2
507,Youssef,Ouahbi,Homme,2
508,Chakib,Bouzoubaa,Homme,2
509,Aminata,Diop,Femme,2
510,Kenza,El,Femme,2
511,Samir,Dah,Homme,2
512,Rim,Bout,Femme,2
513,Samira,Slaoui,Femme,2
514,Zakaria,El Yousfi,Homme,1
515,Yahya,Belkhadir,Homme,1
516,Zahia,Touhi,Femme,2
517,Aziz,Zoumir,Homme,1
518,Mounir,Joundy,Homme,2
519,Amine,Slaoui,Homme,2
520,Mariama,Savané,Femme,1
521,Saadia,Zouak,Femme,1
522,Fouad,Nouaman,Homme,1
523,Lotfi,Bout,Homme,2
524,Mounir,Zoubir,Homme,2
525,Latifa,Salmi,Femme,2
526,Yamina,Cherkaoui,Femme,2
527,Zara,Zouhair,Femme,1
528,Hassan,Othmani,Homme,1
529,Mehdi,Gue,Homme,2
530,Hassan,Mouline,Homme,1
531,Abdelali,Jabri,Homme,1
532,Julia,Martin,Femme,2
533,Hiba,Samir,Femme,1
534,Rida,Lamrani,Homme,2
535,Siham,Oujdi,Femme,2
536,Sidi,Touza,Homme,1
537,Meryem,Boua,Femme,1
538,Rachida,Ouali,Femme,1
539,Laila,El Hachimi,Femme,1
540,Bilal,Ghomri,Homme,1
541,Hajar,Bouzekri,Femme,1
542,Leila,Zouhair,Femme,1
543,Marwa,Cherkaoui,Femme,2
544,Meryem,El Amrani,Femme,2
545,Hicham,Abid,Homme,1
546,Hayat,Boul,Femme,1
547,Hicham,Qadiri,Homme,1
548,Sophie,Bernard,Femme,1
549,Modou,Kane,Homme,2
550,Céline,Dubois,Femme,1
551,Naima,Berrada,Femme,1
552,Nadia,Bouz,Femme,1
553,Amine,Zous,Homme,1
554,Michael,Fernandez,Homme,2
555,Tariq,Chemao,Homme,1
556,Hicham,Tabit,Homme,1
557,Wafa,Bout,Femme,1
558,Nicolas,Martin,Homme,1
559,Habiba,Touzy,Femme,2
560,Noura,Sabi,Femme,1
561,Marco,Ricci,Homme,2
562,Abdessamad,El,Homme,2
563,Zakaria,Bahi,Homme,1
564,Mokhtar,Boun,Homme,2
565,Sami,Kacem,Homme,1
566,Ahlam,Bouhout,Femme,1
567,Rokia,El Yousfi,Femme,1
568,Abdelaziz,Slaoui,Homme,1
569,Leila,Lahcen,Femme,1
570,Fayssal,Nacer,Homme,1
571,Fatou,Gueye,Femme,2
572,Salsabil,El Boukili,Femme,2
573,Miguel,Conti,Homme,2
574,Rayan,Kettani,Homme,1
575,Aminata,Konaté,Femme,1
576,Ghita,Touzi,Femme,1
577,Stefan,Moreau,Homme,1
578,Samira,Niama,Femme,2
579,Sara,Chaouni,Femme,2
580,Hassan,Ham,Homme,2
581,Yacine,Moustaquin,Homme,1
582,Khalid,Zouitni,Homme,1
583,Walid,Sbaai,Homme,2
584,Fadwa,El Hachimi,Femme,2
585,Taha,Oujdi,Homme,1
586,Marco,Schmidt,Homme,2
587,Céline,Moreau,Femme,2
588,Ihsane,Said,Femme,2
589,Mounir,Oulhaj,Homme,2
590,Bilal,Guennoun,Homme,2
591,Fernando,Simon,Homme,1
592,Abdoulaye,Traoré,Homme,1
593,Zakaria,Zouro,Homme,2
594,Mbarek,Amarir,Homme,2
595,Farid,Qadiri,Homme,1
596,Carlos,Martin,Homme,1
597,Chakib,Tijarti,Homme,2
598,Abdellah,Dahmani,Homme,1
599,Laila,El Moutaouakil,Femme,2
600,Laura,Simon,Femme,2
601,Nabila,Toufali,Femme,1
602,Mansour,Wahbi,Homme,1
603,Ihsane,Larbi,Femme,1
604,Khalid,Benjelloun,Homme,1
605,Pierre,Rossi,Homme,2
606,Soufiane,Zoux,Homme,1
607,Zouhair,Boul,Homme,2
608,Hatim,Zouria,Homme,1
609,Mariam,Nouaman,Femme,1
610,Leila,Benjelloun,Femme,2
611,Zineb,Toufi,Femme,1
612,Moussa,Keita,Homme,1
613,Nabil,Khalil,Homme,2
614,Malika,Touijer,Femme,1
615,Safae,Touzy,Femme,2
616,Souleymane,Camara,Homme,2
617,Tidiane,Traoré,Homme,1
618,Wassim,Kamil,Homme,1
619,Mahdi,Rais,Homme,1
620,Narjis,Touzi,Femme,2
621,Omar,Rais,Homme,1
622,Zineb,Tazi,Femme,1
623,Abdessamad,Khalil,Homme,1
624,Yassine,Rahmouni,Homme,2
625,Adam,El Yacoubi,Homme,2
626,Aziz,Ham,Homme,1
627,Habiba,Touz,Femme,2
628,Lina,Touzy,Femme,2
629,Zakaria,Zouw,Homme,2
630,Amina,Zerhouni,Femme,2
631,Kadija,Sarr,Femme,2
632,Boutaina,Zerhouni,Femme,1
633,Tariq,Jorio,Homme,2
634,Zouhair,Adouiri,Homme,2
635,Mbarek,Kouachi,Homme,2
636,Reda,Chaouni,Homme,1
637,Abdelhamid,Rifi,Homme,1
638,Abdelali,Touzy,Homme,2
639,Manal,Oukacha,Femme,2
640,Zara,Touzi,Femme,2
641,Habiba,Has,Femme,2
642,Noura,Khaldoune,Femme,2
643,Mohammed,Zouw,Homme,1
644,Hayat,Trimech,Femme,1
645,Widad,Fassi,Femme,1
646,Saadia,Jabri,Femme,2
647,Rokia,Zouw,Femme,2
648,Salma,Bouz,Femme,2
649,Kenza,Zouro,Femme,1
650,Ikram,Niama,Femme,2
651,Soukaina,Loukili,Femme,1
652,Khadija,Ait,Femme,2
653,Ali,Sefiani,Homme,2
654,Miguel,Moreau,Homme,1
655,Fayssal,Touimi,Homme,2
656,Zakaria,Sbaai,Homme,1
657,Yamina,Touzy,Femme,1
658,Houssam,El Mandjra,Homme,2
659,Khadija,Doukkali,Femme,1
660,Meryem,El Mandjra,Femme,2
661,Sira,Coulibaly,Femme,1
662,Ibrahim,Diaw,Homme,2
663,Abdellah,Touahri,Homme,2
664,Samir,Adouiri,Homme,1
665,Khalida,Ouali,Femme,1
666,Zahra,Zaid,Femme,1
667,Mounir,Has,Homme,2
668,Nathalie,Fernandez,Femme,2
669,Walid,Iraqi,Homme,2
670,Narjis,Hakimi,Femme,2
671,Farida,Naji,Femme,1
672,Mounir,Zahri,Homme,1
673,Mustapha,Zoux,Homme,1
674,Rokia,Wahbi,Femme,2
675,Nabil,Bous,Homme,1
676,Leila,Bouchentouf,Femme,1
677,Aziza,Touzi,Femme,1
678,Yacine,Zahir,Homme,1
679,Rayan,Nfissi,Homme,2
680,Mariam,Mechbal,Femme,2
681,Ismail,Chaouni,Homme,2
682,Fatima,Zouro,Femme,1
683,Adam,Zerhouni,Homme,1
684,Khadija,Mansouri,Femme,1
685,Abdelali,El Boukili,Homme,1
686,Mohammed,Bouzidi,Homme,2
687,Sira,Diaw,Femme,1
688,Ayoub,Touza,Homme,1
689,Rayan,Zouhir,Homme,2
690,Antoine,Brown,Homme,1
691,Wassim,Tahiri,Homme,2
692,Fayssal,Zout,Homme,1
693,Adil,Nfissi,Homme,2
694,Zouhair,Saih,Homme,1
695,Ibrahim,El Amrani,Homme,1
696,Sokhna,Coulibaly,Femme,1
697,Mina,Trimech,Femme,1
698,Wafa,Chraibi,Femme,2
699,Sanaa,Mechbal,Femme,1
700,Bilal,Bouzidi,Homme,2
701,Abdelkader,Yassi,Homme,2
702,Rida,Oulad,Homme,1
703,Soufiane,Harrak,Homme,2
704,Mbarek,Tourabi,Homme,1
705,Paolo,Rossi,Homme,2
706,Anna,Fernandez,Femme,2
707,Nezha,Tlemsani,Femme,1
708,Khadija,Said,Femme,1
709,Rajae,Touzi,Femme,2
710,Lotfi,Mrani,Homme,1
711,Walid,Ait,Homme,1
712,Marwa,Jebli,Femme,2
713,Omar,Naji,Homme,1
714,Oumar,Camara,Homme,2
715,Sidi,Khalil,Homme,2
716,Rida,Fennir,Homme,1
717,Yacine,Kacem,Homme,2
718,Moussa,Loukili,Homme,1
719,Zakaria,Rchidi,Homme,1
720,Zahra,Tougi,Femme,1
721,Lina,Touzani,Femme,2
722,Patricia,Schmidt,Femme,2
723,Ingrid,Lopez,Femme,2
724,Karim,Zaid,Homme,2
725,Nezha,Touimi,Femme,2
726,Farid,Habti,Homme,2
727,Yacine,Touzz,Homme,2
728,Naji,Zniber,Homme,1
729,Ines,Touzi,Femme,1
730,Ismail,Zous,Homme,2
731,Aminata,Camara,Femme,1
732,Aicha,Hammoudi,Femme,1
733,Issa,Fall,Homme,1
734,Nabila,Touz,Femme,2
735,Fadwa,Touzi,Femme,2
736,Antoine,Laurent,Homme,1
737,Fouad,Gue,Homme,2
738,Yousra,Zoun,Femme,1
739,Soufiane,Harrak,Homme,1
740,Sami,Nfissi,Homme,2
741,Mohammed,Bouz,Homme,1
742,Yassine,Boudra,Homme,1
743,Abdelali,El Idrissi,Homme,2
744,Aicha,Ham,Femme,2
745,Malika,Dahmani,Femme,2
746,Zohra,Slaoui,Femme,1
747,Abdou,Bouzidi,Homme,2
748,Ilham,Zouhair,Femme,1
749,Karima,Saih,Femme,2
750,Salah,Sebti,Homme,1
751,Mehdi,Radi,Homme,1
752,Rachid,Touijer,Homme,2
753,Yousra,Cherkaoui,Femme,2
754,Michael,Brown,Homme,2
755,Hanane,Belkhadir,Femme,1
756,Selma,Dah,Femme,2
757,Zineb,Sassi,Femme,1
758,Driss,Oulad,Homme,1
759,Houssam,Kabbaj,Homme,1
760,Kawtar,Ouali,Femme,2
761,Meryem,Zouita,Femme,2
762,Yasmina,Touzz,Femme,2
763,Hanae,Nfissi,Femme,1
764,Sofia,Niama,Femme,2
765,Mehdi,Sakhi,Homme,1
766,Hind,Chrigui,Femme,2
767,Rokia,Bahi,Femme,1
768,Leila,Tazi,Femme,2
769,Imad,Dah,Homme,2
770,Zahra,Lahlou,Femme,2
771,Selma,Gharbaoui,Femme,1
772,Marie,Martin,Femme,1
773,Sira,Fall,Femme,1
774,Claire,Santos,Femme,1
775,Soufiane,Qadiri,Homme,1
776,Naji,Bouhmadi,Homme,1
777,Anas,Bouzoubaa,Homme,1
778,Hiba,El Hachimi,Femme,2
779,Ibrahim,Coulibaly,Homme,2
780,Laura,Laurent,Femme,1
781,Taha,Madani,Homme,1
782,Lotfi,Touijer,Homme,2
783,Wassim,Kamil,Homme,2
784,Chaymae,Bouaouina,Femme,1
785,Kadija,Cissé,Femme,2
786,Mohammed,Zouri,Homme,1
787,Mansour,Zoukh,Homme,2
788,Céline,Moreau,Femme,2
789,Anas,Niama,Homme,1
790,Oussama,Jabri,Homme,1
791,Yahya,Zniber,Homme,1
792,Sanaa,El Boukili,Femme,2
793,Hajar,Nfissi,Femme,2
794,Abdelali,Zoux,Homme,1
795,Rokhaya,Kane,Femme,1
796,Manal,Kacem,Femme,2
797,Valérie,Johansson,Femme,1
798,Tidiane,Sarr,Homme,2
799,Leila,Touzz,Femme,1
800,Zahra,Roudani,Femme,1
801,Rabia,Idrissi,Femme,2
802,Sofia,Laurent,Femme,2
803,Amin,Mouline,Homme,1
804,Fouad,Zouw,Homme,2
805,Abdallah,Trimech,Homme,1
806,Farid,Amrani,Homme,2
807,Laila,Jorio,Femme,2
808,Serigne,Coulibaly,Homme,1
809,Aya,Mouline,Femme,1
810,Salsabil,Mansouri,Femme,1
811,Malika,Trimech,Femme,1
812,Soukaina,Sefiani,Femme,1
813,Reda,Touzz,Homme,1
814,Anas,Lahlou,Homme,1
815,Aya,Touza,Femme,1
816,Zakaria,Zouy,Homme,1
817,Widad,Oulad,Femme,2
818,Rokia,Mechbal,Femme,2
819,Oussama,Radi,Homme,1
820,Kader,Coulibaly,Homme,2
821,Mbarek,Touzy,Homme,1
822,Hind,Rchid,Femme,1
823,Amine,El Mrabet,Homme,1
824,Badr,Ouissaden,Homme,1
825,Fadwa,Rchid,Femme,1
826,Hakim,El Boukili,Homme,2
827,Samira,Houari,Femme,2
828,David,Jones,Homme,2
829,Khadija,Akka,Femme,1
830,Driss,El Yacoubi,Homme,1
831,Loubna,Saadi,Femme,1
832,Latifa,Oulad,Femme,2
833,Marco,Brown,Homme,1
834,Mahdi,Sefrioui,Homme,2
835,Farid,Ouissaden,Homme,1
836,Imad,Othmani,Homme,1
837,Aziz,Bouz,Homme,1
838,Salah,Ghomri,Homme,1
839,Youssef,Mrani,Homme,1
840,Maimouna,Barry,Femme,2
841,Samir,Touil,Homme,2
842,Taha,Wardi,Homme,1
843,Loubna,Tahri,Femme,1
844,Nathalie,Ricci,Femme,1
845,Rania,Salem,Femme,1
846,Ibrahim,El Omari,Homme,2
847,Yasmina,Touz,Femme,1
848,Adil,Bouhmadi,Homme,2
849,Mohammed,Oufkir,Homme,1
850,Noureddine,Ouahbi,Homme,2
851,Basma,Jamil,Femme,1
852,Hassan,Moujahid,Homme,1
853,Khadija,Baraka,Femme,1
854,Hind,Hilal,Femme,2
855,Kader,Touré,Homme,2
856,Latifa,Mernissi,Femme,1
857,Pierre,Ricci,Homme,1
858,Hakim,Nacer,Homme,1
859,Zouhair,Lamrani,Homme,2
860,Selma,Tougi,Femme,1
861,Yahya,Harrak,Homme,1
862,Abdelali,Zous,Homme,1
863,Amina,Zouitni,Femme,1
864,Sara,Zouria,Femme,2
865,Oumar,Gueye,Homme,2
866,Touria,Sbitri,Femme,2
867,Ahlam,Touijer,Femme,2
868,Adam,Hammoudi,Homme,2
869,Taha,Moujahid,Homme,2
870,Imad,Zout,Homme,1
871,Khalid,Bahi,Homme,1
872,Rabia,Touba,Femme,2
873,Chaymae,Cheikh,Femme,1
874,Meryem,Toufali,Femme,2
875,Fernando,Rodriguez,Homme,2
876,Khadija,Bout,Femme,2
877,Adil,Khaldoune,Homme,1
878,Nisrine,Samir,Femme,2
879,Tariq,Alami,Homme,1
880,Yaya,Konaté,Homme,1
881,Amin,Dahmani,Homme,1
882,Yamina,Boun,Femme,1
883,Jamila,Zouak,Femme,2
884,Naji,Touijer,Homme,1
885,Nadia,Adouiri,Femme,1
886,Abdelaziz,Touzy,Homme,1
887,Said,Zoubir,Homme,2
888,Nabil,Sbitri,Homme,1
889,Salah,Zouria,Homme,2
890,Sanaa,Touzani,Femme,1
891,Mohammed,Bouk,Homme,2
892,Moussa,Ouattara,Homme,2
893,Mustapha,Rahal,Homme,1
894,Mariam,Has,Femme,2
895,Rachid,Yousra,Homme,2
896,Farida,Rahmouni,Femme,2
897,Hafsa,Guennoun,Femme,1
898,Karima,El,Femme,1
899,Mbayang,Sarr,Femme,2
900,Samir,Oufkir,Homme,2
901,Reda,Moustaquin,Homme,1
902,Zouhair,Rguibi,Homme,2
903,Widad,El Boukili,Femme,1
904,Aicha,Ait,Femme,2
905,Reda,Dlimi,Homme,2
906,Rajae,Bour,Femme,2
907,Hatim,El Amrani,Homme,2
908,Basma,Radi,Femme,1
909,Khadija,Bouzoubaa,Femme,1
910,Kenza,Yassi,Femme,1
911,Mohamed,Bouk,Homme,1
912,Kenza,Har,Femme,1
913,Jihane,Slaoui,Femme,1
914,Mariam,Atou,Femme,2
915,Aziza,El Mandjra,Femme,1
916,Nadia,Hilal,Femme,1
917,Oussama,Kamil,Homme,1
918,Jamal,Bouaouina,Homme,2
919,Aziza,Zaid,Femme,2
920,Amal,Wardi,Femme,1
921,Ayman,Alami,Homme,2
922,Asma,Zniber,Femme,2
923,Hafsa,Assou,Femme,1
924,Ilham,Slaoui,Femme,2
925,Mehdi,Ham,Homme,1
926,Fatou,Traoré,Femme,1
927,Yamina,Yousra,Femme,2
928,Aziz,Had,Homme,1
929,Zouhair,Rais,Homme,1
930,Zahra,Rahmouni,Femme,1
931,Othmane,Benjelloun,Homme,2
932,Jamal,Touahri,Homme,2
933,Lotfi,Touijer,Homme,1
934,Bilal,Zouine,Homme,1
935,Maimouna,Ouattara,Femme,1
936,Camille,Brown,Femme,2
937,Ayoub,Azou,Homme,1
938,Kawtar,Ham,Femme,1
939,Hiba,Nacer,Femme,1
940,Mohammed,Ghomri,Homme,1
941,Mounia,Har,Femme,1
942,Nezha,Bout,Femme,1
943,Jamal,Mechbal,Homme,1
944,Abdessamad,Zouw,Homme,2
945,Ismail,Doukkali,Homme,1
946,Oussama,Sbaai,Homme,2
947,Ilyas,Ghomri,Homme,1
948,Taoufik,Tourabi,Femme,1
949,Ilham,El Ghalbi,Femme,1
950,Reda,Bouj,Homme,1
951,Anass,Moujahid,Homme,2
952,Mohamed,Zoumar,Homme,1
953,Adil,Sassi,Homme,2
954,Larbi,Boudra,Homme,2
955,Mahdi,Chaouni,Homme,2
956,Imane,Tijarti,Femme,1
957,Abdallah,Harrak,Homme,1
958,Monica,Schmidt,Femme,2
959,Chakib,Mechbal,Homme,1
960,Hamza,Zoukir,Homme,1
961,Yousra,Zoukh,Femme,1
962,Khalid,Rifi,Homme,2
963,Modou,Ouattara,Homme,1
964,Amadou,Fall,Homme,2
965,Asma,Bouzidi,Femme,1
966,Hind,Gharbaoui,Femme,2
967,Ingrid,Lopez,Femme,2
968,Rachida,Sefrioui,Femme,2
969,Zineb,Zouak,Femme,2
970,Chaymae,Sahraoui,Femme,1
971,Hafsa,Touz,Femme,2
972,Noureddine,Zoubir,Homme,2
973,Abdelhamid,Mernissi,Homme,1
974,Wafa,Khalil,Femme,1
975,Hajar,Alami,Femme,2
976,Fatou,Cissé,Femme,2
977,Mahmoud,Zouy,Homme,1
978,Paolo,Rodriguez,Homme,2
979,Yamina,Sassi,Femme,2
980,Tidiane,Keita,Homme,1
981,Chakib,Sebti,Homme,1
982,Hicham,Ouahbi,Homme,2
983,Kenza,Smahi,Femme,2
984,Wafa,Zouz,Femme,1
985,Mariama,Diaw,Femme,1
986,Pape,Konaté,Homme,2
987,Leila,Zouitni,Femme,1
988,Douaa,Bouaouina,Femme,2
989,Cheikh,Traoré,Homme,2
990,Zahra,Tazi,Femme,2
991,Salah,Rchid,Homme,2
992,Anass,Bour,Homme,2
993,Boutaina,Tazi,Femme,2
994,Laila,Zoux,Femme,2
995,Adam,Bouk,Homme,2
996,Hatim,Ouazzani,Homme,3
997,Alpha,Savané,Homme,3
998,Aya,Fassi,Femme,4
999,Salim,Tourabi,Homme,3
1000,Nafissatou,Sylla,Femme,4
1001,Safae,Zouitni,Femme,4
1002,Abdessamad,Othmani,Homme,3
1003,Abdou,Tazi,Homme,3
1004,Hatim,Sebti,Homme,3
1005,Habiba,Dlimi,Femme,3
1006,Noura,Ham,Femme,4
1007,Narjis,Touzy,Femme,3
1008,Paolo,Brown,Homme,3
1009,Touria,Smires,Femme,3
1010,Ihsane,Slaoui,Femme,4
1011,Selma,Houari,Femme,4
1012,Zahia,Sabri,Femme,4
1013,Chakib,Touzy,Homme,4
1014,Idriss,Zniber,Homme,3
1015,Mehdi,Zoupi,Homme,3
1016,Yasmina,El Filali,Femme,4
1017,Latifa,Belkhadir,Femme,4
1018,Walid,Ouassou,Homme,3
1019,Fatima,Rifi,Femme,4
1020,Ali,Oulhaj,Homme,4
1021,Tidiane,Sarr,Homme,3
1022,Bilal,Touz,Homme,3
1023,Javier,Conti,Homme,4
1024,Khadija,Zous,Femme,4
1025,Mbayang,Konaté,Femme,3
1026,Hatim,Touzz,Homme,3
1027,Moussa,Rjai,Homme,3
1028,Tidiane,Sow,Homme,3
1029,Chaymae,Tourabi,Femme,3
1030,Hanae,Wardi,Femme,3
1031,Ibrahim,Bouhout,Homme,3
1032,Marco,Laurent,Homme,4
1033,Ghita,Ouazzani,Femme,4
1034,Karima,Hassani,Femme,4
1035,Chaimae,Moussaoui,Femme,3
1036,Saadia,Chraibi,Femme,4
1037,Basma,Toumi,Femme,4
1038,Mustapha,Ouled,Homme,3
1039,Youssef,Idrissi,Homme,3
1040,Sabrina,Zouria,Femme,3
1041,Sanaa,Dahmani,Femme,4
1042,David,Schmidt,Homme,3
1043,Hatim,Dlimi,Homme,3
1044,Nafissatou,Diaw,Femme,4
1045,Nasser,El,Homme,4
1046,Abdelali,Bouazzaoui,Homme,4
1047,Rachid,Toufali,Homme,4
1048,Jihane,Smahi,Femme,4
1049,Soufiane,Amrani,Homme,3
1050,Ingrid,Brown,Femme,3
1051,Ali,Wahbi,Homme,3
1052,Driss,Loukili,Homme,3
1053,Khalida,Bouhout,Femme,4
1054,Said,Oulhaj,Homme,4
1055,Fayssal,Har,Homme,4
1056,Touria,Zoukir,Femme,4
1057,Maimouna,Konaté,Femme,3
1058,Kawtar,Zouak,Femme,4
1059,Driss,Bourkadi,Homme,3
1060,Yamina,Skalli,Femme,3
1061,Loubna,Touzani,Femme,4
1062,Halima,El Fassi,Femme,4
1063,Zouhair,Has,Homme,3
1064,Abdelhamid,El Yazidi,Homme,4
1065,Haj,Chemao,Homme,4
1066,Zahra,Oufkir,Femme,4
1067,Rabia,Zoumir,Femme,3
1068,Khalida,Othmani,Femme,3
1069,Rachida,Ouali,Femme,4
1070,Sofia,Wahbi,Femme,3
1071,Larbi,Wahbi,Homme,4
1072,Yousra,Touza,Femme,3
1073,Zakaria,Touzy,Homme,3
1074,Douaa,Salmi,Femme,3
1075,Mahamadou,Cissé,Homme,3
1076,Ilyas,Moussa,Homme,3
1077,Rokhaya,Camara,Femme,3
1078,Ahlam,Touz,Femme,3
1079,Selma,Rchid,Femme,3
1080,Hajar,Mouline,Femme,4
1081,Asma,Samir,Femme,4
1082,Abderrahmane,Naji,Homme,4
1083,Marco,Brown,Homme,3
1084,Zouhair,Khaldoune,Homme,4
1085,Abderrahmane,Tahri,Homme,3
1086,Sami,Ham,Homme,4
1087,Yacine,Idrissi,Homme,4
1088,Amin,Boul,Homme,4
1089,Abdelali,Sbitri,Homme,4
1090,Badr,Kharroubi,Homme,4
1091,Leila,Zoun,Femme,3
1092,Zohra,Hassani,Femme,4
1093,Ayman,Zouita,Homme,3
1094,Touria,Tahiri,Femme,4
1095,Nabila,El Fassi,Femme,3
1096,Boutaina,Fassi,Femme,3
1097,Boutaina,Kacem,Femme,3
1098,Halima,Hattab,Femme,4
1099,Fayssal,Boudra,Homme,4
1100,Oussama,Zouw,Homme,4
1101,Hassan,Jaouhari,Homme,3
1102,Khadija,Tazi,Femme,3
1103,Hanane,Rahal,Femme,3
1104,Kawtar,Touji,Femme,3
1105,Mehdi,Fennir,Homme,4
1106,Boutaina,Larbi,Femme,4
1107,Fernando,Bernard,Homme,3
1108,Mustapha,Touzani,Homme,3
1109,Larbi,Aroui,Homme,3
1110,Rania,Fennir,Femme,3
1111,Alexander,Martin,Homme,4
1112,Nasser,Zoumar,Homme,4
1113,Ihsane,Tourabi,Femme,4
1114,Sidi,Chraibi,Homme,3
1115,Sabrina,Daoudi,Femme,3
1116,Soufiane,Jabri,Homme,3
1117,Patrick,Rodriguez,Homme,4
1118,Younes,Amarir,Homme,3
1119,Laila,Benkirane,Femme,4
1120,Samir,Bouchentouf,Homme,3
1121,Pape,Kane,Homme,3
1122,Aliou,Diaw,Homme,4
1123,Tariq,Zouine,Homme,4
1124,Fatimazahra,El,Femme,3
1125,Sofia,Dubois,Femme,3
1126,Nadia,Yassi,Femme,3
1127,Jamal,Rahal,Homme,4
1128,Chaymae,Sakhi,Femme,4
1129,Omar,Zouzz,Homme,3
1130,Badr,Sassi,Homme,4
1131,Rokhaya,Cissé,Femme,3
1132,Mansour,Zouro,Homme,3
1133,Ahmed,Zouri,Homme,4
1134,Hind,Zouita,Femme,3
1135,Mansour,Zerouali,Homme,3
1136,Nabil,Laraki,Homme,4
1137,Céline,Moreau,Femme,4
1138,Yacine,Bouhout,Homme,3
1139,Othmane,Atou,Homme,4
1140,Abdou,Sefrioui,Homme,3
1141,Khadidiatou,Diaw,Femme,4
1142,Nabil,El Ghalbi,Homme,4
1143,Rokia,Habti,Femme,3
1144,Abdou,Kharroubi,Homme,4
1145,Rabia,Zerouali,Femme,3
1146,Idriss,Rmil,Homme,4
1147,Bilal,Oulad,Homme,4
1148,Widad,Zouhir,Femme,3
1149,Bintou,Kane,Femme,4
1150,Haj,Khaldoune,Homme,3
1151,Issa,Diallo,Homme,4
1152,Nafissatou,Touré,Femme,3
1153,Anass,Chafik,Homme,3
1154,Abdellah,Jaouhari,Homme,3
1155,Oumou,Cissé,Femme,4
1156,Abdoulaye,Konaté,Homme,4
1157,Wassim,Alaoui,Homme,3
1158,Rajae,Sbitri,Femme,4
1159,Larbi,El Ghazaoui,Homme,4
1160,Abdallah,Demnati,Homme,3
1161,Imane,Akka,Femme,3
1162,Zineb,Fennir,Femme,3
1163,Hamza,Hakimi,Homme,3
1164,Nasser,Sefrioui,Homme,4
1165,Anas,Nasser,Homme,3
1166,Abdessamad,Tlemsani,Homme,4
1167,Zohra,Chraibi,Femme,4
1168,Zahra,Madani,Femme,3
1169,Antoine,Jones,Homme,3
1170,Walid,Trimech,Homme,4
1171,Mehdi,Sefrioui,Homme,3
1172,Douaa,Zoun,Femme,3
1173,Malika,Tahiri,Femme,4
1174,Younes,Wahbi,Homme,3
1175,Idriss,Chraibi,Homme,3
1176,Douaa,Toumi,Femme,3
1177,Samira,Bouzidi,Femme,4
1178,Safae,Zoul,Femme,3
1179,Asma,El Fassi,Femme,3
1180,Leila,El Yazidi,Femme,4
1181,Zahia,Sbaai,Femme,3
1182,Stefan,Santos,Homme,4
1183,Touria,Bouzoubaa,Femme,3
1184,Kawtar,Bouchentouf,Femme,4
1185,Hassan,Touijer,Homme,3
1186,Julia,Dubois,Femme,4
1187,Mohamed,Moujahid,Homme,3
1188,Bouchra,Mouline,Femme,4
1189,Khadija,Slaoui,Femme,3
1190,Rania,Bennani,Femme,3
1191,Nasser,Adouiri,Homme,3
1192,Farid,Fennir,Homme,3
1193,Mbarek,Kacem,Homme,4
1194,Taoufik,Berrada,Femme,4
1195,Salim,Touzy,Homme,3
1196,Rania,Rahal,Femme,4
1197,Aziza,Cherkaoui,Femme,4
1198,Badr,Touzy,Homme,3
1199,Nora,Oulhaj,Femme,4
1200,Modou,Touré,Homme,4
1201,Mounia,Kamil,Femme,3
1202,Ismail,Chraibi,Homme,3
1203,Oussama,Moustaquin,Homme,4
1204,Asma,El Filali,Femme,3
1205,Mame,Ba,Femme,3
1206,Jamal,Habti,Homme,4
1207,Zakaria,Zouzz,Homme,4
1208,Houda,Touzy,Femme,3
1209,Mokhtar,Touzi,Homme,4
1210,Sophie,Schmidt,Femme,3
1211,Mahmoud,Houari,Homme,4
1212,Samir,Zouria,Homme,4
1213,Julia,Rodriguez,Femme,4
1214,Haj,Rguibi,Homme,3
1215,Adam,Touil,Homme,3
1216,Ilham,Dlimi,Femme,3
1217,Bouchra,Ouassou,Femme,3
1218,Rajae,Hattab,Femme,3
1219,Ikram,Benkirane,Femme,4
1220,Jean,Ricci,Homme,3
1221,Aliou,Konaté,Homme,3
1222,Salsabil,Azou,Femme,3
1223,Wafa,Smahi,Femme,3
1224,Nezha,Jebli,Femme,4
1225,Zouhair,Touzy,Homme,4
1226,Tariq,Har,Homme,4
1227,Sofia,Müller,Femme,3
1228,Michael,Bernard,Homme,4
1229,Marco,Wilson,Homme,3
1230,Naji,Touzani,Homme,4
1231,Selma,Sbitri,Femme,3
1232,Lucas,Rodriguez,Homme,3
1233,Farida,Gue,Femme,4
1234,Javier,Rodriguez,Homme,3
1235,Salma,Moustaquin,Femme,3
1236,Valérie,Müller,Femme,3
1237,Hamza,Nfissi,Homme,4
1238,Rokia,Khalil,Femme,4
1239,Cheikh,Diop,Homme,4
1240,Samira,El Khattabi,Femme,4
1241,Sanaa,El Mandjra,Femme,4
1242,Latifa,El Omari,Femme,3
1243,Ahlam,Hattab,Femme,3
1244,Mokhtar,Moustaquin,Homme,3
1245,Zineb,El Mandjra,Femme,4
1246,Zahra,Zerhouni,Femme,3
1247,Wassim,Tahri,Homme,4
1248,Isabelle,Conti,Femme,3
1249,Hajar,Khaldoune,Femme,3
1250,Haj,Touhi,Homme,4
1251,Ihsane,Tlemsani,Femme,4
1252,Zakaria,Benkirane,Homme,4
1253,Mbayang,Diaw,Femme,4
1254,Mansour,Sbitri,Homme,4
1255,Salah,Tazi,Homme,4
1256,Sami,Sefrioui,Homme,4
1257,Abdelhamid,Amarir,Homme,4
1258,Souleymane,Konaté,Homme,3
1259,Youssef,Atou,Homme,3
1260,Fouad,Rchidi,Homme,4
1261,Lina,Gharbaoui,Femme,3
1262,Aminata,Camara,Femme,4
1263,Pierre,Ricci,Homme,4
1264,Ayoub,Moustaquin,Homme,3
1265,Basma,Bourkadi,Femme,3
1266,Fadwa,El Khattabi,Femme,3
1267,Mina,Azou,Femme,4
1268,Yassine,Zoubir,Homme,3
1269,Marie,Lopez,Femme,3
1270,Zineb,Tabit,Femme,3
1271,Halima,Hakimi,Femme,4
1272,Fatimazahra,Rchidi,Femme,3
1273,Abdessamad,Kouachi,Homme,3
1274,Sofia,Rmil,Femme,3
1275,Imane,Zous,Femme,4
1276,Pape,Ba,Homme,3
1277,Yaya,Gueye,Homme,3
1278,Houda,El Khamsi,Femme,4
1279,Amal,Jebli,Femme,4
1280,Mahdi,Nfissi,Homme,3
1281,Yamina,Rmil,Femme,3
1282,Mariam,El Yousfi,Femme,3
1283,Hanae,Bennani,Femme,4
1284,Manal,Toufali,Femme,3
1285,Mounir,Bouhlal,Homme,3
1286,Amadou,Barry,Homme,4
1287,Karima,Sassi,Femme,3
1288,Asma,Touza,Femme,4
1289,Malika,Sebti,Femme,3
1290,Nabil,Touzi,Homme,4
1291,Abdoulaye,Diop,Homme,3
1292,Zineb,Rais,Femme,4
1293,Marwa,Abid,Femme,4
1294,Taoufik,Abid,Femme,4
1295,Samira,Jorio,Femme,3
1296,Rachida,Touzi,Femme,4
1297,Salim,Sbitri,Homme,3
1298,Yacine,Gueddari,Homme,3
1299,Salim,Kamil,Homme,4
1300,Cheikh,Ndiaye,Homme,4
1301,Ayoub,Yassi,Homme,4
1302,Boutaina,Toubi,Femme,3
1303,Noureddine,Akka,Homme,3
1304,Zineb,Zerouali,Femme,4
1305,Ibrahim,Tourabi,Homme,3
1306,Walid,Mabrouk,Homme,3
1307,Houssam,Bouzoubaa,Homme,4
1308,Lotfi,Zahri,Homme,4
1309,Rim,Hass,Femme,4
1310,Mahdi,Zoukir,Homme,3
1311,Mahdi,Touzi,Homme,4
1312,Loubna,Touzy,Femme,3
1313,Youssef,Toumi,Homme,4
1314,Oumou,Diaw,Femme,3
1315,Jamila,Amrani,Femme,4
1316,Chaymae,Mrani,Femme,4
1317,Issa,Diallo,Homme,4
1318,Rokia,Chafik,Femme,4
1319,Zineb,Lahlou,Femme,3
1320,Stefan,Wilson,Homme,3
1321,Leila,El Amrani,Femme,4
1322,Alpha,Barry,Homme,4
1323,Marie,Laurent,Femme,4
1324,Abdellah,Harrak,Homme,3
1325,Bouchra,Tahri,Femme,3
1326,Bintou,Touré,Femme,3
1327,Khalid,Fassi,Homme,4
1328,Ndeye,Ouattara,Femme,3
1329,Salsabil,Rjai,Femme,4
1330,Mahmoud,Rguibi,Homme,4
1331,Salim,Kacem,Homme,4
1332,Salma,Amrani,Femme,4
1333,Sami,Ait,Homme,3
1334,Abdallah,Rifi,Homme,4
1335,Lucas,Bernard,Homme,4
1336,Anas,Tazi,Homme,3
1337,Sidi,Jamil,Homme,3
1338,Nabila,Touimi,Femme,3
1339,Modou,Fall,Homme,4
1340,Bintou,Sarr,Femme,3
1341,Hanae,Ouazzani,Femme,4
1342,Moussa,Madani,Homme,3
1343,Younes,Moustaquin,Homme,4
1344,Adil,Slaoui,Homme,4
1345,Salah,Bouhout,Homme,3
1346,Mahamadou,Cissé,Homme,3
1347,Khalid,Kharroubi,Homme,3
1348,Hassan,Mechbal,Homme,3
1349,Habiba,Tlemsani,Femme,3
1350,Hiba,Ghomri,Femme,4
1351,Ibrahim,Zerouali,Homme,3
1352,Said,Zouqi,Homme,3
1353,Jamal,Maatoug,Homme,3
1354,Wafa,Zahir,Femme,3
1355,Taha,Zoubir,Homme,3
1356,Hamza,El Khattabi,Homme,4
1357,Rachida,Roudani,Femme,4
1358,Anna,Jones,Femme,4
1359,Ines,Moussa,Femme,4
1360,Karima,Oulad,Femme,4
1361,Safae,Qadiri,Femme,3
1362,Amina,Rahmouni,Femme,4
1363,Valérie,Simon,Femme,4
1364,Salma,Smahi,Femme,4
1365,Yamina,Dlimi,Femme,3
1366,Mohammed,El Yazidi,Homme,3
1367,Malika,Labrini,Femme,3
1368,Ayman,Mabrouk,Homme,4
1369,Abdallah,El Idrissi,Homme,4
1370,Naima,Hilal,Femme,3
1371,Mahdi,Sbaai,Homme,3
1372,Marouane,Rchid,Homme,3
1373,Oussama,Atou,Homme,3
1374,Zahra,Tijarti,Femme,4
1375,Douaa,Touz,Femme,3
1376,Omar,Touzani,Homme,4
1377,Lina,Hilal,Femme,3
1378,Sami,Touza,Homme,3
1379,Walid,Tazi,Homme,4
1380,Aicha,Dlimi,Femme,3
1381,Hiba,Bouzekri,Femme,3
1382,Aicha,Jaouhari,Femme,3
1383,Meryem,Zoux,Femme,4
1384,Nicolas,Müller,Homme,4
1385,Salma,El Hachimi,Femme,3
1386,Mokhtar,Toufi,Homme,4
1387,Jihane,Jorio,Femme,4
1388,Sophie,Lopez,Femme,4
1389,Nasser,Zoun,Homme,3
1390,Abdelkader,Kharroubi,Homme,4
1391,Javier,Andersson,Homme,3
1392,Yousra,Zoul,Femme,4
1393,Ilyas,Touzz,Homme,3
1394,Fayssal,Hammoudi,Homme,3
1395,Imad,Bouhmadi,Homme,3
1396,Fayssal,Joundy,Homme,3
1397,Zohra,Saih,Femme,4
1398,Cheikh,Konaté,Homme,4
1399,Yassine,Sahraoui,Homme,4
1400,Sofia,Zouria,Femme,4
1401,Ikram,Touzy,Femme,3
1402,Aziz,Zoux,Homme,3
1403,Sofia,Bouzidi,Femme,4
1404,Anas,Habti,Homme,4
1405,Khadija,Amarir,Femme,3
1406,Leila,Demnati,Femme,3
1407,Nora,Touba,Femme,4
1408,Fouad,Sefrioui,Homme,4
1409,Mamadou,Keita,Homme,3
1410,Mounia,Moussa,Femme,4
1411,Badr,Zaid,Homme,4
1412,Mustapha,Alami,Homme,3
1413,Mehdi,Gueddari,Homme,3
1414,Mina,Wahbi,Femme,3
1415,Mahdi,Zouita,Homme,3
1416,Ahlam,Zous,Femme,4
1417,Stefan,Lopez,Homme,4
1418,Abderrahmane,Lahlou,Homme,3
1419,Soufiane,Hassani,Homme,4
1420,Zara,Boudra,Femme,4
1421,Douaa,Niama,Femme,4
1422,Tariq,Kamil,Homme,4
1423,Sofia,Brown,Femme,4
1424,Nabila,Ait,Femme,4
1425,Naima,Toumi,Femme,4
1426,Zakaria,Yousra,Homme,4
1427,Sofia,Simon,Femme,4
1428,Ingrid,Brown,Femme,3
1429,Mansour,Kacem,Homme,4
1430,Karim,Toumi,Homme,3
1431,Oumar,Diop,Homme,4
1432,Aissatou,Barry,Femme,3
1433,Jamila,Bouhmadi,Femme,3
1434,Ines,Zouy,Femme,3
1435,Noureddine,Sbitri,Homme,4
1436,Hanae,Zouz,Femme,4
1437,Ingrid,Fernandez,Femme,4
1438,Ines,Zoubir,Femme,4
1439,Amine,Sakhi,Homme,4
1440,Hamza,Tlemsani,Homme,3
1441,Nafissatou,Touré,Femme,3
1442,Latifa,Had,Femme,3
1443,Othmane,Kouachi,Homme,4
1444,Latifa,El Yazidi,Femme,3
1445,Haj,Larbi,Homme,4
1446,Bouchra,Zoumir,Femme,4
1447,Modou,Keita,Homme,4
1448,Bilal,Bouaouina,Homme,4
1449,Narjis,Har,Femme,4
1450,Mahdi,Sabi,Homme,4
1451,Mokhtar,Sefiani,Homme,4
1452,Mokhtar,Bouzidi,Homme,4
1453,Mustapha,Moussa,Homme,3
1454,Salim,Mansouri,Homme,3
1455,Narjis,Benjelloun,Femme,4
1456,Touria,El Yacoubi,Femme,4
1457,Ahmed,Toumi,Homme,3
1458,Abdou,Sebti,Homme,4
1459,Houda,Larbi,Femme,3
1460,Zara,Alaoui,Femme,4
1461,Zineb,Bouhmadi,Femme,4
1462,Narjis,Oulad,Femme,4
1463,Aicha,Daoudi,Femme,4
1464,Salah,Hilal,Homme,4
1465,Ikram,El Ghalbi,Femme,4
1466,Aziza,El Omari,Femme,4
1467,Sabrina,Baraka,Femme,3
1468,Farid,Smahi,Homme,4
1469,Salma,Tijarti,Femme,4
1470,Rayan,Bout,Homme,4
1471,Oumou,Diop,Femme,3
1472,Habiba,Fassi,Femme,4
1473,Fadwa,Sassi,Femme,4
1474,Lotfi,Boua,Homme,4
1475,Omar,Zerhouni,Homme,4
1476,Taoufik,El Ghazaoui,Femme,4
1477,Manal,Slaoui,Femme,4
1478,Driss,Gueddari,Homme,3
1479,Kamil,Naji,Homme,3
1480,Moussa,Toufali,Homme,4
1481,Soukaina,El Mandjra,Femme,4
1482,Julia,Rodriguez,Femme,4
1483,Rida,Ziyat,Homme,3
1484,Sami,Zouitni,Homme,3
1485,Mounia,Kamil,Femme,4
1486,Boubacar,Gueye,Homme,4
1487,Rania,Azou,Femme,4
1488,Abdou,Oukacha,Homme,3
1489,Soukaina,Zniber,Femme,3
1490,Adam,Salem,Homme,4
1491,Nafissatou,Coulibaly,Femme,3
1492,Mamadou,Sarr,Homme,4
1493,Anass,Ouali,Homme,3
1494,Zara,El Ghazaoui,Femme,4
1495,Abdessamad,Moujahid,Homme,4
1496,Karima,Moujahid,Femme,4
1497,Zohra,El Fahime,Femme,4
1498,Patrick,Brown,Homme,3
1499,Aminata,Touré,Femme,4
1500,Rachida,Bous,Femme,3
1501,Mustapha,Touz,Homme,4
1502,Selma,El Khattabi,Femme,4
1503,Sami,Zouita,Homme,4
1504,Serigne,Diaw,Homme,3
1505,Zouhair,Khaldoune,Homme,4
1506,Yacine,Hilal,Homme,4
1507,Taoufik,Khalil,Femme,4
1508,Naji,Kacem,Homme,4
1509,Ayman,Amarir,Homme,3
1510,Ilyas,Tazi,Homme,3
1511,Zahra,El,Femme,4
1512,Aziza,Naciri,Femme,4
1513,Abdelaziz,Zouine,Homme,4
1514,Noureddine,Qadiri,Homme,3
1515,Zahra,Labrini,Femme,3
1516,Selma,Smahi,Femme,4
1517,Youssef,Gueddari,Homme,4
1518,Nicolas,Rodriguez,Homme,3
1519,Zahra,Slaoui,Femme,3
1520,Yacine,Toumi,Homme,3
1521,Stefan,Schmidt,Homme,4
1522,Zahia,El Khamsi,Femme,4
1523,Javier,Brown,Homme,3
1524,Habiba,Zouine,Femme,3
1525,Widad,Zouhir,Femme,3
1526,Farid,Tourabi,Homme,3
1527,Fatima,Touba,Femme,4
1528,Antoine,Fernandez,Homme,4
1529,Nabila,Iraqi,Femme,4
1530,Kawtar,El,Femme,4
1531,Oumar,Savané,Homme,4
1532,Oumou,Sow,Femme,3
1533,Rida,Smahi,Homme,3
1534,Mounir,Maatoug,Homme,4
1535,Reda,Othmani,Homme,4
1536,Nathalie,Rossi,Femme,3
1537,Marwa,Kacem,Femme,4
1538,Hanane,Oujdi,Femme,3
1539,Omar,Bennani,Homme,3
1540,Sophie,Johansson,Femme,3
1541,Imane,El Filali,Femme,3
1542,Abdelali,Zouak,Homme,4
1543,Fatimazahra,Touimi,Femme,3
1544,Yahya,Rjai,Homme,3
1545,Fayssal,Laraki,Homme,4
1546,David,Rodriguez,Homme,4
1547,Zouhair,Touzi,Homme,3
1548,Latifa,Touba,Femme,3
1549,Mahmoud,El Amrani,Homme,3
1550,Karim,Trimech,Homme,4
1551,Larbi,Rifi,Homme,4
1552,Mounir,Zouz,Homme,3
1553,Hayat,Ouissaden,Femme,3
1554,Zakaria,Touhi,Homme,4
1555,Chaimae,Touzi,Femme,4
1556,Nora,Tlemsani,Femme,4
1557,Taha,Sabri,Homme,4
1558,Walid,Saadi,Homme,3
1559,Yamina,Zouhir,Femme,3
1560,Yasmina,Moujahid,Femme,3
1561,Ismail,Tougi,Homme,3
1562,Ines,El Yousfi,Femme,3
1563,Zahra,Zerouali,Femme,3
1564,Yahya,Bouj,Homme,3
1565,Adil,Touahri,Homme,3
1566,Ndeye,Barry,Femme,3
1567,Touria,Bouzekri,Femme,4
1568,Kamil,Touzy,Homme,3
1569,Hayat,Tazi,Femme,3
1570,Narjis,Zoubir,Femme,4
1571,Oumar,Ouattara,Homme,3
1572,Driss,Ham,Homme,4
1573,Fatima,Saih,Femme,3
1574,Sara,Ouled,Femme,4
1575,Idriss,Hassani,Homme,3
1576,Chaimae,Tahri,Femme,4
1577,Omar,Belkhadir,Homme,4
1578,Boutaina,Mabrouk,Femme,3
1579,Rachida,Tourabi,Femme,4
1580,Larbi,Hattab,Homme,4
1581,Abdelhamid,Bouzekri,Homme,4
1582,Yamina,Zouy,Femme,4
1583,Amal,Zerhouni,Femme,4
1584,Zara,Zouine,Femme,4
1585,Taha,Alaoui,Homme,3
1586,Haj,Kharroubi,Homme,4
1587,Mina,Touzz,Femme,3
1588,Taoufik,Wardi,Femme,4
1589,Jamila,El Yacoubi,Femme,4
1590,Bilal,Radi,Homme,3
1591,Naji,Ouassou,Homme,4
1592,Meryem,Khalil,Femme,4
1593,Yassine,Lahcen,Homme,4
1594,Halima,Bouaouina,Femme,4
1595,Marwa,Joundy,Femme,4
1596,Fatimazahra,Touil,Femme,3
1597,Malika,Ouali,Femme,4
1598,Mohamed,Zout,Homme,4
1599,Anass,Akka,Homme,3
1600,Aissatou,Coulibaly,Femme,3
1601,Narjis,Zouine,Femme,4
1602,Noureddine,Hammoudi,Homme,3
1603,Aziza,Trimech,Femme,3
1604,Rachida,Zouhir,Femme,4
1605,Khalida,Bour,Femme,3
1606,Selma,Ouassou,Femme,4
1607,Zara,Has,Femme,4
1608,Mustapha,Mabrouk,Homme,3
1609,Mahamadou,Diop,Homme,4
1610,Aicha,Zoubir,Femme,4
1611,Ibrahim,Sylla,Homme,4
1612,Jean,Müller,Homme,4
1613,Widad,Nouaman,Femme,4
1614,Kader,Sylla,Homme,3
1615,Kenza,El Khattabi,Femme,3
1616,Abdelaziz,Maatoug,Homme,3
1617,Chaimae,Chaouni,Femme,3
1618,Amina,Bourkadi,Femme,3
1619,Nezha,Oukacha,Femme,3
1620,Meryem,Oulhaj,Femme,3
1621,Hakim,Kouachi,Homme,4
1622,Oumou,Kane,Femme,3
1623,Walid,Sahraoui,Homme,3
1624,Javier,Garcia,Homme,4
1625,Rachid,Madani,Homme,3
1626,Rida,Rahal,Homme,4
1627,Ayman,Moussa,Homme,4
1628,Paolo,Brown,Homme,3
1629,Kadija,Kane,Femme,3
1630,Adil,Rmil,Homme,4
1631,Abdallah,Zouine,Homme,3
1632,Marie,Wilson,Femme,3
1633,Mame,Diallo,Femme,4
1634,Said,Has,Homme,3
1635,Noureddine,El Hachimi,Homme,3
1636,Paolo,Silva,Homme,3
1637,Céline,Müller,Femme,4
1638,Carmen,Ricci,Femme,4
1639,Younes,Assou,Homme,3
1640,Zohra,Mabrouk,Femme,4
1641,Zakaria,Labrini,Homme,4
1642,Sofia,Bahi,Femme,4
1643,Mustapha,Smahi,Homme,3
1644,Laila,El Fassi,Femme,4
1645,Michael,Martin,Homme,4
1646,Sokhna,Cissé,Femme,4
1647,Nora,Mernissi,Femme,3
1648,Ibrahim,Mechbal,Homme,4
1649,Touria,Lahcen,Femme,4
1650,Nabila,Zouro,Femme,4
1651,Anas,Sbaai,Homme,3
1652,Ikram,Salem,Femme,4
1653,Mehdi,Sefrioui,Homme,4
1654,Hajar,El Yousfi,Femme,4
1655,Sophie,Santos,Femme,3
1656,Nabila,Zoupi,Femme,4
1657,Fatima,Zoukh,Femme,4
1658,Mamadou,Ba,Homme,3
1659,Hatim,El Ghalbi,Homme,3
1660,Antoine,Lopez,Homme,3
1661,Reda,Bahi,Homme,4
1662,Aicha,Rchid,Femme,4
1663,Hanae,Moujahid,Femme,4
1664,Adil,Zahir,Homme,3
1665,Hassan,Houari,Homme,3
1666,Manal,Bouk,Femme,3
1667,Salsabil,Moussaoui,Femme,4
1668,Said,Dahmani,Homme,3
1669,Abdelkader,Niama,Homme,4
1670,Yasmina,Rifi,Femme,3
1671,Mahdi,Zoupi,Homme,3
1672,Yousra,Smahi,Femme,4
1673,Zakaria,Benjelloun,Homme,4
1674,Amin,Zouhir,Homme,3
1675,Fatima,Chaouni,Femme,4
1676,Abdelali,Mabrouk,Homme,3
1677,Fatima,Bour,Femme,4
1678,Badr,Skalli,Homme,3
1679,Hassan,Bouzekri,Homme,3
1680,Narjis,Sbaai,Femme,3
1681,Amine,El Khamsi,Homme,3
1682,Nabil,Rchid,Homme,4
1683,Cheikh,Coulibaly,Homme,3
1684,Hamza,Tazi,Homme,3
1685,Yasmina,Touzi,Femme,3
1686,Yaya,Sow,Homme,3
1687,Basma,Ziyat,Femme,4
1688,Marie,Dubois,Femme,3
1689,Fernando,Rossi,Homme,3
1690,Hatim,Nfissi,Homme,4
1691,Laila,Touza,Femme,3
1692,Youssef,Zouy,Homme,3
1693,Ayman,Zerouali,Homme,3
1694,Hiba,Zoun,Femme,3
1695,Maimouna,Konaté,Femme,3
1696,Kamil,Bouhmadi,Homme,3
1697,Aicha,Rchidi,Femme,4
1698,Badr,Zouzz,Homme,4
1699,Alpha,Sylla,Homme,4
1700,Bouchra,Chaouni,Femme,3
1701,Abdelali,Zoubir,Homme,3
1702,Fayssal,Touzy,Homme,4
1703,Lotfi,Zoun,Homme,4
1704,Mohamed,Touza,Homme,4
1705,Oumar,Traoré,Homme,4
1706,Rim,Nasser,Femme,4
1707,Yassine,Cheikh,Homme,3
1708,Dounia,Zerhouni,Femme,4
1709,Rajae,Doukkali,Femme,3
1710,Hakim,Slaoui,Homme,3
1711,Touria,El Omari,Femme,4
1712,Yousra,Zoukir,Femme,3
1713,Younes,Zouitni,Homme,3
1714,Paolo,Rossi,Homme,3
1715,Boutaina,Alami,Femme,3
1716,Salim,Amarir,Homme,3
1717,Ibrahim,Kane,Homme,4
1718,Douaa,Kettani,Femme,4
1719,Hajar,Larbi,Femme,3
1720,Manal,Touzz,Femme,3
1721,Leila,Bouhlal,Femme,4
1722,Khadija,Fennir,Femme,4
1723,Oussama,Touzani,Homme,3
1724,Farida,Salmi,Femme,4
1725,Naji,Boudra,Homme,3
1726,Mahmoud,Demnati,Homme,4
1727,Rokia,Zouhir,Femme,3
1728,Chakib,Larbi,Homme,3
1729,Abdelaziz,Bouj,Homme,4
1730,Aissatou,Camara,Femme,3
1731,Rim,Zouqi,Femme,3
1732,Badr,Har,Homme,3
1733,Samir,Ziyat,Homme,3
1734,Othmane,Zout,Homme,3
1735,Aya,Tourabi,Femme,3
1736,Fouad,Zerhouni,Homme,4
1737,Khadija,Touahri,Femme,3
1738,Hanane,Zoumir,Femme,3
1739,Yousra,Joundy,Femme,4
1740,Manal,Zouz,Femme,4
1741,Younes,Bouzekri,Homme,4
1742,Soukaina,Bous,Femme,4
1743,Zahra,Jaouhari,Femme,4
1744,Abdelkader,Mechbal,Homme,3
1745,Fayssal,Rjai,Homme,3
1746,Nora,Kamil,Femme,4
1747,Imane,Ouissaden,Femme,4
1748,Noureddine,Doukkali,Homme,4
1749,Abdelhamid,Dahmani,Homme,3
1750,Salah,Touijer,Homme,3
1751,Marouane,Boul,Homme,4
1752,Nezha,Hammoudi,Femme,4
1753,Fatou,Kane,Femme,4
1754,Bilal,El Khattabi,Homme,4
1755,Alexander,Laurent,Homme,3
1756,Douaa,Chrigui,Femme,3
1757,Lucas,Fernandez,Homme,3
1758,Selma,El Yacoubi,Femme,3
1759,Rachid,El Filali,Homme,4
1760,Fatimazahra,Tazi,Femme,3
1761,Zohra,Boudra,Femme,3
1762,Mohammed,Sbitri,Homme,3
1763,Badr,Madani,Homme,4
1764,Badr,Kharroubi,Homme,3
1765,Amal,Hammoudi,Femme,3
1766,Samira,Zoubir,Femme,4
1767,Siham,Dah,Femme,4
1768,Adam,Ghomri,Homme,3
1769,Rim,Oulad,Femme,3
1770,Bilal,Gue,Homme,3
1771,Rayan,Karam,Homme,3
1772,Daniel,Wilson,Homme,3
1773,Mahamadou,Coulibaly,Homme,3
1774,Hakim,Mernissi,Homme,4
1775,Hanane,Yousra,Femme,3
1776,Ali,Salmi,Homme,3
1777,Houssam,Bouchentouf,Homme,4
1778,Ali,Mouline,Homme,4
1779,Idriss,Wahbi,Homme,4
1780,Fayssal,Zoukh,Homme,4
1781,Soukaina,Zouro,Femme,4
1782,Hakim,Oulad,Homme,4
1783,Camille,Simon,Femme,4
1784,Boubacar,Diallo,Homme,4
1785,Fatima,Ait,Femme,3
1786,Badr,Iraqi,Homme,3
1787,Hayat,Bour,Femme,3
1788,Yamina,Hammoudi,Femme,4
1789,Hiba,Mechbal,Femme,3
1790,Fatima,Zaid,Femme,3
1791,Daniel,Rossi,Homme,4
1792,Rabia,Gharbaoui,Femme,3
1793,Widad,Mrani,Femme,3
1794,Mahmoud,Tabit,Homme,3
1795,Abdallah,Zoukir,Homme,4
1796,Adil,Azou,Homme,3
1797,Basma,Touzani,Femme,4
1798,Reda,Fassi,Homme,4
1799,Aziza,Zouw,Femme,4
1800,Ali,Habti,Homme,4
1801,Younes,Hammoudi,Homme,4
1802,Driss,Belkhadir,Homme,4
1803,Sira,Diallo,Femme,4
1804,Boutaina,Tabit,Femme,3
1805,Nezha,Moustaquin,Femme,3
1806,Valérie,Dubois,Femme,4
1807,Rajae,Kacem,Femme,3
1808,Rajae,Skalli,Femme,3
1809,Wassim,El Moutaouakil,Homme,3
1810,Younes,Abid,Homme,3
1811,Habiba,Tabit,Femme,4
1812,Leila,Sbaai,Femme,4
1813,Zahia,Nasser,Femme,3
1814,Kawtar,Fennir,Femme,3
1815,Ilham,Zouqi,Femme,4
1816,Manal,Jaouhari,Femme,4
1817,Marie,Bernard,Femme,3
1818,Ingrid,Dupont,Femme,3
1819,Amin,Rahal,Homme,3
1820,Rania,Kouachi,Femme,3
1821,Sara,Har,Femme,4
1822,Taoufik,Mansouri,Femme,4
1823,Rachida,Nouaman,Femme,4
1824,Mbarek,Assou,Homme,4
1825,Karim,Cherkaoui,Homme,3
1826,Claire,Conti,Femme,4
1827,Houssam,Zourk,Homme,3
1828,Touria,Had,Femme,3
1829,Zakaria,Zerouali,Homme,4
1830,Patricia,Moreau,Femme,4
1831,Taha,Akka,Homme,3
1832,Zara,Bouchentouf,Femme,4
1833,Rachida,Said,Femme,3
1834,Farid,Boudra,Homme,3
1835,Amine,Bennani,Homme,4
1836,Samir,El Fahime,Homme,3
1837,Douaa,Idrissi,Femme,3
1838,Rabia,Oukacha,Femme,4
1839,Rayan,Zoubir,Homme,4
1840,Asma,Touzy,Femme,4
1841,Hamza,Touzz,Homme,4
1842,Soukaina,Demnati,Femme,3
1843,Hind,Moussa,Femme,4
1844,Ilham,Loukili,Femme,4
1845,Manal,Bourkadi,Femme,4
1846,Sofia,Conti,Femme,3
1847,Kadija,Gueye,Femme,3
1848,Imad,Bourkadi,Homme,4
1849,Sara,Nasser,Femme,3
1850,Asma,Bout,Femme,4
1851,Aicha,El Mrabet,Femme,4
1852,Khalida,Larbi,Femme,3
1853,Laura,Dupont,Femme,4
1854,Ines,Touijer,Femme,3
1855,Driss,Sefrioui,Homme,3
1856,Abdallah,Kettani,Homme,4
1857,Aliou,Coulibaly,Homme,4
1858,Ghita,El Amrani,Femme,4
1859,Sofia,Touba,Femme,4
1860,Said,Bour,Homme,4
1861,Fayssal,Toufi,Homme,3
1862,Aya,Trimech,Femme,4
1863,Julia,Johansson,Femme,3
1864,Abdelali,Zouine,Homme,3
1865,Adam,Slaoui,Homme,4
1866,Nabila,Tlemsani,Femme,3
1867,Yaya,Kane,Homme,3
1868,Yousra,Zouz,Femme,3
1869,Hiba,Zouz,Femme,3
1870,Hafsa,Chraibi,Femme,3
1871,Touria,Habti,Femme,4
1872,Salma,Yousra,Femme,3
1873,Aziza,Zniber,Femme,4
1874,Reda,Wardi,Homme,4
1875,Amine,Hass,Homme,4
1876,Soukaina,Kacem,Femme,4
1877,Lotfi,Bour,Homme,3
1878,Mounia,Hammoudi,Femme,3
1879,Rayan,Bouzoubaa,Homme,3
1880,Reda,Lahcen,Homme,4
1881,Nezha,Dahmani,Femme,3
1882,Khalid,El,Homme,4
1883,Zahra,Nfissi,Femme,3
1884,Samir,El Yousfi,Homme,3
1885,Nora,Zouak,Femme,3
1886,Nabila,Boun,Femme,4
1887,Safia,Oulhaj,Femme,4
1888,Mounia,Salem,Femme,4
1889,Fatima,Kacem,Femme,4
1890,Douaa,Zoubir,Femme,3
1891,Mohamed,Nouaman,Homme,4
1892,Siham,Moujahid,Femme,4
1893,Safae,Zouita,Femme,4
1894,Elena,Brown,Femme,3
1895,Fadwa,Moussaoui,Femme,4
1896,Ibrahim,Samir,Homme,4
1897,Rachid,Lahlou,Homme,4
1898,Ibrahim,Fall,Homme,3
1899,Imane,Doukkali,Femme,4
1900,Fernando,Garcia,Homme,3
1901,Naji,Zouhair,Homme,3
1902,Mounir,Akka,Homme,4
1903,Nafissatou,Ba,Femme,3
1904,Boutaina,Tabit,Femme,4
1905,Loubna,Lahcen,Femme,3
1906,Kenza,Sahraoui,Femme,3
1907,Amine,Ouahbi,Homme,4
1908,Douaa,Zouri,Femme,4
1909,Zouhair,Rguibi,Homme,4
1910,Marouane,Maatoug,Homme,3
1911,Amadou,Sylla,Homme,4
1912,Yahya,Jabri,Homme,3
1913,Marie,Silva,Femme,4
1914,Anas,Bouchentouf,Homme,4
1915,Adil,Touzy,Homme,4
1916,Fouad,Zaid,Homme,3
1917,Oussama,Had,Homme,3
1918,Kamil,Touhi,Homme,3
1919,Hatim,Berrada,Homme,3
1920,Miguel,Wilson,Homme,4
1921,Abdou,Zouri,Homme,4
1922,Abdelkader,Zouw,Homme,4
1923,Zahra,Touil,Femme,3
1924,Modou,Sylla,Homme,4
1925,Zahra,Moussaoui,Femme,4
1926,Soukaina,Yousra,Femme,3
1927,Abderrahmane,Khalil,Homme,4
1928,Kadija,Keita,Femme,4
1929,Ilham,Zouqi,Femme,3
1930,Julia,Jones,Femme,4
1931,Aicha,Ham,Femme,4
1932,Sami,Zoubir,Homme,3
1933,Sofia,Lamrani,Femme,4
1934,Abdou,Smahi,Homme,3
1935,Kawtar,Chraibi,Femme,4
1936,Youssef,Sefrioui,Homme,3
1937,Mamadou,Sarr,Homme,3
1938,Youssef,Ghomri,Homme,3
1939,Hamza,Niama,Homme,4
1940,Jamila,Rguibi,Femme,4
1941,Taoufik,Toufi,Femme,4
1942,Malika,Daoudi,Femme,3
1943,Tariq,Bouzekri,Homme,4
1944,Taha,Zouine,Homme,4
1945,Imane,Sefrioui,Femme,3
1946,Chakib,El Mandjra,Homme,3
1947,Boutaina,Nouaman,Femme,4
1948,Mansour,Zouine,Homme,3
1949,Marwa,Alami,Femme,3
1950,Imad,Zerouali,Homme,3
1951,Jamila,Boun,Femme,4
1952,Abdallah,Jebli,Homme,4
1953,Jean,Martin,Homme,3
1954,Zara,Zoubir,Femme,3
1955,Badr,Salmi,Homme,3
1956,Ismail,Oujdi,Homme,3
1957,Abdelaziz,Azou,Homme,3
1958,Fayssal,Fassi,Homme,3
1959,Zineb,Touza,Femme,4
1960,Loubna,Rohi,Femme,3
1961,Salsabil,Sbaai,Femme,4
1962,Taoufik,Kacem,Femme,4
1963,Mounia,Boua,Femme,4
1964,Driss,Oujdi,Homme,3
1965,Hanae,Madani,Femme,3
1966,Narjis,El Idrissi,Femme,4
1967,Salma,Zahir,Femme,3
1968,Karim,Trimech,Homme,4
1969,Serigne,Ndiaye,Homme,4
1970,Samir,El Yousfi,Homme,4
1971,Zahia,Tlemsani,Femme,4
1972,Douaa,Kamil,Femme,3
1973,Ines,Boul,Femme,4
1974,Noura,Jaouhari,Femme,3
1975,Hicham,El Hachimi,Homme,4
1976,Houda,Belkhadir,Femme,4
1977,Said,Touz,Homme,3
1978,Anass,Oulhaj,Homme,3
1979,Mariama,Kane,Femme,4
1980,Wafa,El Mandjra,Femme,3
1981,Saadia,Touza,Femme,4
1982,Ismail,Zerouali,Homme,4
1983,Zahra,Hattab,Femme,4
1984,Céline,Johansson,Femme,3
1985,Nora,Tlemsani,Femme,4
1986,Chaimae,Habti,Femme,4
1987,Sophie,Müller,Femme,3
1988,Hiba,Bourkadi,Femme,3
1989,Zakaria,Oujdi,Homme,3
1990,Youssef,Akka,Homme,3
1991,Mahamadou,Konaté,Homme,3
1992,Lotfi,El Mrabet,Homme,4
1993,Hayat,Zaid,Femme,4
1994,Chaymae,Tahiri,Femme,4
1995,Ilham,Ait,Femme,4
1996,Youssef,Chemao,Homme,3
1997,Modou,Ndiaye,Homme,3
1998,Zahia,Sbitri,Femme,4
1999,Amine,Benkirane,Homme,4
2000,Taoufik,Ham,Femme,3
2001,Taha,Bout,Homme,16
2002,Sofia,Zoubir,Femme,10
2003,Yasmina,Slaoui,Femme,6
2004,Zineb,Ziyat,Femme,10
2005,Zohra,Touz,Femme,11
2006,Aicha,Sahraoui,Femme,16
2007,Patricia,Lopez,Femme,11
2008,Yassine,Atou,Homme,6
2009,Younes,Rmil,Homme,5
2010,Patricia,Laurent,Femme,6
2011,Salah,Oulad,Homme,5
2012,Khalid,Boun,Homme,5
2013,Abdelhamid,Touzy,Homme,15
2014,Nadia,Hassani,Femme,6
2015,Mamadou,Keita,Homme,6
2016,Khadija,Tabit,Femme,11
2017,Loubna,Touhi,Femme,5
2018,Amina,Rais,Femme,11
2019,Youssef,Tlemsani,Homme,15
2020,Badr,Dlimi,Homme,5
2021,Houssam,Touji,Homme,5
2022,Karim,Hassani,Homme,16
2023,Kamil,Kacem,Homme,11
2024,Fayssal,Touzy,Homme,10
2025,Youssef,Zoul,Homme,11
2026,Yacine,Bout,Homme,16
2027,Naima,Gue,Femme,6
2028,Houda,Adouiri,Femme,11
2029,Laura,Dubois,Femme,16
2030,Marouane,Zoubir,Homme,15
2031,Adam,Rmil,Homme,6
2032,Ikram,Zoux,Femme,10
2033,Abdou,Lahcen,Homme,16
2034,Salah,Smahi,Homme,11
2035,Zineb,Bouz,Femme,16
2036,Fayssal,Zoukh,Homme,15
2037,Lotfi,Zouine,Homme,5
2038,Othmane,El Ghalbi,Homme,10
2039,Abdessamad,Kouachi,Homme,5
2040,Chaymae,Zouine,Femme,10
2041,Hajar,Touba,Femme,10
2042,Valérie,Fernandez,Femme,11
2043,Mahmoud,Ouassou,Homme,6
2044,Jihane,Soussi,Femme,15
2045,Naima,Sefrioui,Femme,15
2046,Ali,Houari,Homme,5
2047,Kader,Cissé,Homme,11
2048,Wassim,Oulad,Homme,16
2049,Ismail,Zniber,Homme,5
2050,Mbayang,Sylla,Femme,16
2051,Nezha,Bouchentouf,Femme,5
2052,Salsabil,Rais,Femme,5
2053,Jean,Lopez,Homme,15
2054,Isabelle,Silva,Femme,10
2055,Aziz,Kacem,Homme,10
2056,Sokhna,Diop,Femme,15
2057,Nora,Zouak,Femme,6
2058,Mahamadou,Cissé,Homme,11
2059,Céline,Simon,Femme,5
2060,Abdelkader,Boudra,Homme,16
2061,Sofia,Slaoui,Femme,10
2062,Rida,Samir,Homme,16
2063,Naima,Bouzekri,Femme,15
2064,Pape,Touré,Homme,5
2065,Ahmed,Bouhout,Homme,5
2066,Reda,Qadiri,Homme,10
2067,Hanane,Tabit,Femme,10
2068,Rim,Toubi,Femme,5
2069,Rabia,Hammoudi,Femme,10
2070,Abdallah,Ham,Homme,6
2071,Nathalie,Garcia,Femme,6
2072,Zahra,Akka,Femme,10
2073,Othmane,Zouak,Homme,11
2074,Miguel,Jones,Homme,15
2075,Khadija,Bouk,Femme,11
2076,Fadwa,Bouzekri,Femme,5
2077,Reda,Tabit,Homme,6
2078,Sanaa,Lamrani,Femme,6
2079,Jamal,Jamil,Homme,11
2080,Rida,Bouk,Homme,10
2081,Younes,Aroui,Homme,5
2082,Thomas,Bernard,Homme,16
2083,Oussama,Tourabi,Homme,15
2084,Abdelhamid,Ouali,Homme,6
2085,Rachid,Rifi,Homme,16
2086,Houssam,Smahi,Homme,10
2087,Kader,Diaw,Homme,5
2088,Imane,Othmani,Femme,5
2089,Jihane,Sebti,Femme,11
2090,Douaa,Bous,Femme,5
2091,Moussa,Ouattara,Homme,10
2092,Mohammed,Zerhouni,Homme,6
2093,Tariq,Zerhouni,Homme,6
2094,Moussa,Naji,Homme,11
2095,Mahdi,Tazi,Homme,5
2096,Jihane,Qadiri,Femme,10
2097,Rayan,Demnati,Homme,11
2098,Abdelhamid,Bouj,Homme,11
2099,Sokhna,Sylla,Femme,16
2100,Badr,Ouali,Homme,5
2101,Aziz,Khalil,Homme,15
2102,Loubna,Hattab,Femme,5
2103,Taha,Benkirane,Homme,15
2104,Dounia,Zout,Femme,5
2105,Youssef,Mrani,Homme,5
2106,Yaya,Traoré,Homme,16
2107,Jamila,Sbaai,Femme,11
2108,Driss,Oulhaj,Homme,15
2109,Hanane,El Ghazaoui,Femme,16
2110,Patrick,Schmidt,Homme,10
2111,Zahra,Sbitri,Femme,15
2112,Aminata,Kane,Femme,5
2113,Mohammed,Toumi,Homme,15
2114,Mehdi,Tougi,Homme,15
2115,Sophie,Dupont,Femme,5
2116,Hicham,Tazi,Homme,10
2117,Zahra,Tougi,Femme,10
2118,Othmane,Zouw,Homme,6
2119,Zineb,Boua,Femme,6
2120,Zohra,Mansouri,Femme,10
2121,Habiba,El Fassi,Femme,15
2122,Jamal,Ouali,Homme,5
2123,Khadija,Zoubir,Femme,16
2124,Omar,Sahraoui,Homme,15
2125,Nadia,Joundy,Femme,5
2126,Amina,Mabrouk,Femme,5
2127,Zahra,Slaoui,Femme,6
2128,Julia,Moreau,Femme,16
2129,Rida,Touzz,Homme,16
2130,Rania,Benkirane,Femme,6
2131,Zahia,Bouhmadi,Femme,10
2132,Widad,Tazi,Femme,10
2133,Ihsane,Loukili,Femme,6
2134,Cheikh,Ndiaye,Homme,11
2135,Abdelkader,Oukacha,Homme,15
2136,Fouad,Sbitri,Homme,11
2137,Habiba,El Ghazaoui,Femme,11
2138,Amadou,Savané,Homme,16
2139,Malika,Bouhlal,Femme,5
2140,Zahra,Touz,Femme,10
2141,Ikram,Guennoun,Femme,15
2142,Dounia,Sabri,Femme,16
2143,Javier,Dubois,Homme,10
2144,Manal,Bourkadi,Femme,15
2145,Sofia,Lopez,Femme,15
2146,Naji,Kabbaj,Homme,6
2147,Safia,Zerhouni,Femme,15
2148,Dounia,Lahcen,Femme,10
2149,Ayoub,Sefiani,Homme,5
2150,Zahra,Alami,Femme,5
2151,Anas,Nasser,Homme,6
2152,Zakaria,Sefrioui,Homme,11
2153,Yassine,Rchidi,Homme,10
2154,Ihsane,Touzy,Femme,11
2155,Walid,Houari,Homme,10
2156,Zakaria,Zouri,Homme,15
2157,Wassim,Nfissi,Homme,11
2158,Zineb,Mechbal,Femme,15
2159,Abdellah,Touzani,Homme,10
2160,Stefan,Moreau,Homme,5
2161,Mahamadou,Gueye,Homme,11
2162,Abdessamad,Chafik,Homme,10
2163,Taha,Tlemsani,Homme,11
2164,Touria,Oulad,Femme,16
2165,Taha,El Idrissi,Homme,10
2166,Rania,Kabbaj,Femme,6
2167,Reda,Jaouhari,Homme,5
2168,Mustapha,Gueddari,Homme,10
2169,Marwa,Has,Femme,15
2170,Fernando,Schmidt,Homme,16
2171,Souleymane,Keita,Homme,6
2172,Tariq,Tahri,Homme,5
2173,Soukaina,Nacer,Femme,5
2174,Khadija,Moujahid,Femme,5
2175,Kamil,Sefrioui,Homme,10
2176,Wassim,Chrigui,Homme,16
2177,Zara,Ghomri,Femme,5
2178,Basma,Toufali,Femme,5
2179,Nora,Rahmouni,Femme,6
2180,Kawtar,Bouzoubaa,Femme,15
2181,Hatim,Touzy,Homme,15
2182,Safae,Boua,Femme,6
2183,Othmane,Bouaouina,Homme,10
2184,Basma,Nasser,Femme,15
2185,Reda,Moussa,Homme,16
2186,Khadidiatou,Ouattara,Femme,15
2187,Abdallah,Ouassou,Homme,16
2188,Fatima,Tazi,Femme,10
2189,Mahmoud,Touzani,Homme,16
2190,Zohra,Bour,Femme,10
2191,Ines,Touza,Femme,11
2192,Dounia,Chaouni,Femme,10
2193,Farid,El Idrissi,Homme,11
2194,Hafsa,Zouro,Femme,10
2195,Serigne,Konaté,Homme,10
2196,Hicham,Abid,Homme,10
2197,Loubna,Alami,Femme,16
2198,Adil,Benjelloun,Homme,16
2199,Nabila,Zourk,Femme,15
2200,Soufiane,Moussaoui,Homme,11
2201,Latifa,Toufi,Femme,10
2202,Mehdi,Touz,Homme,6
2203,Mariam,Touzani,Femme,10
2204,Taha,Ouahbi,Homme,11
2205,Sara,Touahri,Femme,6
2206,Selma,Ait,Femme,5
2207,Khadija,Bennani,Femme,16
2208,Taha,Naji,Homme,11
2209,Ayman,Kacem,Homme,16
2210,Sami,Skalli,Homme,6
2211,Zahra,Zoun,Femme,15
2212,Khadidiatou,Ouattara,Femme,11
2213,Marouane,Moustaquin,Homme,6
2214,Rida,Touzani,Homme,5
2215,Mahamadou,Keita,Homme,11
2216,Narjis,Madani,Femme,11
2217,Amal,Boul,Femme,11
2218,Houssam,El Ghazaoui,Homme,6
2219,Hakim,Zouita,Homme,10
2220,Anass,Zoubir,Homme,10
2221,Hajar,Touz,Femme,16
2222,Houssam,Zouro,Homme,10
2223,Samir,Touzi,Homme,15
2224,Adam,Kouachi,Homme,16
2225,Hamza,Ouali,Homme,5
2226,Khadija,Rais,Femme,11
2227,Rayan,Nasser,Homme,6
2228,Fayssal,El Yacoubi,Homme,10
2229,Kamil,Bouzidi,Homme,15
2230,Rachid,Karam,Homme,16
2231,Ihsane,Oulhaj,Femme,16
2232,Abdoulaye,Savané,Homme,5
2233,Karim,El Yousfi,Homme,10
2234,Sofia,Ouahbi,Femme,5
2235,Oumou,Camara,Femme,10
2236,Taoufik,Zoubir,Femme,10
2237,Zara,Zoupi,Femme,6
2238,Noureddine,El Filali,Homme,5
2239,Kadija,Diallo,Femme,16
2240,Yacine,Chemao,Homme,11
2241,Anass,Ghomri,Homme,5
2242,Karim,Slaoui,Homme,16
2243,Awa,Cissé,Femme,16
2244,Naji,Bour,Homme,5
2245,Marie,Moreau,Femme,5
2246,Aya,Touzani,Femme,15
2247,Said,Benjelloun,Homme,5
2248,Abdellah,Jebli,Homme,5
2249,Ali,Boua,Homme,11
2250,Abdelhamid,Touza,Homme,5
2251,Marouane,Moussa,Homme,11
2252,Chakib,Touil,Homme,5
2253,Ayoub,Saih,Homme,16
2254,Patricia,Santos,Femme,6
2255,Aya,Bout,Femme,10
2256,Oussama,Sahraoui,Homme,10
2257,Loubna,Benjelloun,Femme,5
2258,Latifa,Bouj,Femme,11
2259,Zakaria,El Boukili,Homme,5
2260,Dounia,Tlemsani,Femme,11
2261,Safia,Kharroubi,Femme,6
2262,Ayman,Sefiani,Homme,10
2263,Ahlam,Oujdi,Femme,10
2264,Salma,Boua,Femme,16
2265,Anass,Zouy,Homme,10
2266,Ilham,Chraibi,Femme,15
2267,Idriss,Sbaai,Homme,15
2268,Fadwa,Tlemsani,Femme,10
2269,Fatima,Zouitni,Femme,6
2270,Stefan,Dupont,Homme,16
2271,Nicolas,Lopez,Homme,11
2272,Soufiane,Zouri,Homme,16
2273,Habiba,Zerhouni,Femme,5
2274,Mariama,Touré,Femme,6
2275,Laila,Ghomri,Femme,6
2276,Aziz,Tourabi,Homme,15
2277,Kader,Sarr,Homme,16
2278,Modou,Keita,Homme,15
2279,Idriss,Houari,Homme,10
2280,Hayat,Kacem,Femme,11
2281,Moussa,Karam,Homme,10
2282,Leila,Madani,Femme,11
2283,Mamadou,Sylla,Homme,6
2284,Selma,Bout,Femme,16
2285,Abdelaziz,Zouy,Homme,15
2286,Tariq,El Yacoubi,Homme,6
2287,Nadia,Soussi,Femme,16
2288,Hicham,Mabrouk,Homme,6
2289,Jamila,Ham,Femme,11
2290,Ayman,Aroui,Homme,16
2291,Claire,Silva,Femme,6
2292,Daniel,Rossi,Homme,5
2293,Chaimae,Nasser,Femme,11
2294,Ines,Zouhir,Femme,6
2295,Ismail,Bout,Homme,6
2296,Hakim,El Ghazaoui,Homme,10
2297,Ibrahim,Ouahbi,Homme,5
2298,Nadia,Alami,Femme,10
2299,Narjis,Chraibi,Femme,6
2300,Michael,Fernandez,Homme,15
2301,Lotfi,Berrada,Homme,15
2302,Meryem,Touzz,Femme,10
2303,Mustapha,Khalil,Homme,5
2304,Aicha,Zourk,Femme,6
2305,Hajar,Houari,Femme,5
2306,Anas,Idrissi,Homme,10
2307,Abdelkader,Hammoudi,Homme,5
2308,Leila,El Filali,Femme,10
2309,Salma,Hassani,Femme,15
2310,Fayssal,Zouri,Homme,5
2311,Youssef,Gharbaoui,Homme,11
2312,Sofia,Santos,Femme,5
2313,Fayssal,Mechbal,Homme,10
2314,Hajar,Rifi,Femme,16
2315,Nezha,Zouak,Femme,6
2316,Zineb,Jamil,Femme,11
2317,Yousra,Touzi,Femme,15
2318,Ahlam,Salem,Femme,15
2319,Aziza,El Filali,Femme,5
2320,Ihsane,Tourabi,Femme,15
2321,Abdou,Benjelloun,Homme,6
2322,Mohamed,Mouline,Homme,16
2323,Hatim,Bouazzaoui,Homme,15
2324,Hakim,Sbaai,Homme,5
2325,Ayman,Ouali,Homme,10
2326,Sanaa,Zniber,Femme,6
2327,Yacine,Yassi,Homme,10
2328,Zara,Touimi,Femme,16
2329,Zahia,Zouw,Femme,6
2330,Mehdi,Baraka,Homme,11
2331,Mina,Zout,Femme,6
2332,Alpha,Ouattara,Homme,11
2333,Miguel,Dubois,Homme,6
2334,Lucas,Schmidt,Homme,15
2335,Haj,Lahcen,Homme,5
2336,Nasser,Toubi,Homme,5
2337,Jihane,Touza,Femme,11
2338,Haj,Nacer,Homme,15
2339,Nasser,Yassi,Homme,6
2340,Adam,Tlemsani,Homme,11
2341,Hamza,Niama,Homme,6
2342,Youssef,Ouazzani,Homme,10
2343,Hafsa,Saih,Femme,11
2344,Amina,Dah,Femme,5
2345,Yassine,Jorio,Homme,15
2346,Mahmoud,Zouhir,Homme,5
2347,Claire,Fernandez,Femme,6
2348,Mahdi,Lamrani,Homme,15
2349,Oumar,Touré,Homme,10
2350,Modou,Keita,Homme,16
2351,Jihane,El Yazidi,Femme,16
2352,Abdelkader,Ziyat,Homme,6
2353,Cheikh,Ndiaye,Homme,5
2354,Naima,Larbi,Femme,15
2355,Ilham,Rahal,Femme,16
2356,Meryem,Nouaman,Femme,15
2357,Marie,Dupont,Femme,5
2358,Ikram,Touzi,Femme,11
2359,Mounir,Chrigui,Homme,11
2360,Issa,Traoré,Homme,6
2361,Amine,Zahir,Homme,16
2362,Younes,Ait,Homme,11
2363,Fouad,Touzi,Homme,16
2364,Stefan,Müller,Homme,16
2365,Aziza,Touba,Femme,5
2366,Adil,Adouiri,Homme,16
2367,Anas,Bouhmadi,Homme,5
2368,Wafa,Rais,Femme,16
2369,Sami,Ouissaden,Homme,15
2370,Soukaina,Touz,Femme,10
2371,Oumou,Sow,Femme,16
2372,Hafsa,Rguibi,Femme,16
2373,Jamal,Chraibi,Homme,15
2374,Omar,Moujahid,Homme,6
2375,Soufiane,Tahiri,Homme,5
2376,Badr,Bouzekri,Homme,6
2377,Salma,Touz,Femme,15
2378,Houssam,Tlemsani,Homme,5
2379,Said,Zoubir,Homme,6
2380,Wafa,Chraibi,Femme,10
2381,Houssam,Tazi,Homme,5
2382,Mohammed,Bous,Homme,10
2383,Nabila,Larbi,Femme,11
2384,Camille,Jones,Femme,5
2385,Chakib,Demnati,Homme,5
2386,Zineb,Toubi,Femme,10
2387,Jihane,Cherkaoui,Femme,6
2388,Zakaria,Lahcen,Homme,16
2389,Mariam,Zouine,Femme,6
2390,Patrick,Martin,Homme,11
2391,Nadia,Touzani,Femme,16
2392,Abdellah,Bouk,Homme,6
2393,Aziza,Bouzoubaa,Femme,10
2394,Driss,Touahri,Homme,15
2395,Mounia,Touza,Femme,15
2396,Hajar,Abid,Femme,11
2397,Abdellah,El Mrabet,Homme,16
2398,Chiara,Wilson,Femme,15
2399,Fernando,Lopez,Homme,10
2400,Fouad,Oujdi,Homme,11
2401,Rokia,Rguibi,Femme,5
2402,Souleymane,Barry,Homme,6
2403,Rachida,Zouz,Femme,6
2404,Mahmoud,Niama,Homme,5
2405,Yamina,Dahmani,Femme,11
2406,Bouchra,Saadi,Femme,15
2407,Thomas,Silva,Homme,5
2408,Mounir,El Filali,Homme,15
2409,Nadia,Berrada,Femme,11
2410,Aya,Saih,Femme,5
2411,Lucas,Wilson,Homme,5
2412,Aziz,Mernissi,Homme,10
2413,Imad,Zouak,Homme,5
2414,Jihane,Tabit,Femme,5
2415,Chakib,Slaoui,Homme,11
2416,Hatim,Zouzz,Homme,10
2417,Aicha,Belkhadir,Femme,10
2418,Hakim,Zouine,Homme,5
2419,Zakaria,Qadiri,Homme,15
2420,Abdallah,Oulad,Homme,6
2421,Aicha,Zoupi,Femme,10
2422,Céline,Martin,Femme,15
2423,Youssef,Sbaai,Homme,5
2424,Nicolas,Garcia,Homme,11
2425,Farida,Salem,Femme,11
2426,Souleymane,Diallo,Homme,15
2427,Lucas,Silva,Homme,6
2428,Adil,Rais,Homme,16
2429,Samir,Touzy,Homme,16
2430,Rim,Kamil,Femme,5
2431,Nasser,Atou,Homme,6
2432,Douaa,Zouhir,Femme,10
2433,Mohammed,Dah,Homme,10
2434,Mbarek,Demnati,Homme,11
2435,Aicha,Touzz,Femme,6
2436,Fatima,Sbitri,Femme,15
2437,Ismail,Bous,Homme,5
2438,Ali,Tazi,Homme,10
2439,Sidi,Radi,Homme,16
2440,Asma,Oulad,Femme,10
2441,Lotfi,Hattab,Homme,16
2442,Noureddine,Zoukh,Homme,6
2443,Anass,Bouhmadi,Homme,5
2444,Chakib,Zerouali,Homme,5
2445,Ayoub,Aroui,Homme,10
2446,Nathalie,Rodriguez,Femme,5
2447,Awa,Coulibaly,Femme,10
2448,Naima,Slaoui,Femme,16
2449,Rokia,Touimi,Femme,11
2450,Abdou,Har,Homme,10
2451,Zahra,Zouri,Femme,10
2452,Samira,Mrani,Femme,16
2453,Noureddine,Radi,Homme,6
2454,Zahra,Salmi,Femme,5
2455,Zohra,Samir,Femme,5
2456,Anass,Cheikh,Homme,6
2457,Jihane,Oulhaj,Femme,16
2458,Fouad,Zous,Homme,16
2459,Ibrahim,Kane,Homme,16
2460,Rokia,Larbi,Femme,5
2461,Ilham,Zoubir,Femme,6
2462,Amina,El Omari,Femme,6
2463,Laura,Dubois,Femme,11
2464,Yousra,Touzz,Femme,6
2465,Omar,Jaouhari,Homme,15
2466,Hamza,Ouahbi,Homme,6
2467,Nadia,Khaldoune,Femme,15
2468,Zouhair,Aroui,Homme,11
2469,Modou,Touré,Homme,6
2470,Naji,El Yacoubi,Homme,10
2471,David,Dubois,Homme,11
2472,Yassine,Mechbal,Homme,15
2473,Hanae,Doukkali,Femme,11
2474,Hatim,Sefiani,Homme,15
2475,Javier,Dubois,Homme,6
2476,Jamila,Salem,Femme,5
2477,Yousra,Zoukh,Femme,6
2478,Mokhtar,Sbaai,Homme,16
2479,Ilyas,Assou,Homme,10
2480,Fatima,Larbi,Femme,5
2481,Abdelaziz,El Mrabet,Homme,15
2482,Mustapha,Khalil,Homme,10
2483,Abdallah,Dah,Homme,10
2484,Mustapha,Rifi,Homme,15
2485,Zineb,Guennoun,Femme,5
2486,Samir,Bouz,Homme,11
2487,Ines,El Omari,Femme,15
2488,Larbi,Chaouni,Homme,10
2489,Nezha,Touzy,Femme,15
2490,Yasmina,Smahi,Femme,10
2491,Abdellah,Boul,Homme,6
2492,Marwa,Rohi,Femme,10
2493,Hanane,Dah,Femme,11
2494,Houssam,Zous,Homme,15
2495,Samira,Dlimi,Femme,15
2496,Hanane,Zouro,Femme,6
2497,Oumou,Touré,Femme,5
2498,Ihsane,El Amrani,Femme,10
2499,Said,Zouy,Homme,11
2500,Antoine,Andersson,Homme,11
2501,Zohra,Zniber,Femme,5
2502,Yacine,Zahir,Homme,16
2503,Imad,Bouhlal,Homme,16
2504,Khadidiatou,Kane,Femme,15
2505,Sofia,Santos,Femme,15
2506,Mounir,Rmil,Homme,10
2507,Abdou,Mrani,Homme,10
2508,Rachid,Wahbi,Homme,6
2509,Karima,El Fassi,Femme,6
2510,Haj,Zoumir,Homme,11
2511,Loubna,Bouhlal,Femme,5
2512,Walid,El Idrissi,Homme,10
2513,Ines,Moustaquin,Femme,16
2514,Yousra,Dlimi,Femme,10
2515,Naji,Oulad,Homme,6
2516,Mohammed,Boul,Homme,16
2517,Mokhtar,Rahmouni,Homme,6
2518,Yasmina,Zouy,Femme,11
2519,Zouhair,Oulad,Homme,11
2520,Zineb,Joundy,Femme,15
2521,Latifa,Slaoui,Femme,15
2522,Houssam,El Idrissi,Homme,10
2523,Nasser,Touza,Homme,16
2524,Noureddine,Laraki,Homme,10
2525,Kadija,Kane,Femme,5
2526,Malika,Othmani,Femme,6
2527,Larbi,Tabit,Homme,16
2528,Houssam,Zouw,Homme,5
2529,Marwa,Moussa,Femme,15
2530,Zakaria,Doukkali,Homme,16
2531,Hanane,Zouak,Femme,5
2532,Nezha,Jorio,Femme,15
2533,Mehdi,Jorio,Homme,10
2534,Anass,Bouhlal,Homme,6
2535,Mahmoud,Touzani,Homme,11
2536,Pape,Sow,Homme,5
2537,Said,Rchidi,Homme,15
2538,Aissatou,Diallo,Femme,6
2539,Zara,Moussa,Femme,15
2540,Hakim,Benkirane,Homme,10
2541,Moussa,Rifi,Homme,5
2542,Ayman,Bouhout,Homme,5
2543,Nezha,Touba,Femme,11
2544,Khadija,Tazi,Femme,16
2545,Paolo,Rossi,Homme,16
2546,Khalid,Ouali,Homme,5
2547,Dounia,Touba,Femme,15
2548,Bilal,Larbi,Homme,15
2549,Houssam,Touzi,Homme,16
2550,Sanaa,Moustaquin,Femme,10
2551,Noureddine,Touzy,Homme,15
2552,Tariq,Daoudi,Homme,15
2553,Yousra,Bourkadi,Femme,5
2554,Hamza,Alaoui,Homme,11
2555,Ali,El Idrissi,Homme,16
2556,Amina,Tazi,Femme,6
2557,Bilal,Mrani,Homme,15
2558,Marouane,Hakimi,Homme,16
2559,Yassine,Zerouali,Homme,6
2560,Ayoub,Ouahbi,Homme,10
2561,Mina,Bouk,Femme,15
2562,Zineb,Said,Femme,11
2563,Haj,Sbitri,Homme,5
2564,Zahra,Toumi,Femme,11
2565,Youssef,El Mandjra,Homme,11
2566,Mansour,Fassi,Homme,6
2567,Taha,Touzz,Homme,5
2568,Wassim,Mabrouk,Homme,11
2569,Zahia,Bouz,Femme,10
2570,Rida,Touba,Homme,5
2571,Imad,Zoul,Homme,16
2572,Miguel,Rodriguez,Homme,6
2573,Imad,Touz,Homme,10
2574,Taoufik,Rais,Femme,10
2575,Walid,Salmi,Homme,16
2576,Kamil,Wardi,Homme,11
2577,Miguel,Garcia,Homme,11
2578,Amal,Ham,Femme,5
2579,Zouhair,Zouitni,Homme,10
2580,Antoine,Dupont,Homme,11
2581,Adam,Tijarti,Homme,10
2582,Sara,Kouachi,Femme,15
2583,Nisrine,Idrissi,Femme,5
2584,Sofia,El Yacoubi,Femme,10
2585,Younes,Touzz,Homme,15
2586,Rokia,Touahri,Femme,6
2587,Anna,Garcia,Femme,15
2588,Touria,Sakhi,Femme,10
2589,Ilham,Moussa,Femme,15
2590,Anas,Maatoug,Homme,6
2591,Samira,Nouaman,Femme,15
2592,Safia,Moustaquin,Femme,5
2593,Abdelkader,Boudra,Homme,16
2594,Leila,Zouria,Femme,6
2595,Samir,Tlemsani,Homme,10
2596,Khalida,Ouali,Femme,10
2597,Zahra,Zouitni,Femme,11
2598,Patricia,Conti,Femme,6
2599,Hassan,Loukili,Homme,5
2600,Karima,Touzy,Femme,10
2601,Thomas,Andersson,Homme,15
2602,Abdellah,Bouchentouf,Homme,10
2603,Rachid,Zoun,Homme,6
2604,Mbarek,Ouali,Homme,16
2605,Rachid,Touzi,Homme,11
2606,Abderrahmane,Zoumir,Homme,16
2607,Hamza,Bouazzaoui,Homme,5
2608,Abdallah,Abid,Homme,16
2609,Yousra,Qadiri,Femme,16
2610,Lucas,Wilson,Homme,11
2611,Laila,Ouali,Femme,10
2612,Nabila,Tazi,Femme,16
2613,Abdelhamid,Naciri,Homme,6
2614,Salah,Sakhi,Homme,6
2615,Reda,Zoumir,Homme,10
2616,Fatima,Zoubir,Femme,6
2617,Khadija,Bouazzaoui,Femme,15
2618,Naima,El Ghazaoui,Femme,15
2619,Javier,Dubois,Homme,5
2620,Alpha,Barry,Homme,5
2621,Said,Ouali,Homme,15
2622,Basma,Touzi,Femme,5
2623,Nathalie,Wilson,Femme,6
2624,Rachid,Radi,Homme,11
2625,Fatimazahra,Hammoudi,Femme,16
2626,Malika,Akka,Femme,11
2627,Bilal,El Khamsi,Homme,15
2628,Omar,Jaouhari,Homme,11
2629,Hassan,Chraibi,Homme,15
2630,Asma,Guennoun,Femme,10
2631,Mokhtar,Touijer,Homme,11
2632,Ilyas,Zourk,Homme,5
2633,Hiba,Toufi,Femme,15
2634,Saadia,Tougi,Femme,6
2635,Yahya,Qadiri,Homme,6
2636,Mehdi,Bahi,Homme,16
2637,Latifa,Bouhlal,Femme,16
2638,David,Andersson,Homme,11
2639,Adil,Tourabi,Homme,11
2640,Basma,Ouali,Femme,5
2641,Sara,Touji,Femme,15
2642,Zahra,Kamil,Femme,16
2643,Zahia,Zouak,Femme,11
2644,Houda,Salmi,Femme,10
2645,Mahmoud,Slaoui,Homme,5
2646,Amine,Jebli,Homme,5
2647,David,Simon,Homme,5
2648,Mohamed,Zouhir,Homme,15
2649,Rachida,Zoukh,Femme,10
2650,Issa,Konaté,Homme,10
2651,Salah,El Fahime,Homme,6
2652,Abdelaziz,Mernissi,Homme,15
2653,Mohammed,Smires,Homme,5
2654,Fatima,Touzi,Femme,15
2655,Rabia,Zoun,Femme,11
2656,Oumar,Kane,Homme,11
2657,Zahra,Loukili,Femme,10
2658,Taha,Oujdi,Homme,11
2659,Bilal,Iraqi,Homme,16
2660,Hakim,Atou,Homme,16
2661,Abdelali,Dahmani,Homme,5
2662,Sofia,Amrani,Femme,5
2663,Nezha,Fassi,Femme,5
2664,Noura,Sassi,Femme,15
2665,Bilal,Daoudi,Homme,15
2666,Samira,Jamil,Femme,11
2667,Moussa,El Fahime,Homme,10
2668,Ines,Zoux,Femme,10
2669,Habiba,Touahri,Femme,6
2670,Mounir,Khalil,Homme,10
2671,Ghita,Bouhout,Femme,6
2672,Mame,Fall,Femme,15
2673,Safae,Labrini,Femme,10
2674,Khadija,Mrani,Femme,16
2675,Rida,Gueddari,Homme,11
2676,Mbarek,Boudra,Homme,16
2677,Hafsa,Hass,Femme,15
2678,Bilal,Moussa,Homme,5
2679,Widad,Atou,Femme,16
2680,Mohammed,Touza,Homme,16
2681,Omar,Zniber,Homme,16
2682,Zahia,Touba,Femme,5
2683,Abderrahmane,Mansouri,Homme,5
2684,Zakaria,Jorio,Homme,6
2685,Claire,Dupont,Femme,10
2686,Fatima,Dah,Femme,11
2687,Zahia,Bouzoubaa,Femme,5
2688,Anna,Garcia,Femme,5
2689,Laura,Johansson,Femme,6
2690,Ibrahim,Ouali,Homme,5
2691,Amal,Zahri,Femme,16
2692,Laura,Rodriguez,Femme,10
2693,Sara,Wahbi,Femme,6
2694,Fatima,Cherkaoui,Femme,5
2695,Farida,Bouchentouf,Femme,16
2696,Zahra,Sefiani,Femme,10
2697,Amin,Zoux,Homme,15
2698,Hiba,El Ghalbi,Femme,6
2699,Michael,Müller,Homme,11
2700,Leila,Rifi,Femme,11
2701,Abdelali,Abid,Homme,10
2702,Abdelali,Labrini,Homme,5
2703,Zahra,Zout,Femme,5
2704,Imad,Doukkali,Homme,16
2705,Ibrahim,Slaoui,Homme,16
2706,Mohammed,Saih,Homme,6
2707,Ilham,Sbaai,Femme,6
2708,Rania,Skalli,Femme,5
2709,Houssam,Oulad,Homme,5
2710,Mariam,Rifi,Femme,11
2711,Nadia,Moussaoui,Femme,10
2712,Hamza,Tlemsani,Homme,6
2713,Khalida,Slaoui,Femme,11
2714,Nisrine,Naciri,Femme,5
2715,Samir,Khalil,Homme,5
2716,Fayssal,Bouhmadi,Homme,16
2717,Lucas,Müller,Homme,10
2718,Mokhtar,Zerhouni,Homme,11
2719,Mohammed,Joundy,Homme,6
2720,Rayan,Daoudi,Homme,11
2721,Hayat,Sabi,Femme,6
2722,Daniel,Lopez,Homme,15
2723,Mahdi,Touzi,Homme,5
2724,Loubna,Zouw,Femme,6
2725,Fouad,Ouassou,Homme,16
2726,Naima,Bour,Femme,16
2727,Issa,Touré,Homme,16
2728,Ines,Zoux,Femme,10
2729,Abdou,Houari,Homme,15
2730,Yaya,Sow,Homme,10
2731,Adil,Mabrouk,Homme,5
2732,Khadija,Bennani,Femme,6
2733,Khalida,Abid,Femme,6
2734,Rida,Smahi,Homme,11
2735,Nora,Kouachi,Femme,16
2736,Ayoub,Touza,Homme,11
2737,Julia,Martin,Femme,10
2738,Rokia,Amarir,Femme,11
2739,Marwa,Touz,Femme,11
2740,Basma,Tahri,Femme,5
2741,Ali,Ghomri,Homme,16
2742,Jean,Dubois,Homme,6
2743,Yousra,Bouaouina,Femme,15
2744,Saadia,El,Femme,16
2745,Aziza,Touzani,Femme,10
2746,Salsabil,Zoumir,Femme,5
2747,Chaimae,Smires,Femme,6
2748,Fouad,Boun,Homme,11
2749,Nathalie,Müller,Femme,16
2750,Salah,Zoukh,Homme,5
2751,Idriss,Ouali,Homme,15
2752,Ingrid,Ricci,Femme,11
2753,Ibrahim,Bouzidi,Homme,15
2754,Mounia,Zahri,Femme,10
2755,Marouane,Bouj,Homme,16
2756,Wassim,Zouz,Homme,15
2757,Noureddine,Rahmouni,Homme,15
2758,Loubna,Said,Femme,11
2759,Basma,Rohi,Femme,10
2760,Salma,Bouj,Femme,11
2761,Alexander,Wilson,Homme,5
2762,Abdelhamid,Joundy,Homme,16
2763,Anna,Andersson,Femme,6
2764,Othmane,Bous,Homme,6
2765,Lotfi,Lamrani,Homme,15
2766,Chakib,Mernissi,Homme,6
2767,Carlos,Rossi,Homme,11
2768,Nisrine,Sefiani,Femme,16
2769,Ayoub,Toumi,Homme,5
2770,Aya,El Yacoubi,Femme,10
2771,Mounir,Zouine,Homme,15
2772,Moussa,Fall,Homme,6
2773,Anass,Chaouni,Homme,5
2774,Khadija,Khaldoune,Femme,5
2775,Soukaina,Zoux,Femme,15
2776,Ayman,Smahi,Homme,6
2777,Aziza,Zouy,Femme,16
2778,Naima,Lamrani,Femme,16
2779,Ingrid,Jones,Femme,11
2780,Othmane,El Yazidi,Homme,11
2781,Ayoub,Moussaoui,Homme,16
2782,Abdou,Kharroubi,Homme,16
2783,Fatimazahra,El Amrani,Femme,10
2784,Pape,Ouattara,Homme,10
2785,Abdou,Chemao,Homme,5
2786,Sara,Toufi,Femme,11
2787,Adil,Sassi,Homme,16
2788,Rajae,Sbitri,Femme,15
2789,Naima,Zouzz,Femme,15
2790,Aicha,Touzani,Femme,16
2791,Aminata,Camara,Femme,15
2792,Abderrahmane,Oufkir,Homme,5
2793,Walid,El Amrani,Homme,10
2794,Nafissatou,Diop,Femme,11
2795,Samir,Bouzidi,Homme,16
2796,Mohammed,Zniber,Homme,6
2797,Abderrahmane,Smires,Homme,15
2798,Nadia,Zerouali,Femme,10
2799,Sara,Boua,Femme,15
2800,Imane,Guennoun,Femme,6
2801,Rania,Cheikh,Femme,16
2802,Habiba,Bouk,Femme,15
2803,Souleymane,Sarr,Homme,6
2804,Said,Zouy,Homme,11
2805,Younes,Nasser,Homme,10
2806,Abdou,Oulad,Homme,11
2807,Widad,Joundy,Femme,5
2808,Narjis,Oulad,Femme,5
2809,Zakaria,Zouy,Homme,10
2810,Abdallah,Boul,Homme,6
2811,Driss,Nouaman,Homme,5
2812,Mansour,Toufali,Homme,15
2813,Mahmoud,Rahmouni,Homme,11
2814,Rachid,Wardi,Homme,11
2815,Abdelali,Moujahid,Homme,5
2816,Laila,Hakimi,Femme,15
2817,Halima,Hakimi,Femme,16
2818,Sara,Jamil,Femme,15
2819,Fatimazahra,Sbaai,Femme,11
2820,Reda,Tahri,Homme,16
2821,Lotfi,El Amrani,Homme,5
2822,Amin,Ait,Homme,11
2823,Aziz,Rohi,Homme,5
2824,Rania,Zouine,Femme,16
2825,Thomas,Garcia,Homme,16
2826,Mokhtar,Idrissi,Homme,11
2827,Jihane,Mrani,Femme,10
2828,Fadwa,Zahir,Femme,11
2829,Serigne,Gueye,Homme,15
2830,Hajar,Has,Femme,5
2831,Widad,Azou,Femme,10
2832,Habiba,Said,Femme,5
2833,Zineb,Akka,Femme,11
2834,Khalida,Zouhair,Femme,10
2835,Taoufik,Sefrioui,Femme,6
2836,Mina,El Hachimi,Femme,15
2837,Younes,Touz,Homme,11
2838,Kader,Keita,Homme,15
2839,Anass,Samir,Homme,5
2840,Jamal,Ouissaden,Homme,15
2841,Abdou,Gue,Homme,5
2842,Chaymae,Rifi,Femme,6
2843,Farida,Rmil,Femme,15
2844,Salsabil,Kabbaj,Femme,10
2845,Rachida,Berrada,Femme,15
2846,Habiba,Tazi,Femme,15
2847,Douaa,Kabbaj,Femme,15
2848,Leila,Touzani,Femme,6
2849,Valérie,Simon,Femme,6
2850,Hayat,Sbaai,Femme,16
2851,Lucas,Silva,Homme,16
2852,Wafa,Mechbal,Femme,6
2853,Zahia,Zouak,Femme,11
2854,Noura,Nouaman,Femme,5
2855,Youssef,Zoux,Homme,16
2856,Ayman,El Khamsi,Homme,16
2857,Badr,Tazi,Homme,16
2858,Houssam,Dah,Homme,6
2859,Houda,Zouw,Femme,5
2860,Maimouna,Diallo,Femme,10
2861,Othmane,Slaoui,Homme,11
2862,Hatim,Smahi,Homme,5
2863,Khadidiatou,Kane,Femme,11
2864,Taoufik,Azou,Femme,15
2865,Yasmina,Sbitri,Femme,16
2866,Mohammed,Touzz,Homme,6
2867,Chakib,Zout,Homme,5
2868,Nabil,Touijer,Homme,16
2869,Khalid,Zahir,Homme,15
2870,Oussama,Zouz,Homme,15
2871,Dounia,Hilal,Femme,5
2872,Widad,Zouak,Femme,5
2873,Khalida,Zoukir,Femme,11
2874,Mansour,Joundy,Homme,5
2875,Rajae,Touzy,Femme,5
2876,Meryem,Zouri,Femme,5
2877,Fadwa,Houari,Femme,15
2878,Yassine,Assou,Homme,15
2879,Abdelhamid,Zoul,Homme,10
2880,Houda,Bourkadi,Femme,16
2881,Jihane,Guennoun,Femme,10
2882,Javier,Garcia,Homme,6
2883,Hassan,Touba,Homme,11
2884,Badr,Radi,Homme,6
2885,Marwa,Zoumir,Femme,6
2886,Wassim,Touba,Homme,16
2887,Hamza,Kouachi,Homme,11
2888,Patrick,Lopez,Homme,6
2889,Safae,El Yousfi,Femme,10
2890,Nisrine,Roudani,Femme,6
2891,Salah,Salem,Homme,6
2892,Leila,Tourabi,Femme,6
2893,Monica,Brown,Femme,10
2894,Idriss,Said,Homme,5
2895,Pape,Gueye,Homme,5
2896,Bouchra,El Mrabet,Femme,11
2897,Abdallah,Boun,Homme,10
2898,Yamina,Rchid,Femme,16
2899,Mehdi,Tabit,Homme,11
2900,Youssef,Gue,Homme,11
2901,Sara,Hammoudi,Femme,11
2902,Hanae,Ouassou,Femme,16
2903,Sira,Sow,Femme,16
2904,Walid,Zouqi,Homme,15
2905,Ahmed,Moussaoui,Homme,5
2906,Nisrine,Zouhair,Femme,10
2907,Kader,Fall,Homme,6
2908,Rokia,Atou,Femme,5
2909,Basma,Baraka,Femme,11
2910,Noureddine,Sbaai,Homme,11
2911,Salsabil,Dah,Femme,11
2912,Adil,Touza,Homme,6
2913,Oussama,Bouaouina,Homme,15
2914,Claire,Fernandez,Femme,10
2915,Nicolas,Brown,Homme,10
2916,Selma,Adouiri,Femme,10
2917,Lotfi,Boun,Homme,16
2918,Yamina,Yousra,Femme,15
2919,Ali,Bouj,Homme,15
2920,Moussa,El Khamsi,Homme,11
2921,Samir,Mabrouk,Homme,15
2922,Boubacar,Sarr,Homme,10
2923,Said,Smahi,Homme,16
2924,Bilal,Benkirane,Homme,16
2925,Idriss,Naji,Homme,5
2926,Mariam,Zouri,Femme,10
2927,Younes,Ouassou,Homme,16
2928,Salsabil,Sbaai,Femme,15
2929,Farida,Alami,Femme,10
2930,Manal,Mabrouk,Femme,11
2931,Aziz,Touzi,Homme,6
2932,Naji,Rchidi,Homme,16
2933,Fadwa,Toufali,Femme,15
2934,Omar,Zouine,Homme,5
2935,Chaimae,Radi,Femme,6
2936,Hayat,Bahi,Femme,6
2937,Mariam,Gue,Femme,11
2938,Yasmina,Hass,Femme,16
2939,Moussa,Ouahbi,Homme,16
2940,Amina,El Idrissi,Femme,5
2941,Ikram,Zouz,Femme,6
2942,Imane,Har,Femme,16
2943,Jamal,Abid,Homme,11
2944,Sabrina,Salem,Femme,15
2945,Siham,Idrissi,Femme,16
2946,Carmen,Moreau,Femme,11
2947,Ghita,Touimi,Femme,6
2948,Ghita,Demnati,Femme,15
2949,Fatimazahra,Fennir,Femme,16
2950,Rabia,Touzy,Femme,10
2951,Ayman,Habti,Homme,11
2952,Mokhtar,Touji,Homme,11
2953,Nisrine,Radi,Femme,11
2954,Noureddine,Akka,Homme,15
2955,Safae,Tourabi,Femme,15
2956,Houda,Nacer,Femme,10
2957,Stefan,Andersson,Homme,16
2958,Khadija,Laraki,Femme,15
2959,Naji,Atou,Homme,11
2960,Rabia,Slaoui,Femme,5
2961,Dounia,Zouria,Femme,11
2962,Hakim,Bennani,Homme,15
2963,Idriss,Kouachi,Homme,16
2964,Safia,Salmi,Femme,16
2965,Farid,Saih,Homme,10
2966,Moussa,Dlimi,Homme,5
2967,Kenza,Zourk,Femme,16
2968,Douaa,Mernissi,Femme,15
2969,Tariq,Bouhmadi,Homme,15
2970,Yamina,Bahi,Femme,11
2971,Salsabil,Smahi,Femme,6
2972,Rabia,Rahal,Femme,16
2973,Nadia,Azou,Femme,16
2974,Lina,Zourk,Femme,6
2975,Karim,Rguibi,Homme,15
2976,Hiba,Tahiri,Femme,15
2977,Said,Samir,Homme,16
2978,Mbarek,Guennoun,Homme,11
2979,Cheikh,Diaw,Homme,11
2980,Nabil,Rjai,Homme,10
2981,Fayssal,El Khattabi,Homme,10
2982,Mariam,El Fahime,Femme,16
2983,Badr,Ouahbi,Homme,11
2984,Amadou,Fall,Homme,6
2985,Marouane,Ouahbi,Homme,15
2986,Nadia,Touz,Femme,11
2987,Larbi,Lahlou,Homme,6
2988,Fatima,Alami,Femme,11
2989,Mariam,Loukili,Femme,15
2990,Tidiane,Sow,Homme,10
2991,Hassan,Touz,Homme,15
2992,Ingrid,Schmidt,Femme,16
2993,Ayoub,Bouzekri,Homme,11
2994,Ismail,Bous,Homme,5
2995,Salah,Wahbi,Homme,6
2996,Mohammed,Zoukh,Homme,11
2997,Chakib,Zouri,Homme,5
2998,Selma,Zerhouni,Femme,15
2999,Nabila,Zoul,Femme,6
3000,Halima,Zerhouni,Femme,11
3001,Oumar,Gueye,Homme,5
3002,Soukaina,Ouazzani,Femme,5
3003,Nisrine,Tlemsani,Femme,16
3004,Ndeye,Touré,Femme,15
3005,Salim,Tahri,Homme,11
3006,Salsabil,Zoukh,Femme,13
3007,Adil,Tahri,Homme,19
3008,Kawtar,Zoumir,Femme,7
3009,Badr,Roudani,Homme,23
3010,Mahmoud,Bouz,Homme,7
3011,Lucas,Rossi,Homme,23
3012,Mounia,El Yousfi,Femme,17
3013,Mbarek,Larbi,Homme,13
3014,Salma,Zouhair,Femme,7
3015,Farida,Bouaouina,Femme,13
3016,Julia,Laurent,Femme,17
3017,Anna,Laurent,Femme,13
3018,Salah,Zoumir,Homme,21
3019,Mbayang,Gueye,Femme,8
3020,Zohra,Touimi,Femme,21
3021,Mame,Cissé,Femme,8
3022,Fadwa,Yousra,Femme,12
3023,Latifa,Ghomri,Femme,12
3024,Elena,Moreau,Femme,13
3025,Farida,Bouhlal,Femme,21
3026,Kawtar,Adouiri,Femme,23
3027,Dounia,Cheikh,Femme,21
3028,Lotfi,Fassi,Homme,8
3029,Habiba,Touz,Femme,8
3030,Marouane,Har,Homme,12
3031,Idriss,Boun,Homme,8
3032,Samir,Ghomri,Homme,12
3033,Houssam,Gharbaoui,Homme,13
3034,Sophie,Martin,Femme,23
3035,Ihsane,Sbitri,Femme,12
3036,Abdallah,Gharbaoui,Homme,8
3037,Naima,Tourabi,Femme,19
3038,Aminata,Gueye,Femme,8
3039,Walid,Loukili,Homme,12
3040,Houda,Bouhmadi,Femme,7
3041,Khadija,Touza,Femme,21
3042,Abdelali,Qadiri,Homme,7
3043,Habiba,Nacer,Femme,23
3044,Chakib,Touzani,Homme,23
3045,Sofia,Jamil,Femme,12
3046,Moussa,Toufi,Homme,12
3047,Amine,Kacem,Homme,8
3048,Mokhtar,Dlimi,Homme,21
3049,Antoine,Andersson,Homme,19
3050,Sofia,El Fassi,Femme,23
3051,Abdessamad,Touzi,Homme,8
3052,Tariq,Ouali,Homme,21
3053,Cheikh,Barry,Homme,12
3054,Reda,Moustaquin,Homme,23
3055,Aziza,Oufkir,Femme,8
3056,Rajae,Said,Femme,8
3057,Zahra,Smahi,Femme,13
3058,Boutaina,Touzz,Femme,13
3059,Samira,Nasser,Femme,19
3060,Wassim,El Yacoubi,Homme,19
3061,Mounir,El Filali,Homme,19
3062,Jamal,Lahcen,Homme,21
3063,Stefan,Rodriguez,Homme,12
3064,Zohra,Mernissi,Femme,21
3065,Nicolas,Rodriguez,Homme,23
3066,Sabrina,Ouahbi,Femme,7
3067,Zohra,Oujdi,Femme,7
3068,Latifa,Atou,Femme,12
3069,Mokhtar,Nasser,Homme,19
3070,Widad,El Mandjra,Femme,17
3071,Siham,Baraka,Femme,7
3072,Marouane,Ouazzani,Homme,17
3073,Elena,Bernard,Femme,19
3074,Fernando,Bernard,Homme,19
3075,Zakaria,Houari,Homme,17
3076,Imane,Zouitni,Femme,12
3077,Said,Gharbaoui,Homme,23
3078,Narjis,Slaoui,Femme,17
3079,Nezha,Zouria,Femme,19
3080,Adam,Dah,Homme,21
3081,Mustapha,Qadiri,Homme,7
3082,Aziz,El Filali,Homme,7
3083,Zara,Nouaman,Femme,13
3084,Idriss,Touji,Homme,12
3085,Fatima,El Fassi,Femme,7
3086,Rayan,Bouchentouf,Homme,7
3087,Rida,Soussi,Homme,7
3088,Salah,Mechbal,Homme,7
3089,Khadija,Ziyat,Femme,7
3090,Siham,Zoubir,Femme,8
3091,Thomas,Ricci,Homme,13
3092,Amal,Chafik,Femme,17
3093,Hamza,Mabrouk,Homme,13
3094,Marouane,Rjai,Homme,8
3095,Manal,Zouria,Femme,17
3096,Imane,Boul,Femme,21
3097,Ilyas,Maatoug,Homme,19
3098,Maimouna,Ndiaye,Femme,19
3099,Salah,Sassi,Homme,12
3100,Marouane,Dlimi,Homme,17
3101,Yamina,Nacer,Femme,21
3102,Khadija,El Khamsi,Femme,8
3103,Elena,Fernandez,Femme,8
3104,Hicham,Touz,Homme,13
3105,Said,Hammoudi,Homme,17
3106,Hajar,Nouaman,Femme,17
3107,Sara,Zouzz,Femme,7
3108,Mbayang,Cissé,Femme,8
3109,Manal,Toubi,Femme,8
3110,Tariq,El Khamsi,Homme,13
3111,Amine,Zaid,Homme,21
3112,Aya,Qadiri,Femme,17
3113,Selma,Ziyat,Femme,19
3114,Hayat,Jamil,Femme,12
3115,Ayoub,Zouria,Homme,13
3116,Jamila,Zoukir,Femme,13
3117,Boutaina,Nouaman,Femme,17
3118,Mariam,Kharroubi,Femme,21
3119,Serigne,Traoré,Homme,17
3120,Noura,Zerhouni,Femme,23
3121,Selma,Jaouhari,Femme,23
3122,Farida,Kabbaj,Femme,21
3123,Fatima,Habti,Femme,17
3124,Alpha,Diop,Homme,17
3125,Jean,Dupont,Homme,7
3126,Marco,Dubois,Homme,19
3127,Mehdi,Kettani,Homme,19
3128,Tariq,Daoudi,Homme,7
3129,Ibrahim,Touré,Homme,7
3130,Samir,El Yacoubi,Homme,19
3131,Dounia,Touahri,Femme,12
3132,Laura,Simon,Femme,17
3133,Mounia,Benkirane,Femme,7
3134,Othmane,Fassi,Homme,8
3135,Fouad,El Khamsi,Homme,7
3136,Fayssal,Zahri,Homme,13
3137,Anass,Zouzz,Homme,7
3138,Mehdi,Sebti,Homme,19
3139,Sidi,Toubi,Homme,7
3140,Rania,Guennoun,Femme,7
3141,Nezha,Touzy,Femme,7
3142,Mohammed,Jabri,Homme,7
3143,Samir,Kouachi,Homme,7
3144,Mariama,Konaté,Femme,23
3145,Mokhtar,Kabbaj,Homme,23
3146,Aziza,Akka,Femme,17
3147,Kenza,Boudra,Femme,8
3148,Soufiane,Zouita,Homme,19
3149,Aziza,Tabit,Femme,7
3150,Hafsa,Touzi,Femme,17
3151,Safae,Boul,Femme,23
3152,Chakib,Bour,Homme,13
3153,Salah,Bour,Homme,19
3154,Aziza,Touz,Femme,19
3155,Hassan,El Amrani,Homme,23
3156,Yamina,Slaoui,Femme,21
3157,Rajae,Nacer,Femme,12
3158,Youssef,Zahir,Homme,19
3159,Marie,Jones,Femme,8
3160,Rabia,Azou,Femme,12
3161,Ahlam,Zout,Femme,12
3162,Houda,Ouazzani,Femme,17
3163,Yasmina,Amarir,Femme,19
3164,Sira,Fall,Femme,12
3165,Ibrahim,Tijarti,Homme,21
3166,Leila,Zahir,Femme,21
3167,Kamil,Zoumar,Homme,8
3168,Nezha,Chrigui,Femme,13
3169,Adam,Bouzoubaa,Homme,21
3170,Hicham,Toubi,Homme,23
3171,Rachida,Dlimi,Femme,13
3172,Mariam,Zouhir,Femme,7
3173,Karim,Touba,Homme,7
3174,Yassine,El Mrabet,Homme,23
3175,Boutaina,El Khattabi,Femme,19
3176,Abdelkader,Rchidi,Homme,19
3177,Reda,Chemao,Homme,21
3178,Mamadou,Ba,Homme,13
3179,David,Ricci,Homme,7
3180,Yasmina,Zourk,Femme,19
3181,Modou,Fall,Homme,21
3182,Chakib,Tlemsani,Homme,17
3183,Hamza,Moustaquin,Homme,8
3184,Ayman,Lahcen,Homme,21
3185,Zakaria,Chrigui,Homme,12
3186,Noura,Yousra,Femme,8
3187,Larbi,Benkirane,Homme,23
3188,Fouad,Yousra,Homme,21
3189,Leila,Iraqi,Femme,7
3190,Rabia,Dahmani,Femme,17
3191,Anass,Slaoui,Homme,12
3192,Samira,Zouhair,Femme,17
3193,Soukaina,El Omari,Femme,7
3194,Wassim,Nouaman,Homme,19
3195,Bouchra,Jorio,Femme,19
3196,Zakaria,Rguibi,Homme,19
3197,Amina,Sbitri,Femme,12
3198,Mbayang,Touré,Femme,7
3199,Hassan,Touhi,Homme,19
3200,Widad,Toubi,Femme,12
3201,Ghita,Niama,Femme,12
3202,Aya,Aroui,Femme,12
3203,Kamil,Hass,Homme,13
3204,Mahmoud,El Filali,Homme,7
3205,Ibrahim,Touzi,Homme,8
3206,Sami,Sefrioui,Homme,13
3207,Driss,Wahbi,Homme,12
3208,Leila,Zerhouni,Femme,13
3209,Zakaria,El Ghalbi,Homme,17
3210,Yahya,Boudra,Homme,19
3211,Walid,Jebli,Homme,12
3212,Zohra,Zoumir,Femme,13
3213,Adil,Dlimi,Homme,23
3214,Kawtar,Chemao,Femme,7
3215,Abdelaziz,Rifi,Homme,17
3216,Amina,Boul,Femme,7
3217,Sami,Smires,Homme,8
3218,Chaimae,Alaoui,Femme,8
3219,Farid,Tahri,Homme,12
3220,Ghita,Bahi,Femme,23
3221,Khadija,Nfissi,Femme,12
3222,Sidi,Aroui,Homme,17
3223,Houssam,Had,Homme,13
3224,Ayman,Hammoudi,Homme,12
3225,Asma,Smahi,Femme,7
3226,Abdelaziz,Moussa,Homme,13
3227,Ines,Zouri,Femme,17
3228,Yamina,Dlimi,Femme,21
3229,Zara,Sebti,Femme,12
3230,Sanaa,Zerouali,Femme,8
3231,Soufiane,Mabrouk,Homme,23
3232,Fatimazahra,Chrigui,Femme,23
3233,Houda,Sabi,Femme,17
3234,Boutaina,Boun,Femme,8
3235,Amina,Ouali,Femme,8
3236,Manal,El Fassi,Femme,7
3237,Badr,Mansouri,Homme,21
3238,Siham,Zerouali,Femme,17
3239,Hind,Touzani,Femme,19
3240,Rachida,Alami,Femme,19
3241,Douaa,Tahiri,Femme,21
3242,Kader,Ouattara,Homme,17
3243,Awa,Traoré,Femme,17
3244,Hind,Rchid,Femme,21
3245,Hanae,Kabbaj,Femme,17
3246,Rida,Toubi,Homme,12
3247,Bilal,Karam,Homme,21
3248,Aya,El Khattabi,Femme,23
3249,Zakaria,Berrada,Homme,21
3250,Marwa,Wahbi,Femme,13
3251,Cheikh,Touré,Homme,12
3252,Salim,Zniber,Homme,17
3253,Ndeye,Ba,Femme,7
3254,Driss,Karam,Homme,12
3255,Claire,Müller,Femme,13
3256,Rim,Amarir,Femme,17
3257,Ahlam,Sbaai,Femme,19
3258,Othmane,Slaoui,Homme,7
3259,Houda,Chraibi,Femme,23
3260,Haj,Touz,Homme,8
3261,Hatim,Nasser,Homme,19
3262,Othmane,Had,Homme,23
3263,Aicha,Toufi,Femme,19
3264,Bouchra,Zous,Femme,7
3265,Anass,Touji,Homme,8
3266,Adil,El Moutaouakil,Homme,21
3267,Abdallah,Daoudi,Homme,7
3268,Stefan,Brown,Homme,21
3269,Othmane,Zahri,Homme,7
3270,Alpha,Diallo,Homme,23
3271,Rachid,Oulhaj,Homme,13
3272,Zineb,Chrigui,Femme,17
3273,Hassan,Rchid,Homme,19
3274,Nora,Dlimi,Femme,21
3275,Meryem,Ouassou,Femme,12
3276,Leila,El Yacoubi,Femme,19
3277,Valérie,Brown,Femme,17
3278,Wassim,Labrini,Homme,17
3279,Hajar,El Khamsi,Femme,8
3280,Asma,Bahi,Femme,12
3281,Ayman,Madani,Homme,13
3282,Bilal,Zerouali,Homme,13
3283,Pape,Camara,Homme,13
3284,Patricia,Martin,Femme,7
3285,Said,El Khamsi,Homme,12
3286,Samir,El Amrani,Homme,7
3287,Abdou,Rjai,Homme,19
3288,Marwa,Toumi,Femme,13
3289,Ahmed,Alaoui,Homme,7
3290,Larbi,Touahri,Homme,23
3291,Lotfi,Touzy,Homme,17
3292,Badr,Cheikh,Homme,21
3293,Aziz,Bahi,Homme,23
3294,Kamil,Touz,Homme,17
3295,Douaa,Moussa,Femme,7
3296,Nora,Daoudi,Femme,17
3297,Ihsane,Oulad,Femme,8
3298,Laila,Mansouri,Femme,17
3299,Hatim,Slaoui,Homme,12
3300,Abderrahmane,Moujahid,Homme,19
3301,Mahmoud,Naji,Homme,17
3302,Kawtar,Habti,Femme,8
3303,Zahra,Rguibi,Femme,8
3304,Naima,Toufi,Femme,12
3305,Aya,Boudra,Femme,17
3306,Kader,Ba,Homme,17
3307,Mustapha,Rahmouni,Homme,17
3308,Habiba,Nfissi,Femme,21
3309,Hamza,Kouachi,Homme,8
3310,Mohamed,Sakhi,Homme,19
3311,Siham,Rohi,Femme,12
3312,Naji,Bouzoubaa,Homme,19
3313,Mounia,Sefiani,Femme,21
3314,Amal,Bourkadi,Femme,13
3315,Soufiane,Baraka,Homme,13
3316,Laura,Rossi,Femme,17
3317,Hind,Touz,Femme,23
3318,Salim,Houari,Homme,8
3319,Zouhair,Toufali,Homme,17
3320,Mustapha,Kouachi,Homme,7
3321,Nasser,Guennoun,Homme,7
3322,Fernando,Lopez,Homme,21
3323,Miguel,Santos,Homme,13
3324,Douaa,Ait,Femme,13
3325,Mounir,Chraibi,Homme,7
3326,Jamila,Belkhadir,Femme,23
3327,Chakib,Kouachi,Homme,23
3328,Imane,Mechbal,Femme,7
3329,Nora,Alami,Femme,19
3330,Mbarek,Cheikh,Homme,13
3331,Aicha,Lahlou,Femme,23
3332,David,Bernard,Homme,8
3333,Nicolas,Dubois,Homme,13
3334,Abdallah,Rais,Homme,23
3335,Oussama,Mouline,Homme,13
3336,Hind,Tabit,Femme,21
3337,Yamina,Khaldoune,Femme,17
3338,Chakib,El Moutaouakil,Homme,13
3339,Nezha,Toumi,Femme,8
3340,Marwa,El Khattabi,Femme,7
3341,Malika,Zouri,Femme,12
3342,Younes,Zoumir,Homme,12
3343,Salma,El Hachimi,Femme,19
3344,Adil,Touzi,Homme,13
3345,Jihane,Iraqi,Femme,23
3346,Khadija,El Khattabi,Femme,23
3347,Nathalie,Lopez,Femme,23
3348,Anas,Oufkir,Homme,19
3349,Cheikh,Diallo,Homme,8
3350,Safia,Samir,Femme,19
3351,Habiba,Wahbi,Femme,19
3352,Ines,Touba,Femme,19
3353,Jamila,Jaouhari,Femme,13
3354,Hajar,Assou,Femme,21
3355,Hicham,Salem,Homme,17
3356,Awa,Traoré,Femme,19
3357,Oumar,Sow,Homme,17
3358,Sofia,Kouachi,Femme,13
3359,Driss,Boun,Homme,8
3360,Abdoulaye,Sylla,Homme,8
3361,Salah,Bouazzaoui,Homme,12
3362,Kawtar,Zouz,Femme,13
3363,Salim,Bout,Homme,21
3364,Farid,El Amrani,Homme,23
3365,Boutaina,Mouline,Femme,21
3366,Amina,Zouitni,Femme,23
3367,Fayssal,El Ghazaoui,Homme,8
3368,Hatim,Hilal,Homme,23
3369,Moussa,Savané,Homme,8
3370,Kawtar,Touzy,Femme,19
3371,Sidi,Touzani,Homme,23
3372,Lucas,Rodriguez,Homme,13
3373,Abdelhamid,Mouline,Homme,23
3374,Nora,Hilal,Femme,12
3375,Carlos,Wilson,Homme,17
3376,Pape,Ba,Homme,12
3377,Ibrahim,Zouhir,Homme,13
3378,Kenza,Zouz,Femme,13
3379,Abdelkader,Chaouni,Homme,8
3380,Adil,Tahri,Homme,23
3381,Habiba,Benkirane,Femme,13
3382,Rida,Ham,Homme,23
3383,Aicha,Tourabi,Femme,21
3384,Fayssal,Zouak,Homme,17
3385,Yacine,Bouazzaoui,Homme,23
3386,Naji,Zouhair,Homme,17
3387,Nicolas,Moreau,Homme,7
3388,Haj,Had,Homme,7
3389,Abdelaziz,Saih,Homme,7
3390,Nezha,Zouria,Femme,23
3391,Hafsa,Bouhout,Femme,23
3392,Bouchra,Touil,Femme,12
3393,Michael,Andersson,Homme,19
3394,Naji,El Omari,Homme,19
3395,Abdou,Tabit,Homme,17
3396,Isabelle,Jones,Femme,8
3397,Zahra,Zahri,Femme,19
3398,Yacine,Bouhlal,Homme,19
3399,Ilham,Zniber,Femme,17
3400,Selma,Touil,Femme,7
3401,Mohammed,Ziyat,Homme,8
3402,Mohammed,Zouita,Homme,17
3403,Aziza,Bennani,Femme,12
3404,Fouad,Boudra,Homme,13
3405,Ilham,Salem,Femme,8
3406,Widad,Amrani,Femme,12
3407,Malika,Oulhaj,Femme,7
3408,Monica,Fernandez,Femme,12
3409,Safia,Samir,Femme,21
3410,Ahmed,Zouitni,Homme,7
3411,Narjis,Bouhmadi,Femme,19
3412,Nafissatou,Coulibaly,Femme,17
3413,Yacine,Samir,Homme,17
3414,Mbarek,Touimi,Homme,23
3415,Kader,Coulibaly,Homme,12
3416,Widad,Said,Femme,8
3417,Nathalie,Martin,Femme,17
3418,Ingrid,Wilson,Femme,12
3419,Abdessamad,Tougi,Homme,13
3420,Yamina,Tazi,Femme,7
3421,Aissatou,Sylla,Femme,8
3422,Meryem,Atou,Femme,8
3423,Hajar,Maatoug,Femme,7
3424,Abdelaziz,Ghomri,Homme,8
3425,Larbi,Cheikh,Homme,13
3426,Ali,El Amrani,Homme,13
3427,Amine,Wardi,Homme,19
3428,Mariam,Zouz,Femme,17
3429,Lucas,Garcia,Homme,19
3430,Zineb,Dahmani,Femme,12
3431,Ilham,Rais,Femme,12
3432,Hicham,Kharroubi,Homme,17
3433,Tariq,Smires,Homme,23
3434,Rachida,Bouzidi,Femme,12
3435,Ali,Chaouni,Homme,12
3436,Leila,Ouazzani,Femme,13
3437,Nabila,Ouali,Femme,12
3438,Salma,Zerouali,Femme,13
3439,Abdou,Zoul,Homme,13
3440,Rachida,Touahri,Femme,19
3441,Mohamed,Kettani,Homme,21
3442,Zara,El Ghalbi,Femme,23
3443,Jamal,Toubi,Homme,13
3444,Nabila,Berrada,Femme,23
3445,Karima,Bouzoubaa,Femme,13
3446,Mounir,Touzi,Homme,23
3447,Fatimazahra,Daoudi,Femme,23
3448,Paolo,Laurent,Homme,8
3449,Rida,Zouzz,Homme,21
3450,Sara,Sassi,Femme,19
3451,Aziza,Touimi,Femme,17
3452,Nora,Sbitri,Femme,17
3453,Noureddine,Had,Homme,7
3454,Ahmed,Chemao,Homme,12
3455,Basma,Nasser,Femme,8
3456,Mustapha,El Fahime,Homme,12
3457,Meryem,Naji,Femme,13
3458,Amin,Dlimi,Homme,8
3459,Ayman,Ouali,Homme,19
3460,Sami,Tazi,Homme,23
3461,Nasser,Amrani,Homme,12
3462,Rajae,Sakhi,Femme,21
3463,Rida,Ait,Homme,17
3464,Hind,El Idrissi,Femme,8
3465,Hicham,Samir,Homme,23
3466,Moussa,Fall,Homme,7
3467,Hakim,Oulad,Homme,21
3468,Céline,Rodriguez,Femme,21
3469,Daniel,Rossi,Homme,13
3470,Omar,Gharbaoui,Homme,23
3471,Abdelkader,Chraibi,Homme,19
3472,Douaa,Nfissi,Femme,19
3473,Abdelhamid,Amarir,Homme,12
3474,Ali,Lahlou,Homme,7
3475,Mounia,Naciri,Femme,17
3476,Mina,Sbitri,Femme,17
3477,Douaa,Zouy,Femme,8
3478,Thomas,Rossi,Homme,21
3479,Manal,Tourabi,Femme,13
3480,Loubna,Sakhi,Femme,8
3481,Zineb,Tazi,Femme,8
3482,Farida,Rahal,Femme,23
3483,Hajar,Zouz,Femme,13
3484,Soufiane,Zouak,Homme,13
3485,Basma,Touzy,Femme,19
3486,Salsabil,Ouassou,Femme,23
3487,Badr,Ait,Homme,7
3488,Salsabil,Radi,Femme,23
3489,Salma,Bout,Femme,12
3490,Nezha,Zoubir,Femme,8
3491,Zahra,Touzani,Femme,19
3492,Mahdi,Touza,Homme,17
3493,Anas,Saih,Homme,19
3494,Mina,Has,Femme,17
3495,Mustapha,Zoumir,Homme,19
3496,Kenza,Dah,Femme,7
3497,Mame,Cissé,Femme,13
3498,Taha,Smahi,Homme,19
3499,Asma,Touijer,Femme,17
3500,Farid,Slaoui,Homme,12
3501,Sofia,Zouitni,Femme,19
3502,Rania,Salem,Femme,21
3503,Rachida,Niama,Femme,13
3504,Samir,Rifi,Homme,23
3505,Omar,Toufali,Homme,12
3506,Fayssal,Rjai,Homme,23
3507,Carmen,Jones,Femme,23
3508,Tidiane,Diaw,Homme,17
3509,Camille,Jones,Femme,21
3510,Fatimazahra,Mouline,Femme,13
3511,Abdoulaye,Ouattara,Homme,12
3512,Lina,Ham,Femme,19
3513,Rania,Bouzidi,Femme,21
3514,Mounia,Bous,Femme,7
3515,Ayman,Benkirane,Homme,19
3516,Ghita,Kharroubi,Femme,21
3517,Kenza,Sbaai,Femme,7
3518,Ilham,Zouy,Femme,12
3519,Mahdi,Gueddari,Homme,7
3520,Abdelali,Kharroubi,Homme,23
3521,Noura,Yassi,Femme,7
3522,Rachida,Ouali,Femme,8
3523,Othmane,Moussaoui,Homme,13
3524,Badr,Bouj,Homme,8
3525,Haj,Bouazzaoui,Homme,13
3526,Laila,Tahiri,Femme,19
3527,Latifa,Zahri,Femme,17
3528,Chaimae,Sahraoui,Femme,13
3529,Yacine,Loukili,Homme,19
3530,Marouane,Aroui,Homme,23
3531,Hanae,Sassi,Femme,19
3532,Salsabil,Alaoui,Femme,17
3533,Marouane,Zoux,Homme,8
3534,Abdelhamid,Toubi,Homme,8
3535,Imad,Rjai,Homme,21
3536,Badr,Bouhlal,Homme,8
3537,Pape,Gueye,Homme,21
3538,Sami,Bahi,Homme,23
3539,Chaimae,Othmani,Femme,8
3540,Rachida,Alami,Femme,19
3541,Lina,Oulad,Femme,19
3542,Yahya,Touahri,Homme,17
3543,Anna,Simon,Femme,8
3544,Rania,Har,Femme,7
3545,Chakib,Abid,Homme,21
3546,Ayman,Toufali,Homme,19
3547,Sanaa,Bourkadi,Femme,17
3548,Anna,Rodriguez,Femme,17
3549,Kawtar,Daoudi,Femme,17
3550,Widad,Har,Femme,17
3551,Mohamed,Zouzz,Homme,12
3552,Amin,Kharroubi,Homme,17
3553,Sira,Sylla,Femme,8
3554,Anas,Iraqi,Homme,7
3555,Mame,Keita,Femme,23
3556,Hayat,Jamil,Femme,13
3557,Khalid,El Ghalbi,Homme,7
3558,Sidi,Touzy,Homme,21
3559,Zineb,Jaouhari,Femme,13
3560,Zineb,Zouak,Femme,21
3561,Amin,Tourabi,Homme,21
3562,Zara,El Ghalbi,Femme,19
3563,Mohamed,Slaoui,Homme,21
3564,Rania,Zouro,Femme,13
3565,Marie,Rodriguez,Femme,19
3566,Zineb,Amarir,Femme,19
3567,Chaimae,Kamil,Femme,19
3568,Mbarek,Atou,Homme,7
3569,Mokhtar,El Khattabi,Homme,8
3570,Tariq,Chraibi,Homme,19
3571,Boutaina,Labrini,Femme,13
3572,Mariam,Chraibi,Femme,12
3573,Khalida,Alaoui,Femme,19
3574,Houda,Tazi,Femme,7
3575,Lina,Touza,Femme,17
3576,Lucas,Ricci,Homme,13
3577,Sami,Zouri,Homme,12
3578,Ayman,Bennani,Homme,21
3579,Aziz,Alami,Homme,19
3580,Yousra,Bennani,Femme,7
3581,Yousra,Zourk,Femme,23
3582,Hafsa,Kamil,Femme,12
3583,Tariq,Rahal,Homme,13
3584,Anna,Conti,Femme,13
3585,Chaimae,Qadiri,Femme,19
3586,Aziza,Cheikh,Femme,7
3587,Marwa,Sbitri,Femme,21
3588,Reda,Saih,Homme,7
3589,Khadija,Salem,Femme,21
3590,Ayman,Khaldoune,Homme,7
3591,Hayat,Samir,Femme,13
3592,Hakim,Oulad,Homme,8
3593,Ihsane,Hilal,Femme,17
3594,Noura,Touza,Femme,21
3595,Othmane,Madani,Homme,13
3596,Omar,Sbaai,Homme,7
3597,Anass,Kabbaj,Homme,21
3598,Amina,Zoupi,Femme,21
3599,Mustapha,Mrani,Homme,19
3600,Hiba,Bennani,Femme,23
3601,Mahmoud,El Mandjra,Homme,19
3602,Marco,Rodriguez,Homme,19
3603,Zahra,Touimi,Femme,13
3604,Ihsane,Touzani,Femme,19
3605,Fouad,Chemao,Homme,17
3606,Malika,Dahmani,Femme,12
3607,Widad,Zoubir,Femme,7
3608,Moussa,Alami,Homme,7
3609,Stefan,Jones,Homme,7
3610,Rayan,Akka,Homme,7
3611,Ibrahim,Barry,Homme,23
3612,Salsabil,El Khamsi,Femme,19
3613,Abdessamad,Zourk,Homme,13
3614,Hatim,Zouro,Homme,21
3615,Moussa,Tazi,Homme,19
3616,Ikram,Touzani,Femme,13
3617,Hassan,Toumi,Homme,19
3618,Elena,Andersson,Femme,7
3619,Selma,El Ghalbi,Femme,17
3620,Halima,Assou,Femme,17
3621,Chakib,Sebti,Homme,13
3622,Ahmed,Khaldoune,Homme,21
3623,Abdessamad,Bouj,Homme,23
3624,Kamil,Chafik,Homme,7
3625,Fatimazahra,Mabrouk,Femme,7
3626,Zahia,Jamil,Femme,13
3627,Noureddine,Wardi,Homme,21
3628,Nora,Sebti,Femme,8
3629,Leila,Toufi,Femme,12
3630,Wafa,Trimech,Femme,19
3631,Yousra,Ham,Femme,21
3632,Leila,Skalli,Femme,19
3633,Farid,Bour,Homme,8
3634,Asma,Touahri,Femme,23
3635,Mamadou,Fall,Homme,7
3636,Chaimae,Zourk,Femme,7
3637,Zahra,El Fassi,Femme,12
3638,Zahra,Rjai,Femme,12
3639,Loubna,Tlemsani,Femme,8
3640,Marouane,Alami,Homme,21
3641,Chaymae,Zourk,Femme,17
3642,Rayan,Bennani,Homme,21
3643,Daniel,Rossi,Homme,8
3644,Naima,Cherkaoui,Femme,12
3645,Chaimae,Ouali,Femme,8
3646,Anna,Laurent,Femme,8
3647,Ikram,El Ghazaoui,Femme,23
3648,Ahlam,Joundy,Femme,8
3649,Hanane,Idrissi,Femme,12
3650,Soukaina,Ouled,Femme,13
3651,Adam,Niama,Homme,19
3652,Sara,Ouassou,Femme,8
3653,Zahra,Samir,Femme,12
3654,Amal,Jorio,Femme,17
3655,Isabelle,Andersson,Femme,17
3656,Laila,Mrani,Femme,12
3657,Amina,Tazi,Femme,17
3658,Sami,Mrani,Homme,23
3659,Marwa,Ham,Femme,19
3660,Jamila,Tazi,Femme,7
3661,Fatimazahra,Alami,Femme,7
3662,Ndeye,Kane,Femme,17
3663,Rajae,Berrada,Femme,7
3664,Samira,Tlemsani,Femme,8
3665,Hind,Labrini,Femme,17
3666,Tidiane,Diop,Homme,13
3667,Awa,Diallo,Femme,19
3668,Nasser,Sabi,Homme,8
3669,Rida,Oulhaj,Homme,8
3670,Bintou,Konaté,Femme,13
3671,Mohammed,Moussa,Homme,19
3672,Ali,Ouali,Homme,21
3673,Ilyas,Toubi,Homme,23
3674,Mohammed,Rifi,Homme,17
3675,Habiba,Bahi,Femme,13
3676,Rim,Sbitri,Femme,17
3677,Mbarek,Trimech,Homme,23
3678,Anass,Harrak,Homme,12
3679,Yassine,Moussa,Homme,21
3680,Abdallah,Bahi,Homme,17
3681,Mahamadou,Sow,Homme,17
3682,Salim,Smahi,Homme,23
3683,Ali,Chemao,Homme,23
3684,Kadija,Camara,Femme,8
3685,Elena,Garcia,Femme,13
3686,Safae,Zaid,Femme,19
3687,Nasser,Bouzidi,Homme,21
3688,Loubna,Nacer,Femme,19
3689,Hamza,Zouro,Homme,23
3690,Patrick,Rodriguez,Homme,7
3691,Meryem,Boudra,Femme,19
3692,Farida,Chafik,Femme,7
3693,Younes,Trimech,Homme,17
3694,Badr,Sabi,Homme,21
3695,Maimouna,Sow,Femme,8
3696,Hiba,El Moutaouakil,Femme,8
3697,Souleymane,Kane,Homme,19
3698,Ihsane,Cheikh,Femme,12
3699,Mounia,Moujahid,Femme,13
3700,Aya,Bahi,Femme,17
3701,Younes,Mansouri,Homme,21
3702,Nisrine,Boua,Femme,12
3703,Hajar,Zoux,Femme,17
3704,Hicham,El Mandjra,Homme,13
3705,Jamal,Ouassou,Homme,23
3706,Zahra,El Fassi,Femme,23
3707,Saadia,Touz,Femme,7
3708,Michael,Andersson,Homme,17
3709,Chaymae,Mouline,Femme,23
3710,Siham,Wahbi,Femme,17
3711,Meryem,Zouak,Femme,13
3712,Abdelaziz,Oulad,Homme,8
3713,Claire,Simon,Femme,19
3714,Rayan,Dlimi,Homme,13
3715,Oussama,Ouassou,Homme,12
3716,Fatou,Ba,Femme,19
3717,Loubna,Zouria,Femme,13
3718,Reda,Sefrioui,Homme,21
3719,Houda,Zoukir,Femme,12
3720,Oussama,Belkhadir,Homme,12
3721,Hakim,Radi,Homme,17
3722,Lotfi,Tazi,Homme,13
3723,Zouhair,Bour,Homme,23
3724,Mahamadou,Keita,Homme,17
3725,Bintou,Sylla,Femme,21
3726,Zineb,Hass,Femme,17
3727,Zineb,Idrissi,Femme,23
3728,Larbi,Boun,Homme,7
3729,Mahdi,Hakimi,Homme,21
3730,Zara,Niama,Femme,17
3731,Yousra,Fennir,Femme,12
3732,Mariam,El Khattabi,Femme,23
3733,Boutaina,Toumi,Femme,12
3734,Khadija,Niama,Femme,12
3735,Kawtar,Idrissi,Femme,12
3736,Meryem,Joundy,Femme,12
3737,Leila,Zouw,Femme,8
3738,Adam,Moussaoui,Homme,7
3739,Pape,Diallo,Homme,19
3740,Noura,Laraki,Femme,8
3741,Mansour,Berrada,Homme,7
3742,Chaimae,Zouw,Femme,17
3743,Douaa,Smahi,Femme,13
3744,Aliou,Sarr,Homme,19
3745,Fayssal,Jabri,Homme,8
3746,Yousra,El,Femme,13
3747,Mariam,Tazi,Femme,17
3748,Abdoulaye,Diaw,Homme,17
3749,Larbi,Tahiri,Homme,17
3750,Farid,Rifi,Homme,12
3751,Claire,Schmidt,Femme,13
3752,Ahlam,Joundy,Femme,21
3753,Mariam,Mabrouk,Femme,8
3754,Farida,Touzani,Femme,8
3755,Abdelaziz,Sabi,Homme,12
3756,Ahlam,Had,Femme,17
3757,Zineb,Har,Femme,12
3758,Ayman,Khaldoune,Homme,7
3759,Awa,Savané,Femme,17
3760,Adil,Hilal,Homme,12
3761,Hicham,Azou,Homme,21
3762,Abdelali,Benjelloun,Homme,19
3763,Awa,Diop,Femme,7
3764,Pape,Keita,Homme,23
3765,Karim,Mabrouk,Homme,21
3766,Abdelkader,Zouw,Homme,12
3767,Ghita,Tijarti,Femme,8
3768,Sokhna,Keita,Femme,8
3769,Ihsane,Moustaquin,Femme,21
3770,Fouad,Touji,Homme,23
3771,Haj,Joundy,Homme,23
3772,Rim,Toumi,Femme,19
3773,Aminata,Keita,Femme,21
3774,Amine,Touz,Homme,19
3775,Nasser,Bennani,Homme,12
3776,Naima,Gue,Femme,21
3777,Amin,Zouita,Homme,17
3778,Hind,Yassi,Femme,12
3779,Samira,Roudani,Femme,19
3780,Zakaria,Bourkadi,Homme,17
3781,Hind,Mrani,Femme,13
3782,Reda,Moustaquin,Homme,8
3783,Haj,Sebti,Homme,12
3784,Wafa,Moussaoui,Femme,23
3785,Antoine,Silva,Homme,7
3786,Hajar,Alami,Femme,12
3787,Fernando,Johansson,Homme,19
3788,Hajar,Dahmani,Femme,13
3789,Karima,Larbi,Femme,13
3790,Rayan,Tazi,Homme,8
3791,Fernando,Johansson,Homme,23
3792,Adil,El Boukili,Homme,17
3793,Hatim,Gueddari,Homme,21
3794,Mbayang,Diaw,Femme,13
3795,Ihsane,El Khattabi,Femme,17
3796,Bintou,Touré,Femme,21
3797,Yassine,Tahri,Homme,19
3798,Sofia,Santos,Femme,19
3799,Mbarek,Fassi,Homme,12
3800,Narjis,Alami,Femme,19
3801,Haj,Jebli,Homme,8
3802,Salma,Ham,Femme,8
3803,Bilal,Jaouhari,Homme,12
3804,Habiba,Amarir,Femme,17
3805,Amine,Smahi,Homme,23
3806,Mohammed,Bouk,Homme,17
3807,Patricia,Dupont,Femme,19
3808,Rabia,Qadiri,Femme,13
3809,Salim,Salmi,Homme,7
3810,Kader,Sarr,Homme,12
3811,Abdelkader,Toufi,Homme,21
3812,Safia,Tazi,Femme,7
3813,Ayman,Chemao,Homme,23
3814,Yahya,Moussa,Homme,17
3815,Mounir,Mabrouk,Homme,21
3816,Narjis,Tazi,Femme,17
3817,Laura,Fernandez,Femme,7
3818,Ayman,Zouak,Homme,17
3819,Sophie,Dubois,Femme,13
3820,Sanaa,Sefrioui,Femme,7
3821,Naima,El Ghazaoui,Femme,13
3822,Othmane,Ouali,Homme,8
3823,Reda,Sefrioui,Homme,12
3824,Moussa,Tahiri,Homme,21
3825,Rim,Smahi,Femme,7
3826,Hajar,Chrigui,Femme,12
3827,Omar,Zoukir,Homme,12
3828,Ayman,Zaid,Homme,7
3829,Safae,El Khattabi,Femme,13
3830,Mokhtar,Khalil,Homme,12
3831,Habiba,Boun,Femme,21
3832,Zahra,Chafik,Femme,21
3833,Marwa,Bouhmadi,Femme,21
3834,Nisrine,Bouchentouf,Femme,19
3835,Nora,Touahri,Femme,23
3836,Amin,Bouchentouf,Homme,8
3837,Fouad,Maatoug,Homme,21
3838,Farida,Touzi,Femme,13
3839,Mahdi,Sefrioui,Homme,21
3840,Salsabil,Tazi,Femme,21
3841,Zara,Zoul,Femme,8
3842,Safia,Amrani,Femme,21
3843,Fouad,Touji,Homme,17
3844,Amina,Rifi,Femme,12
3845,Fadwa,Ouled,Femme,17
3846,Patricia,Brown,Femme,21
3847,Othmane,Zouhair,Homme,23
3848,Douaa,Belkhadir,Femme,19
3849,Reda,Lahcen,Homme,13
3850,Boutaina,Sebti,Femme,23
3851,Omar,Moujahid,Homme,8
3852,Taoufik,Bout,Femme,7
3853,Siham,Kettani,Femme,12
3854,Ahmed,Bahi,Homme,21
3855,Yasmina,Rahal,Femme,8
3856,Said,Niama,Homme,13
3857,Basma,Rais,Femme,8
3858,Malika,Touba,Femme,12
3859,Sami,Touza,Homme,13
3860,Manal,Ait,Femme,17
3861,Driss,Belkhadir,Homme,13
3862,Chaymae,Bouaouina,Femme,8
3863,Zahia,Bouzoubaa,Femme,23
3864,Wassim,Karam,Homme,17
3865,Mokhtar,Boul,Homme,19
3866,Nicolas,Johansson,Homme,13
3867,Ihsane,El Fahime,Femme,19
3868,Amal,Touzani,Femme,13
3869,Tidiane,Diaw,Homme,12
3870,Yaya,Ouattara,Homme,21
3871,Houda,Kamil,Femme,17
3872,Yahya,Cherkaoui,Homme,8
3873,Touria,Yousra,Femme,23
3874,Hicham,Toufi,Homme,7
3875,Noureddine,Oulad,Homme,13
3876,Tidiane,Keita,Homme,21
3877,Ahlam,Yousra,Femme,13
3878,Marco,Andersson,Homme,19
3879,Loubna,Salem,Femme,7
3880,Lina,Tahiri,Femme,13
3881,Soukaina,Moujahid,Femme,19
3882,Hanane,Bouzoubaa,Femme,19
3883,Jamal,El Hachimi,Homme,23
3884,Yahya,Saih,Homme,21
3885,Houssam,Zouhair,Homme,8
3886,Sanaa,Wahbi,Femme,7
3887,Mehdi,Zouine,Homme,19
3888,Salsabil,Bouhmadi,Femme,13
3889,Ahmed,Cheikh,Homme,23
3890,Habiba,Smahi,Femme,7
3891,Hayat,Zouitni,Femme,17
3892,Khadija,Zoux,Femme,7
3893,Lucas,Rossi,Homme,21
3894,Younes,El Omari,Homme,7
3895,Zakaria,Kacem,Homme,17
3896,Widad,Jorio,Femme,7
3897,Idriss,Joundy,Homme,13
3898,Hafsa,Labrini,Femme,13
3899,Jamila,Soussi,Femme,8
3900,Marwa,Bahi,Femme,8
3901,Hajar,Radi,Femme,13
3902,Ahlam,Yousra,Femme,23
3903,Khalida,Labrini,Femme,12
3904,Abdelali,Zouita,Homme,21
3905,Mariama,Sylla,Femme,17
3906,Imad,Guennoun,Homme,23
3907,Hakim,Qadiri,Homme,8
3908,Mokhtar,Harrak,Homme,12
3909,Amine,Ouissaden,Homme,7
3910,Narjis,Chrigui,Femme,21
3911,Zineb,Touz,Femme,23
3912,Bouchra,Labrini,Femme,7
3913,Kadija,Sow,Femme,8
3914,Rida,El Khattabi,Homme,17
3915,Rachida,Chraibi,Femme,12
3916,Abdelali,Touba,Homme,17
3917,Yassine,Touzi,Homme,17
3918,Sanaa,Bous,Femme,21
3919,Laura,Rossi,Femme,23
3920,Rachid,Zoubir,Homme,19
3921,Reda,Zouro,Homme,7
3922,Kawtar,Azou,Femme,17
3923,Leila,Sefrioui,Femme,21
3924,Samir,Boul,Homme,23
3925,Malika,Hilal,Femme,12
3926,Hicham,Benjelloun,Homme,12
3927,Abdallah,Sahraoui,Homme,12
3928,Larbi,Has,Homme,7
3929,Marouane,Tazi,Homme,23
3930,Zahra,Bouk,Femme,12
3931,Zineb,Tahri,Femme,8
3932,Khadidiatou,Diaw,Femme,12
3933,Yassine,Moustaquin,Homme,21
3934,Kamil,El Mandjra,Homme,21
3935,Zahia,Saadi,Femme,21
3936,Rayan,Tabit,Homme,21
3937,Soufiane,Sabri,Homme,17
3938,Loubna,Touzy,Femme,12
3939,Anas,Mechbal,Homme,8
3940,Narjis,Hakimi,Femme,17
3941,Adil,Rohi,Homme,13
3942,Rania,Habti,Femme,21
3943,Mohammed,Oukacha,Homme,17
3944,Chaymae,El Omari,Femme,13
3945,Kawtar,Houari,Femme,7
3946,Ayman,Chaouni,Homme,12
3947,Salsabil,Touhi,Femme,19
3948,Safae,Zerhouni,Femme,19
3949,Basma,Radi,Femme,12
3950,Zakaria,El Omari,Homme,23
3951,Rokia,Salmi,Femme,7
3952,Mounia,Cheikh,Femme,23
3953,Moussa,Benkirane,Homme,17
3954,Valérie,Jones,Femme,12
3955,Hassan,Touzy,Homme,19
3956,Amina,Atou,Femme,19
3957,Laila,Sassi,Femme,19
3958,Zahra,Bouz,Femme,12
3959,Siham,Tougi,Femme,19
3960,Amin,Akka,Homme,17
3961,Leila,Sbitri,Femme,7
3962,Abdessamad,Maatoug,Homme,21
3963,Wafa,Touz,Femme,17
3964,Abdelali,Toubi,Homme,19
3965,Hatim,Zouz,Homme,19
3966,Aziza,Sabi,Femme,17
3967,Farida,El Khamsi,Femme,19
3968,Othmane,Oulhaj,Homme,7
3969,Noureddine,Sefrioui,Homme,8
3970,Fayssal,Touz,Homme,17
3971,Imad,Slaoui,Homme,23
3972,Naima,Benkirane,Femme,21
3973,Rokia,Bouhout,Femme,17
3974,Leila,Rohi,Femme,23
3975,Zouhair,Boudra,Homme,13
3976,Abdoulaye,Fall,Homme,8
3977,Patrick,Jones,Homme,8
3978,Camille,Laurent,Femme,12
3979,Naima,Zouhair,Femme,8
3980,Zahia,El Khamsi,Femme,21
3981,Karima,Touzy,Femme,12
3982,Naji,Bahi,Homme,17
3983,Aziza,El Filali,Femme,17
3984,Zohra,Tlemsani,Femme,12
3985,Saadia,Kacem,Femme,12
3986,Imane,Touba,Femme,12
3987,Rachida,Touzy,Femme,17
3988,Ilham,Houari,Femme,19
3989,Idriss,Khalil,Homme,7
3990,Ahlam,Zous,Femme,8
3991,Safia,Tougi,Femme,7
3992,Yacine,Tourabi,Homme,17
3993,Bilal,Kettani,Homme,7
3994,Ibrahim,Nacer,Homme,7
3995,Yousra,Cherkaoui,Femme,13
3996,Zahia,El Khattabi,Femme,7
3997,Adam,Sbaai,Homme,21
3998,Imad,Yassi,Homme,21
3999,Asma,Chraibi,Femme,19
4000,Hanae,Oukacha,Femme,19
4001,Kenza,Oujdi,Femme,20
4002,Laila,Has,Femme,9
4003,Khalida,Sabri,Femme,22
4004,Soukaina,Nacer,Femme,14
4005,Issa,Diop,Homme,22
4006,Zahia,Zourk,Femme,24
4007,Latifa,Zoubir,Femme,14
4008,Souleymane,Ndiaye,Homme,14
4009,Rim,Saih,Femme,22
4010,Aminata,Coulibaly,Femme,22
4011,Anass,Bouj,Homme,24
4012,Ayoub,Naji,Homme,24
4013,Yassine,Soussi,Homme,9
4014,Jihane,El Ghazaoui,Femme,14
4015,Patricia,Ricci,Femme,24
4016,Sira,Touré,Femme,22
4017,Amal,Ham,Femme,14
4018,Nezha,El Omari,Femme,9
4019,Carmen,Martin,Femme,24
4020,Pierre,Johansson,Homme,25
4021,Idriss,Hakimi,Homme,24
4022,Ali,Doukkali,Homme,24
4023,Kader,Diop,Homme,25
4024,Hicham,Sebti,Homme,14
4025,Mariama,Touré,Femme,22
4026,Salah,Roudani,Homme,22
4027,Adil,Mernissi,Homme,25
4028,Safae,Zouine,Femme,18
4029,Mokhtar,Zouzz,Homme,9
4030,Sami,Rmil,Homme,9
4031,Moussa,Sow,Homme,22
4032,Mokhtar,Bout,Homme,22
4033,Naima,Oufkir,Femme,25
4034,Amine,Azou,Homme,9
4035,Nezha,Jabri,Femme,14
4036,Kenza,Sbitri,Femme,20
4037,Said,Has,Homme,18
4038,Camille,Wilson,Femme,24
4039,Hakim,Ouali,Homme,18
4040,Driss,Lamrani,Homme,24
4041,Hanae,Slaoui,Femme,22
4042,Fouad,Sbitri,Homme,9
4043,Sanaa,Zouria,Femme,18
4044,Badr,Amarir,Homme,24
4045,Ali,Demnati,Homme,9
4046,Ali,Benkirane,Homme,20
4047,Nisrine,Chaouni,Femme,24
4048,Moussa,Chemao,Homme,20
4049,Anna,Moreau,Femme,22
4050,Zohra,Touil,Femme,24
4051,Zouhair,Zoubir,Homme,9
4052,Laura,Brown,Femme,14
4053,Patricia,Lopez,Femme,20
4054,Mahmoud,Jaouhari,Homme,20
4055,Abdessamad,Touza,Homme,22
4056,Javier,Garcia,Homme,14
4057,Nafissatou,Fall,Femme,25
4058,Hassan,Atou,Homme,14
4059,Hicham,Benjelloun,Homme,20
4060,Fouad,Zoul,Homme,22
4061,Youssef,Touza,Homme,9
4062,Safia,Samir,Femme,20
4063,Rabia,Tourabi,Femme,20
4064,Malika,Zahri,Femme,24
4065,Aziz,Mansouri,Homme,9
4066,Ilyas,Ouahbi,Homme,18
4067,Larbi,Touimi,Homme,18
4068,Wassim,El Yousfi,Homme,20
4069,Taha,Moussa,Homme,25
4070,Imane,Benjelloun,Femme,24
4071,Aliou,Fall,Homme,9
4072,Khadija,Chraibi,Femme,24
4073,Yaya,Diallo,Homme,18
4074,Kadija,Sylla,Femme,20
4075,Touria,Jebli,Femme,14
4076,Bilal,Berrada,Homme,9
4077,Mokhtar,Baraka,Homme,9
4078,Zahia,Touz,Femme,14
4079,Mamadou,Keita,Homme,25
4080,Ahlam,Bouhlal,Femme,9
4081,Patricia,Garcia,Femme,18
4082,Hakim,Zoun,Homme,20
4083,Karim,Mansouri,Homme,25
4084,Ahlam,Kabbaj,Femme,24
4085,Nisrine,El Ghazaoui,Femme,24
4086,Hassan,Mechbal,Homme,14
4087,Salah,Jaouhari,Homme,25
4088,Ayoub,Zourk,Homme,20
4089,Chakib,Sefiani,Homme,9
4090,Hamza,Mouline,Homme,14
4091,Sara,El Mrabet,Femme,20
4092,Ali,Mrani,Homme,20
4093,Wassim,Salem,Homme,24
4094,Oussama,Boul,Homme,20
4095,Taha,Tlemsani,Homme,20
4096,Anas,Toumi,Homme,22
4097,Chaymae,Sabri,Femme,9
4098,Abdelaziz,Azou,Homme,24
4099,Soukaina,Zouz,Femme,25
4100,Zara,Qadiri,Femme,14
4101,Abdelali,Mansouri,Homme,25
4102,Amal,Bouhmadi,Femme,9
4103,Mohamed,Sebti,Homme,9
4104,Tariq,Loukili,Homme,14
4105,Abderrahmane,Sbitri,Homme,18
4106,Hassan,Zaid,Homme,24
4107,Malika,Sefrioui,Femme,14
4108,Amadou,Diop,Homme,22
4109,Zahra,El Yacoubi,Femme,24
4110,Adam,Zoumar,Homme,18
4111,Abdessamad,Naji,Homme,18
4112,Kenza,El Hachimi,Femme,22
4113,Hanane,Rjai,Femme,20
4114,Abdelaziz,Toumi,Homme,14
4115,Younes,Harrak,Homme,20
4116,Laila,El,Femme,25
4117,Omar,Ouahbi,Homme,22
4118,Isabelle,Laurent,Femme,14
4119,Claire,Bernard,Femme,18
4120,Fouad,Touba,Homme,22
4121,Abdellah,Touijer,Homme,22
4122,Hiba,Habti,Femme,14
4123,Imad,Boun,Homme,22
4124,Manal,Chemao,Femme,20
4125,Abdou,Touzi,Homme,9
4126,Badr,Nouaman,Homme,24
4127,Mehdi,Maatoug,Homme,18
4128,Khadija,Boun,Femme,18
4129,Pape,Diallo,Homme,18
4130,Zahia,Zouw,Femme,22
4131,Ali,Touzz,Homme,9
4132,Mariama,Diallo,Femme,24
4133,Yamina,Boun,Femme,24
4134,Abdou,Dahmani,Homme,22
4135,Abdellah,Chemao,Homme,25
4136,Hakim,Rjai,Homme,14
4137,Imad,Touijer,Homme,25
4138,Rida,Boua,Homme,9
4139,Mamadou,Camara,Homme,9
4140,Yassine,Dahmani,Homme,18
4141,Farid,Amarir,Homme,9
4142,Noureddine,Larbi,Homme,25
4143,Hicham,Zniber,Homme,22
4144,Hiba,Oufkir,Femme,9
4145,Younes,Harrak,Homme,9
4146,Hiba,Ouali,Femme,14
4147,Kawtar,Bouzidi,Femme,22
4148,Lotfi,Tahiri,Homme,9
4149,Taha,Zouak,Homme,22
4150,Nasser,Touzi,Homme,25
4151,Zahia,Gue,Femme,22
4152,Zakaria,Kettani,Homme,24
4153,Haj,El Amrani,Homme,25
4154,Omar,Rchid,Homme,24
4155,Amin,Abid,Homme,22
4156,Manal,Zoux,Femme,20
4157,Khadija,Samir,Femme,18
4158,Asma,Zoubir,Femme,9
4159,Habiba,Tazi,Femme,22
4160,Abdallah,Zahri,Homme,24
4161,Mounir,Touil,Homme,9
4162,Zohra,Hilal,Femme,9
4163,Mokhtar,Amarir,Homme,9
4164,Khalida,Hattab,Femme,25
4165,Youssef,Amarir,Homme,25
4166,Aissatou,Diallo,Femme,24
4167,Yousra,Madani,Femme,25
4168,Leila,Houari,Femme,9
4169,Kader,Diallo,Homme,18
4170,Othmane,El Khamsi,Homme,18
4171,Laila,Rchid,Femme,9
4172,Mina,El Amrani,Femme,22
4173,Boutaina,Said,Femme,18
4174,Fadwa,Zoubir,Femme,24
4175,Walid,Benjelloun,Homme,24
4176,Aminata,Sarr,Femme,9
4177,Zohra,Ouazzani,Femme,20
4178,Valérie,Silva,Femme,18
4179,Leila,Roudani,Femme,24
4180,Daniel,Conti,Homme,20
4181,Khalida,Ouali,Femme,9
4182,Mounir,Salmi,Homme,24
4183,Mina,Touz,Femme,25
4184,Aminata,Keita,Femme,22
4185,Adam,Alami,Homme,20
4186,Sira,Touré,Femme,22
4187,Zineb,El Fahime,Femme,24
4188,Basma,Rmil,Femme,24
4189,Kader,Ouattara,Homme,25
4190,Anass,Akka,Homme,22
4191,Larbi,Touza,Homme,18
4192,Sanaa,Zouitni,Femme,20
4193,Ndeye,Ba,Femme,25
4194,Rokia,Ouissaden,Femme,25
4195,Rachid,Jabri,Homme,9
4196,Loubna,Touahri,Femme,18
4197,Rokhaya,Touré,Femme,24
4198,Selma,Slaoui,Femme,9
4199,Sofia,Touza,Femme,22
4200,Bintou,Konaté,Femme,18
4201,Driss,El Fassi,Homme,22
4202,Siham,Touba,Femme,20
4203,Chakib,Kabbaj,Homme,25
4204,Houssam,Gue,Homme,24
4205,Zakaria,El Boukili,Homme,22
4206,Chakib,El Filali,Homme,25
4207,Fatima,Zout,Femme,18
4208,Larbi,Berrada,Homme,24
4209,Malika,Guennoun,Femme,25
4210,Abdellah,Naji,Homme,25
4211,Hanae,Zouine,Femme,22
4212,Safae,Gharbaoui,Femme,9
4213,Aziza,Sabri,Femme,24
4214,Tidiane,Barry,Homme,25
4215,Hajar,Zourk,Femme,18
4216,Boutaina,Jebli,Femme,20
4217,Abdessamad,Nouaman,Homme,20
4218,Soukaina,Zoubir,Femme,22
4219,Lina,Tabit,Femme,14
4220,Kawtar,Touimi,Femme,25
4221,Jamal,Akka,Homme,24
4222,Céline,Andersson,Femme,22
4223,Ihsane,Hammoudi,Femme,14
4224,Yacine,Soussi,Homme,18
4225,Sara,Aroui,Femme,9
4226,Karim,Rjai,Homme,24
4227,Rida,Fennir,Homme,22
4228,Selma,Toumi,Femme,20
4229,Khalid,Mouline,Homme,24
4230,Nadia,Iraqi,Femme,22
4231,Walid,Toumi,Homme,20
4232,Ayoub,Benkirane,Homme,20
4233,Habiba,Kouachi,Femme,22
4234,Hanane,Baraka,Femme,24
4235,Noureddine,Loukili,Homme,25
4236,Zineb,Smahi,Femme,22
4237,Idriss,El Boukili,Homme,14
4238,Amadou,Sow,Homme,9
4239,Sofia,Zouine,Femme,14
4240,Hayat,Bour,Femme,22
4241,Salah,Belkhadir,Homme,24
4242,Douaa,Sbaai,Femme,18
4243,Yasmina,Ouali,Femme,20
4244,Ahmed,Chemao,Homme,25
4245,Mohamed,Idrissi,Homme,20
4246,Othmane,Hammoudi,Homme,14
4247,Imad,Sakhi,Homme,9
4248,Saadia,Tourabi,Femme,20
4249,Ihsane,Hass,Femme,25
4250,Patrick,Conti,Homme,9
4251,Mamadou,Keita,Homme,14
4252,Salah,Ouassou,Homme,18
4253,Boubacar,Fall,Homme,18
4254,Ali,Boudra,Homme,20
4255,Salah,Oujdi,Homme,9
4256,Widad,Samir,Femme,20
4257,Lina,Smahi,Femme,22
4258,Thomas,Silva,Homme,18
4259,Carmen,Laurent,Femme,9
4260,Marwa,Tazi,Femme,18
4261,Anas,Ait,Homme,25
4262,Nezha,Touzy,Femme,14
4263,Nadia,Larbi,Femme,25
4264,Larbi,Zoul,Homme,18
4265,Othmane,Zoul,Homme,22
4266,Fadwa,Smahi,Femme,24
4267,Larbi,Mrani,Homme,24
4268,Badr,Touza,Homme,24
4269,Mohamed,Alaoui,Homme,24
4270,Yaya,Diaw,Homme,24
4271,Kamil,Zerhouni,Homme,25
4272,Zakaria,Khaldoune,Homme,20
4273,Nicolas,Conti,Homme,18
4274,Bintou,Sow,Femme,24
4275,Mariam,Tazi,Femme,20
4276,Bouchra,Tazi,Femme,18
4277,Sophie,Jones,Femme,22
4278,Carlos,Johansson,Homme,25
4279,Abdelaziz,Slaoui,Homme,9
4280,Abdelaziz,Has,Homme,20
4281,Mounia,El,Femme,14
4282,Alpha,Cissé,Homme,18
4283,Idriss,Bouzoubaa,Homme,25
4284,Driss,Mansouri,Homme,18
4285,Mariam,Belkhadir,Femme,25
4286,Rida,Mechbal,Homme,20
4287,Pierre,Martin,Homme,18
4288,Adil,Sakhi,Homme,25
4289,Youssef,Khalil,Homme,22
4290,Ibrahim,Ziyat,Homme,18
4291,Safia,Smires,Femme,24
4292,Idriss,Jamil,Homme,20
4293,Sofia,Oukacha,Femme,22
4294,Soufiane,Dahmani,Homme,20
4295,Lina,Chraibi,Femme,9
4296,Hind,Smires,Femme,18
4297,Kawtar,Saih,Femme,24
4298,Marouane,Bouaouina,Homme,25
4299,Soukaina,Madani,Femme,20
4300,Abdou,Othmani,Homme,25
4301,Driss,Chraibi,Homme,18
4302,Thomas,Dubois,Homme,24
4303,Abderrahmane,El Fahime,Homme,25
4304,Sami,Touzani,Homme,18
4305,Javier,Conti,Homme,24
4306,Ibrahim,Zouhir,Homme,20
4307,Jean,Martin,Homme,9
4308,Rania,Zourk,Femme,18
4309,Mansour,Bouaouina,Homme,25
4310,Naji,Bennani,Homme,9
4311,Sidi,Sebti,Homme,18
4312,Widad,Cherkaoui,Femme,14
4313,Kadija,Diop,Femme,25
4314,Laila,Touijer,Femme,22
4315,Nicolas,Brown,Homme,22
4316,Bouchra,Ouled,Femme,18
4317,Miguel,Laurent,Homme,20
4318,Yahya,Maatoug,Homme,18
4319,Zohra,Hassani,Femme,22
4320,Boubacar,Diaw,Homme,24
4321,Yacine,Gue,Homme,9
4322,Said,El Idrissi,Homme,20
4323,Lotfi,El Khamsi,Homme,9
4324,Samira,Loukili,Femme,22
4325,Farid,Ham,Homme,22
4326,Khalida,Zerouali,Femme,24
4327,Narjis,Touzi,Femme,14
4328,Sokhna,Coulibaly,Femme,20
4329,Safae,Sefrioui,Femme,24
4330,Abdelhamid,Bous,Homme,25
4331,Sophie,Conti,Femme,14
4332,Fatou,Ba,Femme,9
4333,Malika,Bouzoubaa,Femme,14
4334,Salah,Said,Homme,18
4335,Miguel,Bernard,Homme,18
4336,Chaymae,Oufkir,Femme,25
4337,Abderrahmane,Nfissi,Homme,18
4338,Oussama,Ouali,Homme,20
4339,Othmane,Zouitni,Homme,25
4340,Abdelkader,Assou,Homme,9
4341,Rida,Toumi,Homme,20
4342,Aya,Bous,Femme,9
4343,Khalid,Labrini,Homme,25
4344,Valérie,Andersson,Femme,25
4345,Larbi,Sbaai,Homme,22
4346,Kader,Gueye,Homme,18
4347,Othmane,Belkhadir,Homme,24
4348,Mariama,Sylla,Femme,14
4349,Hajar,Larbi,Femme,25
4350,Farida,Chemao,Femme,25
4351,Abdoulaye,Diop,Homme,18
4352,Othmane,Roudani,Homme,22
4353,Mahmoud,El Fahime,Homme,24
4354,Abdellah,Bouhmadi,Homme,9
4355,Jamal,El Fassi,Homme,22
4356,Ikram,Rjai,Femme,9
4357,Aliou,Kane,Homme,14
4358,Zineb,Assou,Femme,22
4359,Jamila,Ham,Femme,25
4360,Mina,Tabit,Femme,14
4361,Hatim,Chaouni,Homme,20
4362,Salah,Berrada,Homme,18
4363,Mohamed,Adouiri,Homme,25
4364,Latifa,Fassi,Femme,25
4365,Hayat,Ziyat,Femme,24
4366,Zahra,Jaouhari,Femme,18
4367,Moussa,Zouro,Homme,14
4368,Hanae,Zouhair,Femme,18
4369,Khalid,Ghomri,Homme,18
4370,Othmane,Zouz,Homme,24
4371,Reda,Kacem,Homme,9
4372,Mame,Ndiaye,Femme,14
4373,Abdoulaye,Diallo,Homme,24
4374,Hicham,Zouqi,Homme,18
4375,Miguel,Martin,Homme,14
4376,Serigne,Sarr,Homme,22
4377,Nadia,Adouiri,Femme,25
4378,Soufiane,Touzz,Homme,25
4379,Omar,Nacer,Homme,14
4380,Asma,Mabrouk,Femme,20
4381,Driss,Bouzoubaa,Homme,9
4382,Fatima,Zouak,Femme,20
4383,Nafissatou,Sarr,Femme,18
4384,Amin,Zouitni,Homme,9
4385,Moussa,Touzani,Homme,20
4386,Abdellah,Zoukh,Homme,24
4387,Walid,Bouzidi,Homme,24
4388,Salsabil,Touz,Femme,14
4389,Adil,Qadiri,Homme,20
4390,Saadia,Demnati,Femme,14
4391,Driss,El Mandjra,Homme,24
4392,Ihsane,Slaoui,Femme,24
4393,Jamal,Bouzidi,Homme,14
4394,Badr,Daoudi,Homme,24
4395,Hayat,Sebti,Femme,20
4396,Mounir,Touza,Homme,24
4397,Kawtar,Aroui,Femme,9
4398,Awa,Sow,Femme,14
4399,Kenza,Hakimi,Femme,9
4400,Aicha,Guennoun,Femme,25
4401,Fouad,Roudani,Homme,20
4402,Rayan,Bouaouina,Homme,18
4403,Khalida,Saih,Femme,24
4404,Selma,Qadiri,Femme,9
4405,Ndeye,Sow,Femme,20
4406,Mahamadou,Sow,Homme,25
4407,Hajar,Zouak,Femme,25
4408,Abdallah,Assou,Homme,25
4409,Yamina,Bouk,Femme,14
4410,Anass,Boudra,Homme,20
4411,Khalid,Rohi,Homme,25
4412,Mariama,Ba,Femme,20
4413,Naima,Skalli,Femme,14
4414,Chaimae,Rahal,Femme,18
4415,Younes,Smahi,Homme,14
4416,Abderrahmane,Touimi,Homme,20
4417,Oussama,Hattab,Homme,14
4418,Aissatou,Keita,Femme,18
4419,Haj,El,Homme,18
4420,Mbarek,El Hachimi,Homme,24
4421,Soukaina,Oufkir,Femme,22
4422,Houda,Touz,Femme,20
4423,Nadia,Sbitri,Femme,24
4424,Nasser,Sbaai,Homme,9
4425,Abdoulaye,Keita,Homme,24
4426,Fadwa,Zouw,Femme,22
4427,Hakim,Akka,Homme,9
4428,Abdelkader,Zouria,Homme,20
4429,Aziz,Chafik,Homme,20
4430,Abderrahmane,Trimech,Homme,20
4431,Sophie,Garcia,Femme,22
4432,Kawtar,Sefiani,Femme,24
4433,Nabila,Berrada,Femme,18
4434,Tidiane,Keita,Homme,14
4435,Naji,Salmi,Homme,14
4436,Manal,Zahir,Femme,22
4437,Moussa,Hakimi,Homme,14
4438,Abdellah,Azou,Homme,22
4439,Céline,Brown,Femme,14
4440,Karim,Rjai,Homme,24
4441,Khadija,Oulhaj,Femme,22
4442,Mariam,Rchid,Femme,9
4443,Noureddine,El Yacoubi,Homme,20
4444,Hayat,Oulhaj,Femme,20
4445,Abdelaziz,Kamil,Homme,24
4446,Sami,Samir,Homme,25
4447,Yassine,Zouhair,Homme,25
4448,Ahlam,Hassani,Femme,9
4449,Karima,Hassani,Femme,20
4450,Kamil,Atou,Homme,22
4451,Moussa,Roudani,Homme,22
4452,Serigne,Gueye,Homme,24
4453,Ilham,Habti,Femme,25
4454,Rabia,Sahraoui,Femme,22
4455,Meryem,Rahal,Femme,14
4456,Hajar,Zahri,Femme,25
4457,Safia,Bouchentouf,Femme,18
4458,Hicham,Mabrouk,Homme,14
4459,Salim,Zouine,Homme,24
4460,Sara,Chafik,Femme,20
4461,Ayman,Rjai,Homme,18
4462,Driss,Toumi,Homme,20
4463,Rachida,Ouali,Femme,20
4464,Miguel,Martin,Homme,20
4465,Amin,El Ghazaoui,Homme,22
4466,Yacine,Benkirane,Homme,22
4467,Hind,Yousra,Femme,20
4468,Antoine,Dubois,Homme,24
4469,Elena,Laurent,Femme,22
4470,Julia,Garcia,Femme,14
4471,Mounir,Maatoug,Homme,9
4472,Abdessamad,Sebti,Homme,25
4473,Rayan,Bourkadi,Homme,20
4474,Abdelhamid,Tazi,Homme,20
4475,Wafa,Rahmouni,Femme,22
4476,Abdelkader,Zoupi,Homme,20
4477,Kadija,Keita,Femme,22
4478,Sami,Trimech,Homme,18
4479,Ali,Oufkir,Homme,18
4480,Jihane,Naciri,Femme,18
4481,Widad,Zouak,Femme,25
4482,Khadija,Touzy,Femme,20
4483,Lina,Harrak,Femme,25
4484,Kamil,Zniber,Homme,14
4485,Safae,Smires,Femme,24
4486,Salma,Larbi,Femme,14
4487,Mbarek,Bahi,Homme,9
4488,Rania,Zoux,Femme,9
4489,Yacine,El Fahime,Homme,22
4490,Abdelaziz,Rjai,Homme,22
4491,Reda,Bout,Homme,18
4492,Mustapha,Toumi,Homme,24
4493,Camille,Moreau,Femme,14
4494,Adam,Naciri,Homme,20
4495,Latifa,Tahri,Femme,9
4496,Yousra,Rahmouni,Femme,9
4497,Karima,Rais,Femme,25
4498,Laila,Bouk,Femme,9
4499,Nezha,Ouali,Femme,9
4500,Ilham,El Khamsi,Femme,22
4501,Chiara,Santos,Femme,18
4502,Hiba,Lahlou,Femme,18
4503,Ndeye,Diaw,Femme,20
4504,Nicolas,Schmidt,Homme,24
4505,Elena,Dubois,Femme,24
4506,Nabil,Slaoui,Homme,18
4507,Ayman,Tazi,Homme,25
4508,Lucas,Martin,Homme,9
4509,Amine,El Mandjra,Homme,20
4510,Ihsane,Mouline,Femme,14
4511,Touria,Touz,Femme,14
4512,Latifa,El Khattabi,Femme,25
4513,Nisrine,Soussi,Femme,22
4514,Naima,Sabri,Femme,22
4515,Mahdi,Rohi,Homme,24
4516,Nezha,Hakimi,Femme,18
4517,Fatimazahra,Bouhmadi,Femme,14
4518,Sabrina,Dahmani,Femme,24
4519,Salma,Loukili,Femme,24
4520,Touria,Touzy,Femme,9
4521,Mariam,Belkhadir,Femme,9
4522,Aicha,Touza,Femme,20
4523,Patrick,Martin,Homme,18
4524,Sofia,Rjai,Femme,25
4525,David,Wilson,Homme,9
4526,Mahmoud,Rguibi,Homme,25
4527,Ihsane,Maatoug,Femme,25
4528,Haj,Samir,Homme,14
4529,Ihsane,Touji,Femme,24
4530,Hind,Hammoudi,Femme,22
4531,Adam,Kacem,Homme,24
4532,Yahya,Touz,Homme,24
4533,Rida,Salmi,Homme,9
4534,Naima,Har,Femme,24
4535,Hatim,Touza,Homme,14
4536,Kenza,Touji,Femme,22
4537,Mohamed,Toufi,Homme,25
4538,Rokia,Sefrioui,Femme,22
4539,Mbayang,Konaté,Femme,14
4540,Soukaina,Toufi,Femme,18
4541,Mokhtar,Touz,Homme,14
4542,Maimouna,Diop,Femme,25
4543,Houssam,Slaoui,Homme,20
4544,Karim,Gueddari,Homme,9
4545,Ali,Rguibi,Homme,22
4546,Houda,Boun,Femme,25
4547,Hakim,Sassi,Homme,22
4548,Mina,Had,Femme,9
4549,Marouane,Hilal,Homme,25
4550,Oussama,Othmani,Homme,14
4551,Mamadou,Fall,Homme,22
4552,Nabil,Ouled,Homme,20
4553,Marouane,Bouhout,Homme,22
4554,Noureddine,Kouachi,Homme,24
4555,Marouane,Rifi,Homme,9
4556,Bouchra,Kettani,Femme,20
4557,Ilham,Sefrioui,Femme,22
4558,Taoufik,Zahri,Femme,22
4559,Abdelaziz,Touzani,Homme,24
4560,Leila,Bouzoubaa,Femme,18
4561,Hayat,El Fassi,Femme,9
4562,Ihsane,Zouitni,Femme,20
4563,Mohammed,Hassani,Homme,22
4564,Kamil,Zoumar,Homme,14
4565,Said,Has,Homme,9
4566,Latifa,El Fahime,Femme,9
4567,Basma,Touz,Femme,9
4568,Kamil,El Moutaouakil,Homme,20
4569,Cheikh,Cissé,Homme,14
4570,Naji,Tougi,Homme,24
4571,Mansour,Tlemsani,Homme,22
4572,Nabila,Touza,Femme,25
4573,Ilham,Zouitni,Femme,18
4574,Rachida,Joundy,Femme,18
4575,Adam,Mernissi,Homme,22
4576,Khalida,Har,Femme,20
4577,Malika,Touhi,Femme,18
4578,Ilyas,Bous,Homme,20
4579,Samir,Kabbaj,Homme,25
4580,Salma,Bouzekri,Femme,14
4581,Amal,El Ghalbi,Femme,22
4582,Loubna,Jamil,Femme,18
4583,Mariama,Sarr,Femme,18
4584,Ghita,Zoukir,Femme,25
4585,Yassine,Ziyat,Homme,20
4586,Idriss,Lahcen,Homme,22
4587,Zahia,Rifi,Femme,9
4588,Mounir,Kacem,Homme,24
4589,Khadija,Zourk,Femme,20
4590,Mehdi,Aroui,Homme,14
4591,Sira,Camara,Femme,24
4592,Oussama,Sassi,Homme,9
4593,Naima,Sbitri,Femme,20
4594,Fatima,Zouhir,Femme,18
4595,Anass,Touba,Homme,9
4596,Aliou,Gueye,Homme,22
4597,Loubna,Kabbaj,Femme,18
4598,Zakaria,Toufi,Homme,22
4599,Isabelle,Moreau,Femme,25
4600,Miguel,Silva,Homme,22
4601,Hassan,Oujdi,Homme,18
4602,Mounia,Lahlou,Femme,9
4603,Amin,Ouassou,Homme,18
4604,Houssam,Mabrouk,Homme,20
4605,Yahya,Smahi,Homme,22
4606,Abdelaziz,Bourkadi,Homme,25
4607,Mustapha,Tabit,Homme,25
4608,Taha,Jamil,Homme,22
4609,Fouad,Touzz,Homme,24
4610,Karima,Azou,Femme,9
4611,Younes,Zouqi,Homme,18
4612,Mokhtar,Touzani,Homme,9
4613,Kawtar,Oujdi,Femme,18
4614,Salsabil,Bouchentouf,Femme,14
4615,Amadou,Coulibaly,Homme,14
4616,Nicolas,Jones,Homme,18
4617,Mansour,Ait,Homme,9
4618,Habiba,Mechbal,Femme,18
4619,Safae,Harrak,Femme,25
4620,Rokia,Tlemsani,Femme,14
4621,Aziz,Slaoui,Homme,18
4622,Chaymae,Zouhair,Femme,9
4623,Nathalie,Santos,Femme,24
4624,Tidiane,Fall,Homme,9
4625,Jihane,Nasser,Femme,22
4626,Nezha,Khalil,Femme,9
4627,Aziza,Kettani,Femme,20
4628,Ahlam,Zouhair,Femme,14
4629,Fadwa,Zouine,Femme,24
4630,Driss,Guennoun,Homme,20
4631,Hicham,Saih,Homme,22
4632,Tariq,Loukili,Homme,14
4633,Nasser,Tazi,Homme,9
4634,Hiba,Touzi,Femme,14
4635,Mahdi,Zoumar,Homme,20
4636,Hafsa,Yassi,Femme,14
4637,Selma,Gharbaoui,Femme,25
4638,Mina,Saadi,Femme,9
4639,Ahmed,Zerhouni,Homme,9
4640,Zineb,Touzy,Femme,22
4641,Halima,Boun,Femme,22
4642,Hajar,Rjai,Femme,9
4643,Aissatou,Fall,Femme,20
4644,Mariam,Niama,Femme,22
4645,Sira,Diop,Femme,20
4646,Nabil,Bous,Homme,25
4647,Rokia,Zouria,Femme,25
4648,Hamza,Tahiri,Homme,24
4649,Serigne,Ouattara,Homme,9
4650,Ibrahim,Zouw,Homme,25
4651,Abdellah,Zoun,Homme,24
4652,Sara,Ghomri,Femme,20
4653,Amin,Zouita,Homme,14
4654,Noureddine,Ham,Homme,18
4655,Latifa,Oujdi,Femme,20
4656,Houssam,Samir,Homme,14
4657,Yahya,Mernissi,Homme,24
4658,Khadija,El Yacoubi,Femme,20
4659,Patrick,Fernandez,Homme,9
4660,Manal,Iraqi,Femme,20
4661,Adam,Tazi,Homme,24
4662,Mohamed,Gharbaoui,Homme,20
4663,Ikram,Idrissi,Femme,14
4664,Naima,Touimi,Femme,25
4665,Younes,Sabri,Homme,20
4666,Saadia,Dahmani,Femme,24
4667,Mehdi,Tazi,Homme,20
4668,Ilham,Bouchentouf,Femme,9
4669,Siham,Hass,Femme,9
4670,Aziza,Skalli,Femme,14
4671,Karim,Laraki,Homme,20
4672,Chaimae,Hassani,Femme,25
4673,Ines,Zouz,Femme,25
4674,Nora,Sefrioui,Femme,24
4675,Patricia,Rodriguez,Femme,25
4676,Chaymae,Bouhmadi,Femme,9
4677,Abdelali,Zouitni,Homme,18
4678,Dounia,Salem,Femme,20
4679,Rokhaya,Cissé,Femme,22
4680,Abdou,Hammoudi,Homme,14
4681,Khadija,Samir,Femme,22
4682,Younes,Yousra,Homme,20
4683,Ayoub,Touzani,Homme,18
4684,Nabil,Rifi,Homme,18
4685,Awa,Barry,Femme,24
4686,Abdessamad,Zouri,Homme,14
4687,Rim,Touzi,Femme,9
4688,Jean,Martin,Homme,18
4689,Ilham,Touzi,Femme,22
4690,Zara,Zouro,Femme,9
4691,Adam,Smahi,Homme,24
4692,Fatima,Skalli,Femme,18
4693,Omar,Benjelloun,Homme,25
4694,Ali,Kharroubi,Homme,22
4695,Antoine,Dubois,Homme,14
4696,Tariq,Dah,Homme,18
4697,Laura,Dubois,Femme,18
4698,Fouad,Oufkir,Homme,22
4699,Javier,Rossi,Homme,25
4700,Michael,Lopez,Homme,24
4701,Wassim,Hakimi,Homme,9
4702,Oussama,Mernissi,Homme,22
4703,Ines,Yousra,Femme,9
4704,Narjis,Khaldoune,Femme,9
4705,Anas,Zerouali,Homme,24
4706,Dounia,Zouzz,Femme,18
4707,Laila,Touzz,Femme,24
4708,Kawtar,Joundy,Femme,9
4709,Mahmoud,Has,Homme,14
4710,Larbi,Tabit,Homme,25
4711,Naima,Salem,Femme,24
4712,Halima,El Khattabi,Femme,14
4713,Sanaa,Benjelloun,Femme,20
4714,Aissatou,Konaté,Femme,9
4715,Mohammed,Toufi,Homme,25
4716,Rabia,El Yousfi,Femme,9
4717,Malika,Slaoui,Femme,24
4718,Latifa,Kabbaj,Femme,9
4719,Oumou,Camara,Femme,25
4720,Marwa,Zouhir,Femme,24
4721,Hamza,Mabrouk,Homme,20
4722,Tidiane,Sylla,Homme,25
4723,Boutaina,Kettani,Femme,25
4724,Asma,Zaid,Femme,22
4725,Malika,Khaldoune,Femme,24
4726,Mohamed,Zahri,Homme,20
4727,Zohra,Toufali,Femme,25
4728,Mbayang,Keita,Femme,25
4729,Rajae,Salmi,Femme,14
4730,Ali,Baraka,Homme,14
4731,Abdessamad,Sbaai,Homme,20
4732,Nicolas,Müller,Homme,14
4733,Laura,Santos,Femme,20
4734,Mame,Diop,Femme,14
4735,Youssef,Ouassou,Homme,22
4736,Ahlam,Zouita,Femme,25
4737,Sofia,Dlimi,Femme,24
4738,Valérie,Simon,Femme,20
4739,Marouane,Oujdi,Homme,9
4740,Halima,Sbitri,Femme,9
4741,Ilham,Jaouhari,Femme,22
4742,Abderrahmane,Naji,Homme,24
4743,Amina,Tazi,Femme,25
4744,Rajae,Ziyat,Femme,18
4745,Imad,Idrissi,Homme,18
4746,Ghita,Alaoui,Femme,9
4747,Bintou,Sarr,Femme,18
4748,Anas,Kharroubi,Homme,9
4749,Soufiane,Zoul,Homme,24
4750,Rania,Ham,Femme,9
4751,Douaa,Chraibi,Femme,9
4752,Yahya,El Ghalbi,Homme,22
4753,Samira,Akka,Femme,14
4754,Mahamadou,Diop,Homme,24
4755,Fernando,Moreau,Homme,22
4756,Hanane,Karam,Femme,18
4757,Wafa,Radi,Femme,9
4758,Narjis,Bouazzaoui,Femme,20
4759,Oussama,Guennoun,Homme,25
4760,Aicha,Kabbaj,Femme,25
4761,Fernando,Dubois,Homme,24
4762,Aziza,Lahcen,Femme,25
4763,Zineb,El Idrissi,Femme,14
4764,Hicham,Aroui,Homme,9
4765,Mokhtar,Gharbaoui,Homme,20
4766,Sabrina,Belkhadir,Femme,9
4767,Amal,Smahi,Femme,25
4768,Khadija,Lahlou,Femme,25
4769,Ali,Benkirane,Homme,24
4770,Sophie,Fernandez,Femme,14
4771,Larbi,Slaoui,Homme,14
4772,Rabia,Zouhair,Femme,14
4773,Mohamed,Zouria,Homme,14
4774,Ayoub,Azou,Homme,20
4775,Lucas,Müller,Homme,24
4776,Fatima,Khalil,Femme,25
4777,Khalid,El Fahime,Homme,24
4778,Zineb,Dahmani,Femme,9
4779,Reda,El Fahime,Homme,18
4780,Latifa,Moujahid,Femme,22
4781,Kadija,Gueye,Femme,20
4782,Sanaa,Bahi,Femme,14
4783,Moussa,Berrada,Homme,25
4784,Nora,Habti,Femme,25
4785,Omar,Moussa,Homme,25
4786,Safia,Bouzekri,Femme,9
4787,Salim,Slaoui,Homme,9
4788,Rida,Maatoug,Homme,18
4789,Lina,Rohi,Femme,18
4790,Khalida,Nasser,Femme,22
4791,Taoufik,Daoudi,Femme,20
4792,Julia,Bernard,Femme,20
4793,Latifa,Touil,Femme,20
4794,Mbarek,Slaoui,Homme,25
4795,Ayman,Tlemsani,Homme,18
4796,Samira,Touza,Femme,22
4797,Ilyas,Zoukir,Homme,18
4798,Zakaria,Boun,Homme,9
4799,Yamina,Chafik,Femme,20
4800,Rayan,Touzz,Homme,14
4801,Zouhair,Dlimi,Homme,9
4802,Carlos,Garcia,Homme,20
4803,Salim,Tlemsani,Homme,9
4804,Badr,Demnati,Homme,18
4805,Hiba,Toufi,Femme,20
4806,Laura,Rodriguez,Femme,9
4807,Ibrahim,Ouattara,Homme,18
4808,Karim,Zouria,Homme,14
4809,Ihsane,Yassi,Femme,22
4810,Mahdi,Toufali,Homme,20
4811,Zakaria,Akka,Homme,9
4812,Hiba,Bouazzaoui,Femme,20
4813,Soufiane,Zoupi,Homme,24
4814,Karima,El,Femme,14
4815,Oumou,Cissé,Femme,22
4816,Malika,Bouchentouf,Femme,9
4817,Ilham,Alaoui,Femme,14
4818,Khalida,Adouiri,Femme,20
4819,Taha,Bour,Homme,14
4820,Sidi,Karam,Homme,18
4821,Amal,Oulad,Femme,25
4822,Ibrahim,Zout,Homme,9
4823,Aziz,Jaouhari,Homme,22
4824,Hakim,Touil,Homme,25
4825,Amina,Fassi,Femme,18
4826,Hind,Bouazzaoui,Femme,18
4827,Imad,Tijarti,Homme,9
4828,Carlos,Dupont,Homme,18
4829,Sara,Zoun,Femme,18
4830,Noura,Rmil,Femme,9
4831,Malika,Boun,Femme,9
4832,Fouad,Zoumar,Homme,25
4833,Rayan,El Hachimi,Homme,24
4834,Ndeye,Ndiaye,Femme,22
4835,Ilyas,Bous,Homme,25
4836,Nezha,Qadiri,Femme,18
4837,Amin,Atou,Homme,25
4838,Halima,Smires,Femme,18
4839,Samira,Ouahbi,Femme,20
4840,Lotfi,Bouzidi,Homme,24
4841,Khadija,Bous,Femme,18
4842,Abdellah,El Yazidi,Homme,18
4843,Bintou,Sarr,Femme,24
4844,Fadwa,Zouine,Femme,25
4845,Ayoub,Bouz,Homme,14
4846,Jamila,Has,Femme,14
4847,Claire,Fernandez,Femme,24
4848,Ilyas,Hammoudi,Homme,25
4849,Boutaina,Zouhair,Femme,20
4850,Mina,Zoumir,Femme,20
4851,Ilham,Has,Femme,25
4852,Marouane,Soussi,Homme,25
4853,Moussa,Yousra,Homme,22
4854,Said,Khaldoune,Homme,24
4855,Walid,Zerouali,Homme,22
4856,Loubna,El Moutaouakil,Femme,25
4857,Rajae,Hass,Femme,22
4858,Aya,Tourabi,Femme,14
4859,Rayan,Rchidi,Homme,22
4860,Bouchra,Slaoui,Femme,9
4861,Ibrahim,Barry,Homme,20
4862,Fadwa,Joundy,Femme,20
4863,Karima,Zous,Femme,20
4864,Soufiane,El Omari,Homme,18
4865,Aziz,Boua,Homme,22
4866,David,Dubois,Homme,25
4867,Karim,Bahi,Homme,9
4868,Amin,Touzy,Homme,9
4869,Salim,Khaldoune,Homme,9
4870,Amine,Rifi,Homme,24
4871,Idriss,Has,Homme,9
4872,Ayoub,El Mrabet,Homme,14
4873,Nora,Saih,Femme,24
4874,Habiba,Hattab,Femme,9
4875,Ghita,Bouk,Femme,24
4876,Ikram,Zoun,Femme,25
4877,Kawtar,Zouzz,Femme,18
4878,Abderrahmane,Atou,Homme,24
4879,Mariam,Touzy,Femme,18
4880,Idriss,Doukkali,Homme,25
4881,Khadija,Mrani,Femme,18
4882,Sofia,Conti,Femme,14
4883,Nasser,Ait,Homme,14
4884,Farid,Doukkali,Homme,24
4885,Mounia,Chaouni,Femme,14
4886,Rabia,Kacem,Femme,22
4887,Mbayang,Konaté,Femme,25
4888,Taha,Tijarti,Homme,24
4889,Hakim,Bouzoubaa,Homme,18
4890,Salim,Moujahid,Homme,22
4891,Touria,Bouz,Femme,25
4892,Khadija,Kabbaj,Femme,25
4893,Mina,Rmil,Femme,18
4894,Mame,Coulibaly,Femme,14
4895,Yasmina,Bouz,Femme,25
4896,Abdelkader,Moussaoui,Homme,22
4897,Soukaina,Zouz,Femme,25
4898,Sofia,Lopez,Femme,20
4899,Younes,Doukkali,Homme,20
4900,Touria,Touzz,Femme,25
4901,Amal,Baraka,Femme,22
4902,Fatimazahra,Rais,Femme,24
4903,Said,Jebli,Homme,20
4904,Abdelali,Bouhmadi,Homme,24
4905,Farida,Touzz,Femme,9
4906,Mounir,Zoukh,Homme,20
4907,Fatimazahra,Hattab,Femme,14
4908,Sara,Bouhmadi,Femme,20
4909,Alpha,Touré,Homme,18
4910,Taoufik,Qadiri,Femme,25
4911,Khadija,Zouz,Femme,25
4912,Yahya,Jabri,Homme,20
4913,Abdou,Gharbaoui,Homme,24
4914,Imad,Gharbaoui,Homme,20
4915,Julia,Dubois,Femme,14
4916,Sofia,Zouria,Femme,24
4917,Abdallah,Toumi,Homme,14
4918,Farid,Yassi,Homme,18
4919,Hiba,Tabit,Femme,20
4920,Zouhair,Touil,Homme,18
4921,Abdelkader,Zouw,Homme,22
4922,Amadou,Keita,Homme,24
4923,Karim,Khaldoune,Homme,25
4924,Sofia,Sabri,Femme,20
4925,Aicha,Touza,Femme,25
4926,Mohamed,Lahlou,Homme,9
4927,Samir,Chaouni,Homme,9
4928,Loubna,Zoukir,Femme,18
4929,Rayan,Zouy,Homme,25
4930,Chakib,Rjai,Homme,14
4931,Ilham,Jorio,Femme,24
4932,Amal,Larbi,Femme,14
4933,Hayat,El Idrissi,Femme,18
4934,Ismail,Toumi,Homme,9
4935,Hiba,Sakhi,Femme,20
4936,Boubacar,Gueye,Homme,22
4937,Yassine,Boul,Homme,9
4938,Jamal,Sabri,Homme,18
4939,Abdou,Rahal,Homme,9
4940,Zakaria,Lamrani,Homme,25
4941,Hanae,Zouhair,Femme,14
4942,Farida,Bouzoubaa,Femme,20
4943,Daniel,Moreau,Homme,18
4944,Khalida,Amarir,Femme,20
4945,Amina,Zouak,Femme,9
4946,Chaimae,El Khamsi,Femme,20
4947,Rabia,Zoun,Femme,14
4948,Latifa,Nouaman,Femme,14
4949,Soukaina,Ziyat,Femme,24
4950,Basma,Touza,Femme,24
4951,Daniel,Bernard,Homme,24
4952,Siham,Alaoui,Femme,24
4953,Ilyas,Jebli,Homme,18
4954,Fadwa,Moussa,Femme,24
4955,Modou,Keita,Homme,9
4956,Mariam,Smahi,Femme,20
4957,Mounir,Touzy,Homme,14
4958,Khalid,Oujdi,Homme,25
4959,Loubna,Touhi,Femme,9
4960,Abdou,El Yousfi,Homme,14
4961,Saadia,Hass,Femme,20
4962,Yousra,Oulad,Femme,14
4963,Fouad,Toufali,Homme,9
4964,Abdou,Bouzekri,Homme,14
4965,Aya,Bouz,Femme,20
4966,Hatim,Loukili,Homme,9
4967,Driss,Ouali,Homme,22
4968,Rachid,El Yacoubi,Homme,14
4969,Mohamed,Iraqi,Homme,24
4970,Kamil,El Yazidi,Homme,25
4971,Farida,Gueddari,Femme,20
4972,Antoine,Lopez,Homme,18
4973,Soufiane,Gueddari,Homme,22
4974,Idriss,Yousra,Homme,14
4975,Michael,Schmidt,Homme,20
4976,Pierre,Moreau,Homme,25
4977,Selma,Chafik,Femme,24
4978,Habiba,Touz,Femme,22
4979,Ayoub,Jorio,Homme,9
4980,Saadia,Hakimi,Femme,18
4981,Mehdi,Slaoui,Homme,18
4982,Claire,Jones,Femme,14
4983,Maimouna,Camara,Femme,18
4984,Abdellah,Toufali,Homme,20
4985,Zineb,Zoukh,Femme,22
4986,Abdelali,Cherkaoui,Homme,18
4987,Chaymae,Chafik,Femme,24
4988,Sara,Sefrioui,Femme,20
4989,Idriss,Iraqi,Homme,20
4990,Ayman,Tourabi,Homme,25
4991,Zakaria,Zoux,Homme,22
4992,Rajae,Saadi,Femme,18
4993,Nicolas,Santos,Homme,14
4994,Hafsa,Zerhouni,Femme,24
4995,Boutaina,Houari,Femme,18
4996,Abdessamad,Alami,Homme,25
4997,Nezha,Ouled,Femme,24
4998,Zara,Zoukir,Femme,25
4999,Bilal,Lahcen,Homme,24
5000,Mustapha,Mouline,Homme,25