absence_id,etudiant_id,absence_date,absence_heures,filieres_groupe_id,filieres_nom,filieres_niveau,groupes_nom
1,7,2025-02-07,6,2,Annees Preparatoires,AP1,AP1_G2
2,8,2025-05-17,2,2,Annees Preparatoires,AP1,AP1_G2
3,9,2024-12-23,6,2,Annees Preparatoires,AP1,AP1_G2
4,10,2025-01-28,2,1,Annees Preparatoires,AP1,AP1_G1
5,10,2024-09-17,4,1,Annees Preparatoires,AP1,AP1_G1
6,10,2025-06-18,4,1,Annees Preparatoires,AP1,AP1_G1
7,10,2025-06-25,6,1,Annees Preparatoires,AP1,AP1_G1
8,11,2025-03-08,4,1,Annees Preparatoires,AP1,AP1_G1
9,11,2025-01-03,4,1,Annees Preparatoires,AP1,AP1_G1
10,11,2025-06-26,2,1,Annees Preparatoires,AP1,AP1_G1
11,11,2025-01-09,2,1,Annees Preparatoires,AP1,AP1_G1
12,11,2024-10-16,2,1,Annees Preparatoires,AP1,AP1_G1
13,13,2025-05-13,2,2,Annees Preparatoires,AP1,AP1_G2
14,13,2025-05-17,2,2,Annees Preparatoires,AP1,AP1_G2
15,13,2024-12-08,4,2,Annees Preparatoires,AP1,AP1_G2
16,13,2024-09-06,2,2,Annees Preparatoires,AP1,AP1_G2
17,14,2025-05-01,2,1,Annees Preparatoires,AP1,AP1_G1
18,14,2024-09-07,4,1,Annees Preparatoires,AP1,AP1_G1
19,15,2025-02-19,2,1,Annees Preparatoires,AP1,AP1_G1
20,16,2025-06-28,2,1,Annees Preparatoires,AP1,AP1_G1
21,16,2024-12-07,4,1,Annees Preparatoires,AP1,AP1_G1
22,20,2024-12-29,2,1,Annees Preparatoires,AP1,AP1_G1
23,23,2024-11-07,2,2,Annees Preparatoires,AP1,AP1_G2
24,23,2025-03-16,4,2,Annees Preparatoires,AP1,AP1_G2
25,27,2025-02-18,2,1,Annees Preparatoires,AP1,AP1_G1
26,27,2025-01-29,6,1,Annees Preparatoires,AP1,AP1_G1
27,28,2024-10-31,8,1,Annees Preparatoires,AP1,AP1_G1
28,28,2025-02-02,2,1,Annees Preparatoires,AP1,AP1_G1
29,31,2024-12-23,6,2,Annees Preparatoires,AP1,AP1_G2
30,35,2025-02-07,4,1,Annees Preparatoires,AP1,AP1_G1
31,37,2024-11-20,6,1,Annees Preparatoires,AP1,AP1_G1
32,38,2024-09-03,2,1,Annees Preparatoires,AP1,AP1_G1
33,39,2025-03-29,2,2,Annees Preparatoires,AP1,AP1_G2
34,40,2024-10-10,4,1,Annees Preparatoires,AP1,AP1_G1
35,40,2024-09-29,4,1,Annees Preparatoires,AP1,AP1_G1
36,41,2025-03-10,2,1,Annees Preparatoires,AP1,AP1_G1
37,41,2025-06-12,4,1,Annees Preparatoires,AP1,AP1_G1
38,41,2025-05-04,4,1,Annees Preparatoires,AP1,AP1_G1
39,42,2024-10-01,2,1,Annees Preparatoires,AP1,AP1_G1
40,43,2024-11-28,4,2,Annees Preparatoires,AP1,AP1_G2
41,47,2024-12-25,2,1,Annees Preparatoires,AP1,AP1_G1
42,47,2025-02-24,2,1,Annees Preparatoires,AP1,AP1_G1
43,47,2024-11-01,4,1,Annees Preparatoires,AP1,AP1_G1
44,47,2025-06-18,2,1,Annees Preparatoires,AP1,AP1_G1
45,53,2024-11-04,6,2,Annees Preparatoires,AP1,AP1_G2
46,57,2025-01-14,6,1,Annees Preparatoires,AP1,AP1_G1
47,58,2025-06-08,2,2,Annees Preparatoires,AP1,AP1_G2
48,58,2025-03-15,2,2,Annees Preparatoires,AP1,AP1_G2
49,58,2025-04-08,6,2,Annees Preparatoires,AP1,AP1_G2
50,58,2024-12-07,2,2,Annees Preparatoires,AP1,AP1_G2
51,58,2025-03-13,2,2,Annees Preparatoires,AP1,AP1_G2
52,58,2024-09-02,2,2,Annees Preparatoires,AP1,AP1_G2
53,58,2024-09-30,6,2,Annees Preparatoires,AP1,AP1_G2
54,60,2025-01-11,6,2,Annees Preparatoires,AP1,AP1_G2
55,62,2024-12-03,2,2,Annees Preparatoires,AP1,AP1_G2
56,62,2025-06-04,2,2,Annees Preparatoires,AP1,AP1_G2
57,63,2024-12-04,4,1,Annees Preparatoires,AP1,AP1_G1
58,64,2025-05-07,2,1,Annees Preparatoires,AP1,AP1_G1
59,64,2024-10-05,2,1,Annees Preparatoires,AP1,AP1_G1
60,65,2024-09-25,2,2,Annees Preparatoires,AP1,AP1_G2
61,66,2025-06-10,2,2,Annees Preparatoires,AP1,AP1_G2
62,67,2024-10-14,2,1,Annees Preparatoires,AP1,AP1_G1
63,69,2025-05-22,6,2,Annees Preparatoires,AP1,AP1_G2
64,69,2024-12-05,2,2,Annees Preparatoires,AP1,AP1_G2
65,69,2025-04-13,8,2,Annees Preparatoires,AP1,AP1_G2
66,71,2024-09-05,2,2,Annees Preparatoires,AP1,AP1_G2
67,71,2024-12-10,2,2,Annees Preparatoires,AP1,AP1_G2
68,71,2025-05-24,4,2,Annees Preparatoires,AP1,AP1_G2
69,72,2024-11-12,4,2,Annees Preparatoires,AP1,AP1_G2
70,72,2025-05-29,8,2,Annees Preparatoires,AP1,AP1_G2
71,72,2025-02-03,2,2,Annees Preparatoires,AP1,AP1_G2
72,72,2024-11-08,2,2,Annees Preparatoires,AP1,AP1_G2
73,74,2024-12-28,4,2,Annees Preparatoires,AP1,AP1_G2
74,75,2025-04-08,2,1,Annees Preparatoires,AP1,AP1_G1
75,76,2025-04-17,4,2,Annees Preparatoires,AP1,AP1_G2
76,77,2025-04-15,4,2,Annees Preparatoires,AP1,AP1_G2
77,77,2025-06-14,2,2,Annees Preparatoires,AP1,AP1_G2
78,77,2024-12-20,6,2,Annees Preparatoires,AP1,AP1_G2
79,77,2024-12-13,2,2,Annees Preparatoires,AP1,AP1_G2
80,78,2025-06-13,2,1,Annees Preparatoires,AP1,AP1_G1
81,79,2025-03-21,6,2,Annees Preparatoires,AP1,AP1_G2
82,80,2025-01-09,6,1,Annees Preparatoires,AP1,AP1_G1
83,83,2025-05-08,6,2,Annees Preparatoires,AP1,AP1_G2
84,87,2024-09-20,2,2,Annees Preparatoires,AP1,AP1_G2
85,88,2024-12-11,6,1,Annees Preparatoires,AP1,AP1_G1
86,91,2025-04-03,2,1,Annees Preparatoires,AP1,AP1_G1
87,91,2025-01-14,2,1,Annees Preparatoires,AP1,AP1_G1
88,91,2024-09-07,4,1,Annees Preparatoires,AP1,AP1_G1
89,91,2024-09-18,4,1,Annees Preparatoires,AP1,AP1_G1
90,91,2024-12-04,4,1,Annees Preparatoires,AP1,AP1_G1
91,91,2025-03-31,4,1,Annees Preparatoires,AP1,AP1_G1
92,94,2025-04-23,4,2,Annees Preparatoires,AP1,AP1_G2
93,94,2025-01-19,4,2,Annees Preparatoires,AP1,AP1_G2
94,95,2024-10-03,2,1,Annees Preparatoires,AP1,AP1_G1
95,96,2024-09-03,2,1,Annees Preparatoires,AP1,AP1_G1
96,97,2024-09-30,2,1,Annees Preparatoires,AP1,AP1_G1
97,98,2025-03-13,8,1,Annees Preparatoires,AP1,AP1_G1
98,98,2024-10-28,6,1,Annees Preparatoires,AP1,AP1_G1
99,98,2025-05-18,2,1,Annees Preparatoires,AP1,AP1_G1
100,99,2024-11-03,4,2,Annees Preparatoires,AP1,AP1_G2
101,99,2024-12-21,2,2,Annees Preparatoires,AP1,AP1_G2
102,102,2025-05-17,2,2,Annees Preparatoires,AP1,AP1_G2
103,102,2024-10-25,8,2,Annees Preparatoires,AP1,AP1_G2
104,104,2024-10-11,4,1,Annees Preparatoires,AP1,AP1_G1
105,106,2025-04-20,4,2,Annees Preparatoires,AP1,AP1_G2
106,106,2025-01-22,8,2,Annees Preparatoires,AP1,AP1_G2
107,106,2025-04-08,6,2,Annees Preparatoires,AP1,AP1_G2
108,106,2025-03-25,2,2,Annees Preparatoires,AP1,AP1_G2
109,107,2025-05-15,8,1,Annees Preparatoires,AP1,AP1_G1
110,108,2025-06-22,2,1,Annees Preparatoires,AP1,AP1_G1
111,109,2025-05-01,2,2,Annees Preparatoires,AP1,AP1_G2
112,111,2024-11-18,8,2,Annees Preparatoires,AP1,AP1_G2
113,111,2024-09-27,8,2,Annees Preparatoires,AP1,AP1_G2
114,111,2025-04-03,4,2,Annees Preparatoires,AP1,AP1_G2
115,112,2025-04-11,2,2,Annees Preparatoires,AP1,AP1_G2
116,113,2025-03-16,8,1,Annees Preparatoires,AP1,AP1_G1
117,116,2024-09-26,2,1,Annees Preparatoires,AP1,AP1_G1
118,122,2025-06-26,2,2,Annees Preparatoires,AP1,AP1_G2
119,125,2025-03-24,6,2,Annees Preparatoires,AP1,AP1_G2
120,126,2025-03-02,4,2,Annees Preparatoires,AP1,AP1_G2
121,126,2025-01-29,4,2,Annees Preparatoires,AP1,AP1_G2
122,126,2024-12-12,4,2,Annees Preparatoires,AP1,AP1_G2
123,127,2024-10-24,4,1,Annees Preparatoires,AP1,AP1_G1
124,128,2025-05-20,4,2,Annees Preparatoires,AP1,AP1_G2
125,129,2025-01-01,8,1,Annees Preparatoires,AP1,AP1_G1
126,129,2025-04-16,4,1,Annees Preparatoires,AP1,AP1_G1
127,129,2024-10-23,4,1,Annees Preparatoires,AP1,AP1_G1
128,131,2025-03-05,4,2,Annees Preparatoires,AP1,AP1_G2
129,135,2025-03-31,4,1,Annees Preparatoires,AP1,AP1_G1
130,139,2025-02-28,6,1,Annees Preparatoires,AP1,AP1_G1
131,141,2024-09-11,2,1,Annees Preparatoires,AP1,AP1_G1
132,142,2025-06-06,2,1,Annees Preparatoires,AP1,AP1_G1
133,144,2025-01-02,8,2,Annees Preparatoires,AP1,AP1_G2
134,144,2024-12-13,6,2,Annees Preparatoires,AP1,AP1_G2
135,145,2025-01-04,4,1,Annees Preparatoires,AP1,AP1_G1
136,151,2025-05-07,2,2,Annees Preparatoires,AP1,AP1_G2
137,154,2025-02-09,2,1,Annees Preparatoires,AP1,AP1_G1
138,154,2025-03-31,4,1,Annees Preparatoires,AP1,AP1_G1
139,155,2024-11-23,2,2,Annees Preparatoires,AP1,AP1_G2
140,155,2024-12-08,6,2,Annees Preparatoires,AP1,AP1_G2
141,155,2024-11-07,4,2,Annees Preparatoires,AP1,AP1_G2
142,157,2025-02-01,2,1,Annees Preparatoires,AP1,AP1_G1
143,157,2024-12-02,4,1,Annees Preparatoires,AP1,AP1_G1
144,157,2025-05-01,6,1,Annees Preparatoires,AP1,AP1_G1
145,157,2025-06-02,2,1,Annees Preparatoires,AP1,AP1_G1
146,159,2025-05-30,2,2,Annees Preparatoires,AP1,AP1_G2
147,160,2025-02-05,8,1,Annees Preparatoires,AP1,AP1_G1
148,161,2025-06-02,2,1,Annees Preparatoires,AP1,AP1_G1
149,161,2025-06-01,4,1,Annees Preparatoires,AP1,AP1_G1
150,162,2024-12-09,2,1,Annees Preparatoires,AP1,AP1_G1
151,163,2025-01-25,4,1,Annees Preparatoires,AP1,AP1_G1
152,163,2025-02-11,2,1,Annees Preparatoires,AP1,AP1_G1
153,166,2025-05-10,4,1,Annees Preparatoires,AP1,AP1_G1
154,166,2024-11-21,2,1,Annees Preparatoires,AP1,AP1_G1
155,167,2025-05-21,8,1,Annees Preparatoires,AP1,AP1_G1
156,167,2024-09-27,2,1,Annees Preparatoires,AP1,AP1_G1
157,167,2025-03-05,2,1,Annees Preparatoires,AP1,AP1_G1
158,167,2025-06-02,2,1,Annees Preparatoires,AP1,AP1_G1
159,171,2025-06-04,2,1,Annees Preparatoires,AP1,AP1_G1
160,172,2024-09-06,2,1,Annees Preparatoires,AP1,AP1_G1
161,173,2024-10-11,2,1,Annees Preparatoires,AP1,AP1_G1
162,176,2025-04-30,2,2,Annees Preparatoires,AP1,AP1_G2
163,176,2025-01-22,2,2,Annees Preparatoires,AP1,AP1_G2
164,176,2024-12-29,6,2,Annees Preparatoires,AP1,AP1_G2
165,176,2024-09-23,4,2,Annees Preparatoires,AP1,AP1_G2
166,177,2024-09-13,2,2,Annees Preparatoires,AP1,AP1_G2
167,177,2024-11-10,8,2,Annees Preparatoires,AP1,AP1_G2
168,180,2025-04-20,4,1,Annees Preparatoires,AP1,AP1_G1
169,181,2025-06-16,6,1,Annees Preparatoires,AP1,AP1_G1
170,181,2025-02-25,4,1,Annees Preparatoires,AP1,AP1_G1
171,181,2025-03-30,2,1,Annees Preparatoires,AP1,AP1_G1
172,183,2025-01-08,2,2,Annees Preparatoires,AP1,AP1_G2
173,185,2024-09-12,4,2,Annees Preparatoires,AP1,AP1_G2
174,186,2025-05-02,6,2,Annees Preparatoires,AP1,AP1_G2
175,189,2025-03-29,4,1,Annees Preparatoires,AP1,AP1_G1
176,190,2024-09-17,2,2,Annees Preparatoires,AP1,AP1_G2
177,190,2025-06-03,2,2,Annees Preparatoires,AP1,AP1_G2
178,192,2025-04-02,4,1,Annees Preparatoires,AP1,AP1_G1
179,192,2024-11-05,4,1,Annees Preparatoires,AP1,AP1_G1
180,192,2025-05-23,4,1,Annees Preparatoires,AP1,AP1_G1
181,192,2025-03-25,2,1,Annees Preparatoires,AP1,AP1_G1
182,192,2025-01-06,6,1,Annees Preparatoires,AP1,AP1_G1
183,195,2025-06-02,2,2,Annees Preparatoires,AP1,AP1_G2
184,195,2025-03-06,4,2,Annees Preparatoires,AP1,AP1_G2
185,195,2024-10-01,4,2,Annees Preparatoires,AP1,AP1_G2
186,197,2024-12-24,4,2,Annees Preparatoires,AP1,AP1_G2
187,199,2025-01-13,4,2,Annees Preparatoires,AP1,AP1_G2
188,202,2024-11-19,2,1,Annees Preparatoires,AP1,AP1_G1
189,206,2025-01-21,4,2,Annees Preparatoires,AP1,AP1_G2
190,208,2025-01-10,4,2,Annees Preparatoires,AP1,AP1_G2
191,209,2025-06-20,4,2,Annees Preparatoires,AP1,AP1_G2
192,210,2025-01-26,4,1,Annees Preparatoires,AP1,AP1_G1
193,210,2024-12-06,2,1,Annees Preparatoires,AP1,AP1_G1
194,211,2025-02-25,4,1,Annees Preparatoires,AP1,AP1_G1
195,215,2024-10-22,4,2,Annees Preparatoires,AP1,AP1_G2
196,216,2025-05-15,2,2,Annees Preparatoires,AP1,AP1_G2
197,217,2024-12-28,2,2,Annees Preparatoires,AP1,AP1_G2
198,217,2025-05-23,2,2,Annees Preparatoires,AP1,AP1_G2
199,219,2025-01-04,4,1,Annees Preparatoires,AP1,AP1_G1
200,221,2025-06-11,4,2,Annees Preparatoires,AP1,AP1_G2
201,222,2024-09-01,2,2,Annees Preparatoires,AP1,AP1_G2
202,223,2024-10-09,2,1,Annees Preparatoires,AP1,AP1_G1
203,224,2024-10-04,2,1,Annees Preparatoires,AP1,AP1_G1
204,224,2025-02-03,6,1,Annees Preparatoires,AP1,AP1_G1
205,229,2024-09-25,4,1,Annees Preparatoires,AP1,AP1_G1
206,229,2024-09-29,2,1,Annees Preparatoires,AP1,AP1_G1
207,231,2024-10-08,4,1,Annees Preparatoires,AP1,AP1_G1
208,231,2025-02-19,4,1,Annees Preparatoires,AP1,AP1_G1
209,231,2025-05-13,2,1,Annees Preparatoires,AP1,AP1_G1
210,232,2025-06-22,4,2,Annees Preparatoires,AP1,AP1_G2
211,232,2025-02-12,4,2,Annees Preparatoires,AP1,AP1_G2
212,238,2025-04-10,6,1,Annees Preparatoires,AP1,AP1_G1
213,239,2025-01-29,4,1,Annees Preparatoires,AP1,AP1_G1
214,240,2025-05-19,4,1,Annees Preparatoires,AP1,AP1_G1
215,240,2025-04-20,4,1,Annees Preparatoires,AP1,AP1_G1
216,240,2024-12-08,2,1,Annees Preparatoires,AP1,AP1_G1
217,240,2025-06-06,4,1,Annees Preparatoires,AP1,AP1_G1
218,240,2025-04-16,2,1,Annees Preparatoires,AP1,AP1_G1
219,240,2025-01-12,2,1,Annees Preparatoires,AP1,AP1_G1
220,241,2025-05-29,2,1,Annees Preparatoires,AP1,AP1_G1
221,241,2025-04-16,4,1,Annees Preparatoires,AP1,AP1_G1
222,241,2025-01-01,2,1,Annees Preparatoires,AP1,AP1_G1
223,242,2025-01-04,2,2,Annees Preparatoires,AP1,AP1_G2
224,243,2024-11-21,2,2,Annees Preparatoires,AP1,AP1_G2
225,243,2024-12-15,2,2,Annees Preparatoires,AP1,AP1_G2
226,243,2025-05-17,4,2,Annees Preparatoires,AP1,AP1_G2
227,245,2024-10-24,2,1,Annees Preparatoires,AP1,AP1_G1
228,249,2025-02-15,2,1,Annees Preparatoires,AP1,AP1_G1
229,250,2024-09-23,4,2,Annees Preparatoires,AP1,AP1_G2
230,250,2024-10-30,4,2,Annees Preparatoires,AP1,AP1_G2
231,252,2025-02-07,6,2,Annees Preparatoires,AP1,AP1_G2
232,264,2025-01-17,2,2,Annees Preparatoires,AP1,AP1_G2
233,265,2025-02-19,4,1,Annees Preparatoires,AP1,AP1_G1
234,265,2025-04-29,2,1,Annees Preparatoires,AP1,AP1_G1
235,265,2025-05-31,6,1,Annees Preparatoires,AP1,AP1_G1
236,265,2024-12-23,2,1,Annees Preparatoires,AP1,AP1_G1
237,267,2025-06-23,2,2,Annees Preparatoires,AP1,AP1_G2
238,267,2025-03-22,6,2,Annees Preparatoires,AP1,AP1_G2
239,272,2025-03-21,2,1,Annees Preparatoires,AP1,AP1_G1
240,276,2025-06-15,8,2,Annees Preparatoires,AP1,AP1_G2
241,276,2024-10-22,4,2,Annees Preparatoires,AP1,AP1_G2
242,277,2025-03-11,4,1,Annees Preparatoires,AP1,AP1_G1
243,278,2024-09-03,8,1,Annees Preparatoires,AP1,AP1_G1
244,278,2025-01-30,2,1,Annees Preparatoires,AP1,AP1_G1
245,280,2024-11-15,8,2,Annees Preparatoires,AP1,AP1_G2
246,285,2025-06-25,2,2,Annees Preparatoires,AP1,AP1_G2
247,285,2025-01-03,4,2,Annees Preparatoires,AP1,AP1_G2
248,285,2024-09-15,2,2,Annees Preparatoires,AP1,AP1_G2
249,285,2024-10-28,4,2,Annees Preparatoires,AP1,AP1_G2
250,285,2024-12-03,4,2,Annees Preparatoires,AP1,AP1_G2
251,286,2025-05-21,2,1,Annees Preparatoires,AP1,AP1_G1
252,287,2025-02-26,6,1,Annees Preparatoires,AP1,AP1_G1
253,288,2025-01-18,2,2,Annees Preparatoires,AP1,AP1_G2
254,288,2025-02-14,2,2,Annees Preparatoires,AP1,AP1_G2
255,296,2025-01-26,6,1,Annees Preparatoires,AP1,AP1_G1
256,296,2024-10-08,6,1,Annees Preparatoires,AP1,AP1_G1
257,297,2025-06-04,4,2,Annees Preparatoires,AP1,AP1_G2
258,297,2025-05-19,6,2,Annees Preparatoires,AP1,AP1_G2
259,297,2025-04-04,4,2,Annees Preparatoires,AP1,AP1_G2
260,297,2025-01-12,6,2,Annees Preparatoires,AP1,AP1_G2
261,297,2025-02-16,8,2,Annees Preparatoires,AP1,AP1_G2
262,299,2025-05-25,2,2,Annees Preparatoires,AP1,AP1_G2
263,299,2025-04-30,2,2,Annees Preparatoires,AP1,AP1_G2
264,299,2025-03-04,2,2,Annees Preparatoires,AP1,AP1_G2
265,302,2024-11-23,4,1,Annees Preparatoires,AP1,AP1_G1
266,303,2024-11-25,4,1,Annees Preparatoires,AP1,AP1_G1
267,303,2024-09-08,4,1,Annees Preparatoires,AP1,AP1_G1
268,303,2024-11-19,6,1,Annees Preparatoires,AP1,AP1_G1
269,306,2025-01-23,4,2,Annees Preparatoires,AP1,AP1_G2
270,307,2025-04-07,4,2,Annees Preparatoires,AP1,AP1_G2
271,307,2025-02-20,2,2,Annees Preparatoires,AP1,AP1_G2
272,307,2025-05-29,4,2,Annees Preparatoires,AP1,AP1_G2
273,314,2025-05-16,4,2,Annees Preparatoires,AP1,AP1_G2
274,314,2024-10-29,2,2,Annees Preparatoires,AP1,AP1_G2
275,314,2025-05-11,2,2,Annees Preparatoires,AP1,AP1_G2
276,314,2025-06-26,2,2,Annees Preparatoires,AP1,AP1_G2
277,314,2025-03-28,2,2,Annees Preparatoires,AP1,AP1_G2
278,316,2025-05-23,4,1,Annees Preparatoires,AP1,AP1_G1
279,317,2024-12-11,4,2,Annees Preparatoires,AP1,AP1_G2
280,318,2024-11-18,4,2,Annees Preparatoires,AP1,AP1_G2
281,318,2024-12-13,2,2,Annees Preparatoires,AP1,AP1_G2
282,318,2024-12-31,2,2,Annees Preparatoires,AP1,AP1_G2
283,320,2025-03-03,4,2,Annees Preparatoires,AP1,AP1_G2
284,320,2025-03-14,2,2,Annees Preparatoires,AP1,AP1_G2
285,320,2025-01-31,6,2,Annees Preparatoires,AP1,AP1_G2
286,322,2025-02-20,4,1,Annees Preparatoires,AP1,AP1_G1
287,322,2025-02-26,8,1,Annees Preparatoires,AP1,AP1_G1
288,322,2024-10-03,2,1,Annees Preparatoires,AP1,AP1_G1
289,322,2025-02-27,4,1,Annees Preparatoires,AP1,AP1_G1
290,322,2024-11-08,4,1,Annees Preparatoires,AP1,AP1_G1
291,324,2024-09-15,4,1,Annees Preparatoires,AP1,AP1_G1
292,324,2025-06-20,4,1,Annees Preparatoires,AP1,AP1_G1
293,324,2025-06-13,8,1,Annees Preparatoires,AP1,AP1_G1
294,324,2024-12-29,4,1,Annees Preparatoires,AP1,AP1_G1
295,324,2024-11-24,6,1,Annees Preparatoires,AP1,AP1_G1
296,324,2024-10-05,4,1,Annees Preparatoires,AP1,AP1_G1
297,326,2024-10-25,2,1,Annees Preparatoires,AP1,AP1_G1
298,328,2024-11-16,2,2,Annees Preparatoires,AP1,AP1_G2
299,330,2024-11-20,2,1,Annees Preparatoires,AP1,AP1_G1
300,330,2024-11-30,4,1,Annees Preparatoires,AP1,AP1_G1
301,331,2025-01-24,2,2,Annees Preparatoires,AP1,AP1_G2
302,332,2025-01-06,6,1,Annees Preparatoires,AP1,AP1_G1
303,334,2025-02-27,2,1,Annees Preparatoires,AP1,AP1_G1
304,339,2024-12-04,4,2,Annees Preparatoires,AP1,AP1_G2
305,339,2025-03-13,6,2,Annees Preparatoires,AP1,AP1_G2
306,339,2025-06-29,2,2,Annees Preparatoires,AP1,AP1_G2
307,339,2025-06-09,6,2,Annees Preparatoires,AP1,AP1_G2
308,343,2024-10-16,2,2,Annees Preparatoires,AP1,AP1_G2
309,343,2025-02-12,4,2,Annees Preparatoires,AP1,AP1_G2
310,343,2025-02-03,2,2,Annees Preparatoires,AP1,AP1_G2
311,344,2024-11-23,2,1,Annees Preparatoires,AP1,AP1_G1
312,346,2024-10-24,2,1,Annees Preparatoires,AP1,AP1_G1
313,346,2025-02-17,4,1,Annees Preparatoires,AP1,AP1_G1
314,346,2025-04-20,2,1,Annees Preparatoires,AP1,AP1_G1
315,347,2024-09-27,2,1,Annees Preparatoires,AP1,AP1_G1
316,347,2025-06-02,2,1,Annees Preparatoires,AP1,AP1_G1
317,347,2025-06-30,4,1,Annees Preparatoires,AP1,AP1_G1
318,347,2025-06-29,4,1,Annees Preparatoires,AP1,AP1_G1
319,347,2024-10-26,6,1,Annees Preparatoires,AP1,AP1_G1
320,347,2025-01-19,2,1,Annees Preparatoires,AP1,AP1_G1
321,347,2024-09-21,4,1,Annees Preparatoires,AP1,AP1_G1
322,349,2025-01-04,8,2,Annees Preparatoires,AP1,AP1_G2
323,351,2025-06-21,4,2,Annees Preparatoires,AP1,AP1_G2
324,352,2024-12-04,2,2,Annees Preparatoires,AP1,AP1_G2
325,357,2024-10-21,6,2,Annees Preparatoires,AP1,AP1_G2
326,359,2025-01-12,4,2,Annees Preparatoires,AP1,AP1_G2
327,360,2024-11-21,6,1,Annees Preparatoires,AP1,AP1_G1
328,360,2024-12-30,2,1,Annees Preparatoires,AP1,AP1_G1
329,360,2024-12-13,2,1,Annees Preparatoires,AP1,AP1_G1
330,362,2024-11-04,8,1,Annees Preparatoires,AP1,AP1_G1
331,366,2024-12-31,6,1,Annees Preparatoires,AP1,AP1_G1
332,371,2024-11-14,4,1,Annees Preparatoires,AP1,AP1_G1
333,371,2025-04-03,2,1,Annees Preparatoires,AP1,AP1_G1
334,372,2025-01-19,4,2,Annees Preparatoires,AP1,AP1_G2
335,372,2025-04-25,2,2,Annees Preparatoires,AP1,AP1_G2
336,372,2025-05-03,4,2,Annees Preparatoires,AP1,AP1_G2
337,373,2025-04-04,2,2,Annees Preparatoires,AP1,AP1_G2
338,377,2025-01-01,4,1,Annees Preparatoires,AP1,AP1_G1
339,377,2024-11-15,2,1,Annees Preparatoires,AP1,AP1_G1
340,377,2025-01-07,4,1,Annees Preparatoires,AP1,AP1_G1
341,377,2025-02-04,4,1,Annees Preparatoires,AP1,AP1_G1
342,377,2024-09-26,6,1,Annees Preparatoires,AP1,AP1_G1
343,378,2024-11-29,4,1,Annees Preparatoires,AP1,AP1_G1
344,378,2024-09-16,6,1,Annees Preparatoires,AP1,AP1_G1
345,378,2025-03-08,4,1,Annees Preparatoires,AP1,AP1_G1
346,378,2024-10-06,4,1,Annees Preparatoires,AP1,AP1_G1
347,378,2024-12-30,4,1,Annees Preparatoires,AP1,AP1_G1
348,378,2024-10-30,6,1,Annees Preparatoires,AP1,AP1_G1
349,380,2024-09-06,6,1,Annees Preparatoires,AP1,AP1_G1
350,380,2024-11-07,2,1,Annees Preparatoires,AP1,AP1_G1
351,380,2024-11-03,4,1,Annees Preparatoires,AP1,AP1_G1
352,381,2025-04-10,6,1,Annees Preparatoires,AP1,AP1_G1
353,382,2025-03-17,6,1,Annees Preparatoires,AP1,AP1_G1
354,383,2024-09-11,2,2,Annees Preparatoires,AP1,AP1_G2
355,383,2025-01-11,4,2,Annees Preparatoires,AP1,AP1_G2
356,383,2025-03-24,2,2,Annees Preparatoires,AP1,AP1_G2
357,384,2025-06-10,2,2,Annees Preparatoires,AP1,AP1_G2
358,385,2025-05-27,4,1,Annees Preparatoires,AP1,AP1_G1
359,386,2024-09-16,2,2,Annees Preparatoires,AP1,AP1_G2
360,389,2024-09-15,4,1,Annees Preparatoires,AP1,AP1_G1
361,390,2024-10-07,2,1,Annees Preparatoires,AP1,AP1_G1
362,391,2025-01-11,2,2,Annees Preparatoires,AP1,AP1_G2
363,397,2025-04-04,4,1,Annees Preparatoires,AP1,AP1_G1
364,398,2024-11-12,4,1,Annees Preparatoires,AP1,AP1_G1
365,401,2024-10-12,4,1,Annees Preparatoires,AP1,AP1_G1
366,403,2024-11-03,4,2,Annees Preparatoires,AP1,AP1_G2
367,404,2025-06-05,8,1,Annees Preparatoires,AP1,AP1_G1
368,412,2024-11-14,2,1,Annees Preparatoires,AP1,AP1_G1
369,412,2025-03-09,4,1,Annees Preparatoires,AP1,AP1_G1
370,412,2024-12-10,2,1,Annees Preparatoires,AP1,AP1_G1
371,412,2024-09-13,6,1,Annees Preparatoires,AP1,AP1_G1
372,412,2025-06-10,4,1,Annees Preparatoires,AP1,AP1_G1
373,414,2025-03-25,2,2,Annees Preparatoires,AP1,AP1_G2
374,416,2025-03-31,6,1,Annees Preparatoires,AP1,AP1_G1
375,416,2024-10-29,4,1,Annees Preparatoires,AP1,AP1_G1
376,416,2025-01-27,4,1,Annees Preparatoires,AP1,AP1_G1
377,416,2024-09-26,2,1,Annees Preparatoires,AP1,AP1_G1
378,417,2024-11-08,2,1,Annees Preparatoires,AP1,AP1_G1
379,419,2025-01-20,4,1,Annees Preparatoires,AP1,AP1_G1
380,421,2024-09-09,4,1,Annees Preparatoires,AP1,AP1_G1
381,422,2025-06-27,8,1,Annees Preparatoires,AP1,AP1_G1
382,422,2025-05-21,2,1,Annees Preparatoires,AP1,AP1_G1
383,422,2024-12-24,2,1,Annees Preparatoires,AP1,AP1_G1
384,422,2024-10-15,2,1,Annees Preparatoires,AP1,AP1_G1
385,422,2025-01-23,4,1,Annees Preparatoires,AP1,AP1_G1
386,425,2024-12-13,6,1,Annees Preparatoires,AP1,AP1_G1
387,425,2025-01-07,6,1,Annees Preparatoires,AP1,AP1_G1
388,426,2025-04-06,2,1,Annees Preparatoires,AP1,AP1_G1
389,433,2024-10-27,2,2,Annees Preparatoires,AP1,AP1_G2
390,434,2025-05-23,2,1,Annees Preparatoires,AP1,AP1_G1
391,435,2025-02-25,2,2,Annees Preparatoires,AP1,AP1_G2
392,437,2024-11-02,2,2,Annees Preparatoires,AP1,AP1_G2
393,438,2025-01-16,2,2,Annees Preparatoires,AP1,AP1_G2
394,438,2024-11-15,4,2,Annees Preparatoires,AP1,AP1_G2
395,438,2025-03-03,6,2,Annees Preparatoires,AP1,AP1_G2
396,438,2024-09-03,6,2,Annees Preparatoires,AP1,AP1_G2
397,441,2024-11-28,4,1,Annees Preparatoires,AP1,AP1_G1
398,441,2025-06-19,4,1,Annees Preparatoires,AP1,AP1_G1
399,441,2024-09-30,2,1,Annees Preparatoires,AP1,AP1_G1
400,441,2024-12-07,6,1,Annees Preparatoires,AP1,AP1_G1
401,442,2025-04-13,4,1,Annees Preparatoires,AP1,AP1_G1
402,442,2024-09-18,2,1,Annees Preparatoires,AP1,AP1_G1
403,442,2024-10-31,4,1,Annees Preparatoires,AP1,AP1_G1
404,442,2025-04-30,6,1,Annees Preparatoires,AP1,AP1_G1
405,442,2025-03-03,2,1,Annees Preparatoires,AP1,AP1_G1
406,443,2025-01-25,6,1,Annees Preparatoires,AP1,AP1_G1
407,445,2024-10-31,2,2,Annees Preparatoires,AP1,AP1_G2
408,447,2024-10-08,6,2,Annees Preparatoires,AP1,AP1_G2
409,447,2025-01-20,2,2,Annees Preparatoires,AP1,AP1_G2
410,449,2024-09-01,2,2,Annees Preparatoires,AP1,AP1_G2
411,449,2025-05-12,2,2,Annees Preparatoires,AP1,AP1_G2
412,449,2025-04-06,4,2,Annees Preparatoires,AP1,AP1_G2
413,450,2025-04-15,2,2,Annees Preparatoires,AP1,AP1_G2
414,450,2025-01-06,2,2,Annees Preparatoires,AP1,AP1_G2
415,456,2025-01-20,4,1,Annees Preparatoires,AP1,AP1_G1
416,456,2025-03-01,4,1,Annees Preparatoires,AP1,AP1_G1
417,461,2025-03-12,2,1,Annees Preparatoires,AP1,AP1_G1
418,461,2025-01-09,2,1,Annees Preparatoires,AP1,AP1_G1
419,461,2024-11-23,2,1,Annees Preparatoires,AP1,AP1_G1
420,461,2025-05-19,6,1,Annees Preparatoires,AP1,AP1_G1
421,467,2025-01-30,2,2,Annees Preparatoires,AP1,AP1_G2
422,468,2024-11-24,6,1,Annees Preparatoires,AP1,AP1_G1
423,470,2024-10-23,2,2,Annees Preparatoires,AP1,AP1_G2
424,470,2024-10-28,2,2,Annees Preparatoires,AP1,AP1_G2
425,471,2025-04-28,2,2,Annees Preparatoires,AP1,AP1_G2
426,471,2025-02-02,2,2,Annees Preparatoires,AP1,AP1_G2
427,473,2025-05-11,4,1,Annees Preparatoires,AP1,AP1_G1
428,473,2024-10-14,4,1,Annees Preparatoires,AP1,AP1_G1
429,475,2025-01-16,4,2,Annees Preparatoires,AP1,AP1_G2
430,480,2025-01-14,6,1,Annees Preparatoires,AP1,AP1_G1
431,480,2024-12-19,2,1,Annees Preparatoires,AP1,AP1_G1
432,480,2024-10-13,6,1,Annees Preparatoires,AP1,AP1_G1
433,480,2025-06-26,4,1,Annees Preparatoires,AP1,AP1_G1
434,484,2025-05-05,6,1,Annees Preparatoires,AP1,AP1_G1
435,487,2024-10-09,4,2,Annees Preparatoires,AP1,AP1_G2
436,487,2025-01-16,2,2,Annees Preparatoires,AP1,AP1_G2
437,487,2024-11-29,2,2,Annees Preparatoires,AP1,AP1_G2
438,489,2025-02-22,4,1,Annees Preparatoires,AP1,AP1_G1
439,491,2025-01-14,4,2,Annees Preparatoires,AP1,AP1_G2
440,494,2024-11-04,2,1,Annees Preparatoires,AP1,AP1_G1
441,497,2024-11-08,2,2,Annees Preparatoires,AP1,AP1_G2
442,497,2024-11-10,2,2,Annees Preparatoires,AP1,AP1_G2
443,497,2024-09-22,2,2,Annees Preparatoires,AP1,AP1_G2
444,500,2025-04-11,2,2,Annees Preparatoires,AP1,AP1_G2
445,501,2024-12-16,4,2,Annees Preparatoires,AP1,AP1_G2
446,503,2025-03-26,4,1,Annees Preparatoires,AP1,AP1_G1
447,503,2024-11-20,2,1,Annees Preparatoires,AP1,AP1_G1
448,504,2025-03-22,2,1,Annees Preparatoires,AP1,AP1_G1
449,506,2025-03-21,6,2,Annees Preparatoires,AP1,AP1_G2
450,507,2025-03-04,6,2,Annees Preparatoires,AP1,AP1_G2
451,509,2025-02-17,6,2,Annees Preparatoires,AP1,AP1_G2
452,509,2025-03-27,4,2,Annees Preparatoires,AP1,AP1_G2
453,509,2025-05-25,4,2,Annees Preparatoires,AP1,AP1_G2
454,509,2024-11-15,8,2,Annees Preparatoires,AP1,AP1_G2
455,520,2025-01-28,2,1,Annees Preparatoires,AP1,AP1_G1
456,521,2025-01-14,6,1,Annees Preparatoires,AP1,AP1_G1
457,526,2025-01-15,2,2,Annees Preparatoires,AP1,AP1_G2
458,526,2025-06-23,6,2,Annees Preparatoires,AP1,AP1_G2
459,526,2025-05-29,2,2,Annees Preparatoires,AP1,AP1_G2
460,526,2024-11-01,4,2,Annees Preparatoires,AP1,AP1_G2
461,526,2025-01-26,2,2,Annees Preparatoires,AP1,AP1_G2
462,527,2025-03-25,4,1,Annees Preparatoires,AP1,AP1_G1
463,530,2025-06-29,6,1,Annees Preparatoires,AP1,AP1_G1
464,532,2025-06-17,2,2,Annees Preparatoires,AP1,AP1_G2
465,533,2024-11-06,4,1,Annees Preparatoires,AP1,AP1_G1
466,533,2024-09-22,2,1,Annees Preparatoires,AP1,AP1_G1
467,533,2025-02-13,8,1,Annees Preparatoires,AP1,AP1_G1
468,533,2025-05-14,2,1,Annees Preparatoires,AP1,AP1_G1
469,533,2025-06-01,6,1,Annees Preparatoires,AP1,AP1_G1
470,537,2024-09-18,6,1,Annees Preparatoires,AP1,AP1_G1
471,537,2024-12-13,2,1,Annees Preparatoires,AP1,AP1_G1
472,538,2024-11-13,4,1,Annees Preparatoires,AP1,AP1_G1
473,538,2025-04-04,4,1,Annees Preparatoires,AP1,AP1_G1
474,538,2024-09-17,6,1,Annees Preparatoires,AP1,AP1_G1
475,538,2024-12-28,8,1,Annees Preparatoires,AP1,AP1_G1
476,538,2025-01-05,6,1,Annees Preparatoires,AP1,AP1_G1
477,539,2024-11-14,2,1,Annees Preparatoires,AP1,AP1_G1
478,542,2025-01-15,2,1,Annees Preparatoires,AP1,AP1_G1
479,543,2024-11-18,2,2,Annees Preparatoires,AP1,AP1_G2
480,543,2025-06-01,2,2,Annees Preparatoires,AP1,AP1_G2
481,545,2025-05-21,4,1,Annees Preparatoires,AP1,AP1_G1
482,549,2025-03-12,8,2,Annees Preparatoires,AP1,AP1_G2
483,549,2025-04-24,2,2,Annees Preparatoires,AP1,AP1_G2
484,549,2024-09-04,2,2,Annees Preparatoires,AP1,AP1_G2
485,553,2025-01-06,2,1,Annees Preparatoires,AP1,AP1_G1
486,553,2025-03-09,2,1,Annees Preparatoires,AP1,AP1_G1
487,553,2024-11-15,4,1,Annees Preparatoires,AP1,AP1_G1
488,553,2025-05-19,6,1,Annees Preparatoires,AP1,AP1_G1
489,554,2024-09-09,4,2,Annees Preparatoires,AP1,AP1_G2
490,554,2025-02-05,6,2,Annees Preparatoires,AP1,AP1_G2
491,554,2025-05-05,6,2,Annees Preparatoires,AP1,AP1_G2
492,555,2024-12-17,6,1,Annees Preparatoires,AP1,AP1_G1
493,556,2025-05-13,4,1,Annees Preparatoires,AP1,AP1_G1
494,556,2024-12-25,4,1,Annees Preparatoires,AP1,AP1_G1
495,556,2025-06-09,2,1,Annees Preparatoires,AP1,AP1_G1
496,556,2024-12-05,8,1,Annees Preparatoires,AP1,AP1_G1
497,556,2025-04-25,4,1,Annees Preparatoires,AP1,AP1_G1
498,559,2024-11-23,8,2,Annees Preparatoires,AP1,AP1_G2
499,561,2025-01-28,2,2,Annees Preparatoires,AP1,AP1_G2
500,563,2025-05-04,2,1,Annees Preparatoires,AP1,AP1_G1
501,565,2025-06-09,4,1,Annees Preparatoires,AP1,AP1_G1
502,565,2024-09-28,2,1,Annees Preparatoires,AP1,AP1_G1
503,565,2024-09-14,8,1,Annees Preparatoires,AP1,AP1_G1
504,565,2025-04-30,8,1,Annees Preparatoires,AP1,AP1_G1
505,567,2025-01-06,4,1,Annees Preparatoires,AP1,AP1_G1
506,569,2025-02-18,2,1,Annees Preparatoires,AP1,AP1_G1
507,569,2025-03-04,6,1,Annees Preparatoires,AP1,AP1_G1
508,570,2024-09-26,4,1,Annees Preparatoires,AP1,AP1_G1
509,575,2025-01-19,4,1,Annees Preparatoires,AP1,AP1_G1
510,580,2025-03-08,4,2,Annees Preparatoires,AP1,AP1_G2
511,580,2025-05-31,2,2,Annees Preparatoires,AP1,AP1_G2
512,580,2024-10-01,4,2,Annees Preparatoires,AP1,AP1_G2
513,588,2024-10-08,4,2,Annees Preparatoires,AP1,AP1_G2
514,589,2024-11-23,2,2,Annees Preparatoires,AP1,AP1_G2
515,593,2025-05-26,2,2,Annees Preparatoires,AP1,AP1_G2
516,594,2024-09-08,6,2,Annees Preparatoires,AP1,AP1_G2
517,594,2025-01-18,2,2,Annees Preparatoires,AP1,AP1_G2
518,597,2025-04-08,2,2,Annees Preparatoires,AP1,AP1_G2
519,597,2024-10-21,2,2,Annees Preparatoires,AP1,AP1_G2
520,598,2025-06-19,8,1,Annees Preparatoires,AP1,AP1_G1
521,598,2025-05-23,4,1,Annees Preparatoires,AP1,AP1_G1
522,598,2025-02-05,2,1,Annees Preparatoires,AP1,AP1_G1
523,599,2024-09-01,6,2,Annees Preparatoires,AP1,AP1_G2
524,601,2025-02-26,4,1,Annees Preparatoires,AP1,AP1_G1
525,601,2024-10-09,4,1,Annees Preparatoires,AP1,AP1_G1
526,602,2024-12-30,4,1,Annees Preparatoires,AP1,AP1_G1
527,602,2025-05-06,6,1,Annees Preparatoires,AP1,AP1_G1
528,602,2025-03-07,6,1,Annees Preparatoires,AP1,AP1_G1
529,603,2024-12-15,4,1,Annees Preparatoires,AP1,AP1_G1
530,605,2024-11-26,2,2,Annees Preparatoires,AP1,AP1_G2
531,609,2024-12-01,8,1,Annees Preparatoires,AP1,AP1_G1
532,613,2024-12-07,2,2,Annees Preparatoires,AP1,AP1_G2
533,613,2025-03-03,4,2,Annees Preparatoires,AP1,AP1_G2
534,613,2025-05-31,6,2,Annees Preparatoires,AP1,AP1_G2
535,614,2025-01-18,8,1,Annees Preparatoires,AP1,AP1_G1
536,615,2024-11-08,4,2,Annees Preparatoires,AP1,AP1_G2
537,615,2024-12-17,2,2,Annees Preparatoires,AP1,AP1_G2
538,615,2025-03-02,2,2,Annees Preparatoires,AP1,AP1_G2
539,618,2024-10-14,8,1,Annees Preparatoires,AP1,AP1_G1
540,620,2025-03-26,8,2,Annees Preparatoires,AP1,AP1_G2
541,620,2024-09-17,8,2,Annees Preparatoires,AP1,AP1_G2
542,620,2025-06-21,2,2,Annees Preparatoires,AP1,AP1_G2
543,620,2025-04-06,6,2,Annees Preparatoires,AP1,AP1_G2
544,620,2025-02-12,2,2,Annees Preparatoires,AP1,AP1_G2
545,622,2024-12-12,2,1,Annees Preparatoires,AP1,AP1_G1
546,624,2024-10-18,6,2,Annees Preparatoires,AP1,AP1_G2
547,628,2024-10-05,8,2,Annees Preparatoires,AP1,AP1_G2
548,628,2025-01-28,2,2,Annees Preparatoires,AP1,AP1_G2
549,629,2024-12-18,4,2,Annees Preparatoires,AP1,AP1_G2
550,629,2025-06-11,6,2,Annees Preparatoires,AP1,AP1_G2
551,630,2025-02-08,2,2,Annees Preparatoires,AP1,AP1_G2
552,631,2025-05-16,4,2,Annees Preparatoires,AP1,AP1_G2
553,631,2025-03-03,4,2,Annees Preparatoires,AP1,AP1_G2
554,634,2025-06-13,2,2,Annees Preparatoires,AP1,AP1_G2
555,634,2025-02-22,4,2,Annees Preparatoires,AP1,AP1_G2
556,634,2024-09-17,4,2,Annees Preparatoires,AP1,AP1_G2
557,635,2025-06-28,2,2,Annees Preparatoires,AP1,AP1_G2
558,639,2024-09-03,2,2,Annees Preparatoires,AP1,AP1_G2
559,639,2025-04-01,6,2,Annees Preparatoires,AP1,AP1_G2
560,639,2025-03-03,8,2,Annees Preparatoires,AP1,AP1_G2
561,639,2025-03-31,4,2,Annees Preparatoires,AP1,AP1_G2
562,639,2025-02-02,2,2,Annees Preparatoires,AP1,AP1_G2
563,641,2025-03-24,4,2,Annees Preparatoires,AP1,AP1_G2
564,642,2025-03-06,2,2,Annees Preparatoires,AP1,AP1_G2
565,644,2025-04-13,2,1,Annees Preparatoires,AP1,AP1_G1
566,646,2024-12-28,6,2,Annees Preparatoires,AP1,AP1_G2
567,646,2025-01-07,8,2,Annees Preparatoires,AP1,AP1_G2
568,646,2024-11-19,6,2,Annees Preparatoires,AP1,AP1_G2
569,646,2024-10-27,4,2,Annees Preparatoires,AP1,AP1_G2
570,647,2025-01-06,2,2,Annees Preparatoires,AP1,AP1_G2
571,647,2025-02-06,2,2,Annees Preparatoires,AP1,AP1_G2
572,647,2025-01-14,2,2,Annees Preparatoires,AP1,AP1_G2
573,647,2024-10-20,2,2,Annees Preparatoires,AP1,AP1_G2
574,648,2024-10-06,2,2,Annees Preparatoires,AP1,AP1_G2
575,653,2025-03-22,4,2,Annees Preparatoires,AP1,AP1_G2
576,656,2024-10-13,4,1,Annees Preparatoires,AP1,AP1_G1
577,656,2025-03-18,4,1,Annees Preparatoires,AP1,AP1_G1
578,656,2024-12-06,2,1,Annees Preparatoires,AP1,AP1_G1
579,656,2025-03-22,8,1,Annees Preparatoires,AP1,AP1_G1
580,657,2024-10-03,4,1,Annees Preparatoires,AP1,AP1_G1
581,660,2024-12-18,6,2,Annees Preparatoires,AP1,AP1_G2
582,660,2024-09-04,4,2,Annees Preparatoires,AP1,AP1_G2
583,660,2024-11-26,2,2,Annees Preparatoires,AP1,AP1_G2
584,662,2024-10-25,4,2,Annees Preparatoires,AP1,AP1_G2
585,663,2024-10-29,2,2,Annees Preparatoires,AP1,AP1_G2
586,663,2024-10-07,8,2,Annees Preparatoires,AP1,AP1_G2
587,663,2024-09-03,4,2,Annees Preparatoires,AP1,AP1_G2
588,663,2025-05-29,2,2,Annees Preparatoires,AP1,AP1_G2
589,663,2024-11-11,4,2,Annees Preparatoires,AP1,AP1_G2
590,663,2025-06-07,4,2,Annees Preparatoires,AP1,AP1_G2
591,669,2025-02-16,4,2,Annees Preparatoires,AP1,AP1_G2
592,670,2024-10-11,4,2,Annees Preparatoires,AP1,AP1_G2
593,671,2024-10-16,2,1,Annees Preparatoires,AP1,AP1_G1
594,671,2025-05-25,6,1,Annees Preparatoires,AP1,AP1_G1
595,671,2024-10-29,4,1,Annees Preparatoires,AP1,AP1_G1
596,673,2025-03-27,4,1,Annees Preparatoires,AP1,AP1_G1
597,676,2025-03-21,4,1,Annees Preparatoires,AP1,AP1_G1
598,676,2024-10-15,2,1,Annees Preparatoires,AP1,AP1_G1
599,678,2025-03-24,2,1,Annees Preparatoires,AP1,AP1_G1
600,679,2025-04-13,4,2,Annees Preparatoires,AP1,AP1_G2
601,681,2025-02-25,4,2,Annees Preparatoires,AP1,AP1_G2
602,682,2025-04-07,2,1,Annees Preparatoires,AP1,AP1_G1
603,684,2024-11-07,2,1,Annees Preparatoires,AP1,AP1_G1
604,685,2025-06-27,2,1,Annees Preparatoires,AP1,AP1_G1
605,685,2024-09-30,4,1,Annees Preparatoires,AP1,AP1_G1
606,687,2025-02-27,2,1,Annees Preparatoires,AP1,AP1_G1
607,690,2025-01-09,4,1,Annees Preparatoires,AP1,AP1_G1
608,690,2025-05-17,2,1,Annees Preparatoires,AP1,AP1_G1
609,691,2025-01-22,4,2,Annees Preparatoires,AP1,AP1_G2
610,691,2024-11-17,4,2,Annees Preparatoires,AP1,AP1_G2
611,694,2024-11-22,2,1,Annees Preparatoires,AP1,AP1_G1
612,694,2025-02-26,4,1,Annees Preparatoires,AP1,AP1_G1
613,694,2024-09-26,4,1,Annees Preparatoires,AP1,AP1_G1
614,694,2025-03-04,2,1,Annees Preparatoires,AP1,AP1_G1
615,694,2024-10-27,2,1,Annees Preparatoires,AP1,AP1_G1
616,694,2024-12-22,4,1,Annees Preparatoires,AP1,AP1_G1
617,697,2025-06-04,4,1,Annees Preparatoires,AP1,AP1_G1
618,697,2024-11-22,2,1,Annees Preparatoires,AP1,AP1_G1
619,698,2025-06-29,4,2,Annees Preparatoires,AP1,AP1_G2
620,698,2025-02-09,4,2,Annees Preparatoires,AP1,AP1_G2
621,698,2025-01-09,8,2,Annees Preparatoires,AP1,AP1_G2
622,702,2024-11-21,2,1,Annees Preparatoires,AP1,AP1_G1
623,704,2025-05-02,2,1,Annees Preparatoires,AP1,AP1_G1
624,705,2024-09-17,4,2,Annees Preparatoires,AP1,AP1_G2
625,705,2025-01-26,4,2,Annees Preparatoires,AP1,AP1_G2
626,705,2025-05-16,4,2,Annees Preparatoires,AP1,AP1_G2
627,705,2024-11-27,4,2,Annees Preparatoires,AP1,AP1_G2
628,706,2025-05-25,2,2,Annees Preparatoires,AP1,AP1_G2
629,706,2025-06-09,4,2,Annees Preparatoires,AP1,AP1_G2
630,706,2025-04-25,8,2,Annees Preparatoires,AP1,AP1_G2
631,706,2024-12-13,2,2,Annees Preparatoires,AP1,AP1_G2
632,708,2025-06-16,2,1,Annees Preparatoires,AP1,AP1_G1
633,710,2024-11-03,2,1,Annees Preparatoires,AP1,AP1_G1
634,711,2025-06-19,2,1,Annees Preparatoires,AP1,AP1_G1
635,711,2025-06-04,2,1,Annees Preparatoires,AP1,AP1_G1
636,711,2024-11-16,2,1,Annees Preparatoires,AP1,AP1_G1
637,711,2025-06-23,2,1,Annees Preparatoires,AP1,AP1_G1
638,711,2025-03-06,8,1,Annees Preparatoires,AP1,AP1_G1
639,711,2025-03-21,2,1,Annees Preparatoires,AP1,AP1_G1
640,711,2024-09-09,2,1,Annees Preparatoires,AP1,AP1_G1
641,715,2025-03-18,6,2,Annees Preparatoires,AP1,AP1_G2
642,719,2025-01-16,8,1,Annees Preparatoires,AP1,AP1_G1
643,719,2025-04-17,2,1,Annees Preparatoires,AP1,AP1_G1
644,719,2025-01-11,2,1,Annees Preparatoires,AP1,AP1_G1
645,719,2025-02-28,4,1,Annees Preparatoires,AP1,AP1_G1
646,720,2025-02-10,6,1,Annees Preparatoires,AP1,AP1_G1
647,721,2025-02-12,4,2,Annees Preparatoires,AP1,AP1_G2
648,725,2025-05-18,6,2,Annees Preparatoires,AP1,AP1_G2
649,727,2025-04-06,6,2,Annees Preparatoires,AP1,AP1_G2
650,731,2025-05-19,2,1,Annees Preparatoires,AP1,AP1_G1
651,732,2025-06-15,2,1,Annees Preparatoires,AP1,AP1_G1
652,735,2025-04-15,2,2,Annees Preparatoires,AP1,AP1_G2
653,735,2025-02-11,4,2,Annees Preparatoires,AP1,AP1_G2
654,735,2025-03-02,4,2,Annees Preparatoires,AP1,AP1_G2
655,737,2025-05-16,2,2,Annees Preparatoires,AP1,AP1_G2
656,737,2025-04-15,4,2,Annees Preparatoires,AP1,AP1_G2
657,739,2024-10-07,6,1,Annees Preparatoires,AP1,AP1_G1
658,739,2024-12-12,2,1,Annees Preparatoires,AP1,AP1_G1
659,739,2025-03-20,8,1,Annees Preparatoires,AP1,AP1_G1
660,741,2025-03-23,2,1,Annees Preparatoires,AP1,AP1_G1
661,745,2025-05-30,8,2,Annees Preparatoires,AP1,AP1_G2
662,747,2025-03-04,4,2,Annees Preparatoires,AP1,AP1_G2
663,747,2024-11-21,6,2,Annees Preparatoires,AP1,AP1_G2
664,747,2025-04-07,4,2,Annees Preparatoires,AP1,AP1_G2
665,751,2024-09-28,4,1,Annees Preparatoires,AP1,AP1_G1
666,752,2025-06-16,2,2,Annees Preparatoires,AP1,AP1_G2
667,754,2025-02-06,2,2,Annees Preparatoires,AP1,AP1_G2
668,755,2025-02-02,6,1,Annees Preparatoires,AP1,AP1_G1
669,755,2025-01-26,8,1,Annees Preparatoires,AP1,AP1_G1
670,764,2024-10-05,2,2,Annees Preparatoires,AP1,AP1_G2
671,766,2025-05-29,4,2,Annees Preparatoires,AP1,AP1_G2
672,767,2024-11-03,2,1,Annees Preparatoires,AP1,AP1_G1
673,767,2025-03-10,8,1,Annees Preparatoires,AP1,AP1_G1
674,767,2024-11-28,6,1,Annees Preparatoires,AP1,AP1_G1
675,768,2024-12-22,4,2,Annees Preparatoires,AP1,AP1_G2
676,768,2025-06-06,8,2,Annees Preparatoires,AP1,AP1_G2
677,768,2024-09-30,4,2,Annees Preparatoires,AP1,AP1_G2
678,768,2025-04-24,2,2,Annees Preparatoires,AP1,AP1_G2
679,768,2024-10-16,2,2,Annees Preparatoires,AP1,AP1_G2
680,770,2025-03-08,6,2,Annees Preparatoires,AP1,AP1_G2
681,777,2025-06-14,8,1,Annees Preparatoires,AP1,AP1_G1
682,777,2025-03-07,4,1,Annees Preparatoires,AP1,AP1_G1
683,783,2025-06-06,4,2,Annees Preparatoires,AP1,AP1_G2
684,784,2024-12-15,4,1,Annees Preparatoires,AP1,AP1_G1
685,784,2024-09-08,2,1,Annees Preparatoires,AP1,AP1_G1
686,784,2024-12-09,4,1,Annees Preparatoires,AP1,AP1_G1
687,786,2024-09-15,2,1,Annees Preparatoires,AP1,AP1_G1
688,786,2024-09-06,2,1,Annees Preparatoires,AP1,AP1_G1
689,786,2024-12-23,8,1,Annees Preparatoires,AP1,AP1_G1
690,788,2025-04-01,4,2,Annees Preparatoires,AP1,AP1_G2
691,788,2024-11-02,2,2,Annees Preparatoires,AP1,AP1_G2
692,788,2025-01-10,4,2,Annees Preparatoires,AP1,AP1_G2
693,788,2025-04-06,2,2,Annees Preparatoires,AP1,AP1_G2
694,793,2024-11-29,6,2,Annees Preparatoires,AP1,AP1_G2
695,794,2025-05-19,2,1,Annees Preparatoires,AP1,AP1_G1
696,799,2024-10-21,4,1,Annees Preparatoires,AP1,AP1_G1
697,801,2024-12-19,4,2,Annees Preparatoires,AP1,AP1_G2
698,802,2025-04-29,6,2,Annees Preparatoires,AP1,AP1_G2
699,802,2024-11-09,6,2,Annees Preparatoires,AP1,AP1_G2
700,802,2025-03-19,4,2,Annees Preparatoires,AP1,AP1_G2
701,802,2025-01-14,8,2,Annees Preparatoires,AP1,AP1_G2
702,802,2025-05-29,2,2,Annees Preparatoires,AP1,AP1_G2
703,802,2025-01-06,2,2,Annees Preparatoires,AP1,AP1_G2
704,808,2024-12-30,4,1,Annees Preparatoires,AP1,AP1_G1
705,813,2025-06-27,2,1,Annees Preparatoires,AP1,AP1_G1
706,814,2025-01-03,6,1,Annees Preparatoires,AP1,AP1_G1
707,814,2025-06-17,4,1,Annees Preparatoires,AP1,AP1_G1
708,814,2025-05-21,8,1,Annees Preparatoires,AP1,AP1_G1
709,814,2024-11-20,4,1,Annees Preparatoires,AP1,AP1_G1
710,814,2024-12-08,2,1,Annees Preparatoires,AP1,AP1_G1
711,815,2025-05-08,8,1,Annees Preparatoires,AP1,AP1_G1
712,816,2025-02-27,2,1,Annees Preparatoires,AP1,AP1_G1
713,816,2025-04-07,2,1,Annees Preparatoires,AP1,AP1_G1
714,816,2024-10-10,8,1,Annees Preparatoires,AP1,AP1_G1
715,816,2025-02-22,4,1,Annees Preparatoires,AP1,AP1_G1
716,816,2024-09-17,2,1,Annees Preparatoires,AP1,AP1_G1
717,816,2024-11-28,2,1,Annees Preparatoires,AP1,AP1_G1
718,816,2024-12-25,4,1,Annees Preparatoires,AP1,AP1_G1
719,816,2025-06-09,6,1,Annees Preparatoires,AP1,AP1_G1
720,817,2025-06-23,8,2,Annees Preparatoires,AP1,AP1_G2
721,817,2025-04-13,2,2,Annees Preparatoires,AP1,AP1_G2
722,817,2024-10-18,2,2,Annees Preparatoires,AP1,AP1_G2
723,817,2025-05-29,8,2,Annees Preparatoires,AP1,AP1_G2
724,817,2025-01-07,4,2,Annees Preparatoires,AP1,AP1_G2
725,817,2024-11-12,8,2,Annees Preparatoires,AP1,AP1_G2
726,820,2024-09-14,4,2,Annees Preparatoires,AP1,AP1_G2
727,821,2025-06-20,6,1,Annees Preparatoires,AP1,AP1_G1
728,821,2025-05-22,6,1,Annees Preparatoires,AP1,AP1_G1
729,823,2025-02-17,8,1,Annees Preparatoires,AP1,AP1_G1
730,824,2025-03-18,6,1,Annees Preparatoires,AP1,AP1_G1
731,824,2025-05-09,8,1,Annees Preparatoires,AP1,AP1_G1
732,825,2025-05-29,8,1,Annees Preparatoires,AP1,AP1_G1
733,826,2025-03-24,2,2,Annees Preparatoires,AP1,AP1_G2
734,830,2024-09-15,2,1,Annees Preparatoires,AP1,AP1_G1
735,830,2024-10-08,4,1,Annees Preparatoires,AP1,AP1_G1
736,832,2025-06-09,4,2,Annees Preparatoires,AP1,AP1_G2
737,835,2025-01-05,4,1,Annees Preparatoires,AP1,AP1_G1
738,836,2025-05-22,2,1,Annees Preparatoires,AP1,AP1_G1
739,838,2025-05-16,4,1,Annees Preparatoires,AP1,AP1_G1
740,842,2025-02-09,4,1,Annees Preparatoires,AP1,AP1_G1
741,846,2025-01-12,2,2,Annees Preparatoires,AP1,AP1_G2
742,846,2025-02-22,4,2,Annees Preparatoires,AP1,AP1_G2
743,846,2024-11-06,4,2,Annees Preparatoires,AP1,AP1_G2
744,847,2025-01-12,6,1,Annees Preparatoires,AP1,AP1_G1
745,848,2025-01-13,6,2,Annees Preparatoires,AP1,AP1_G2
746,848,2025-05-10,6,2,Annees Preparatoires,AP1,AP1_G2
747,849,2024-12-16,4,1,Annees Preparatoires,AP1,AP1_G1
748,853,2024-10-29,4,1,Annees Preparatoires,AP1,AP1_G1
749,853,2025-06-01,8,1,Annees Preparatoires,AP1,AP1_G1
750,853,2024-10-28,2,1,Annees Preparatoires,AP1,AP1_G1
751,853,2025-01-03,4,1,Annees Preparatoires,AP1,AP1_G1
752,853,2024-12-12,4,1,Annees Preparatoires,AP1,AP1_G1
753,854,2025-04-06,2,2,Annees Preparatoires,AP1,AP1_G2
754,857,2024-12-12,8,1,Annees Preparatoires,AP1,AP1_G1
755,857,2025-02-19,2,1,Annees Preparatoires,AP1,AP1_G1
756,857,2025-02-08,6,1,Annees Preparatoires,AP1,AP1_G1
757,861,2025-02-28,4,1,Annees Preparatoires,AP1,AP1_G1
758,863,2024-09-17,6,1,Annees Preparatoires,AP1,AP1_G1
759,864,2024-12-15,4,2,Annees Preparatoires,AP1,AP1_G2
760,865,2025-04-23,4,2,Annees Preparatoires,AP1,AP1_G2
761,866,2024-11-04,2,2,Annees Preparatoires,AP1,AP1_G2
762,869,2025-02-16,8,2,Annees Preparatoires,AP1,AP1_G2
763,870,2025-06-18,2,1,Annees Preparatoires,AP1,AP1_G1
764,874,2025-02-10,2,2,Annees Preparatoires,AP1,AP1_G2
765,877,2025-03-09,2,1,Annees Preparatoires,AP1,AP1_G1
766,884,2024-10-13,2,1,Annees Preparatoires,AP1,AP1_G1
767,885,2025-03-05,2,1,Annees Preparatoires,AP1,AP1_G1
768,887,2025-05-19,8,2,Annees Preparatoires,AP1,AP1_G2
769,889,2024-10-26,8,2,Annees Preparatoires,AP1,AP1_G2
770,889,2025-03-05,6,2,Annees Preparatoires,AP1,AP1_G2
771,890,2024-10-16,2,1,Annees Preparatoires,AP1,AP1_G1
772,890,2025-02-21,8,1,Annees Preparatoires,AP1,AP1_G1
773,890,2024-10-18,8,1,Annees Preparatoires,AP1,AP1_G1
774,890,2025-06-16,6,1,Annees Preparatoires,AP1,AP1_G1
775,891,2025-05-09,4,2,Annees Preparatoires,AP1,AP1_G2
776,891,2025-02-03,2,2,Annees Preparatoires,AP1,AP1_G2
777,891,2024-11-11,8,2,Annees Preparatoires,AP1,AP1_G2
778,893,2025-06-17,2,1,Annees Preparatoires,AP1,AP1_G1
779,893,2024-10-11,4,1,Annees Preparatoires,AP1,AP1_G1
780,895,2025-03-14,2,2,Annees Preparatoires,AP1,AP1_G2
781,897,2024-09-10,4,1,Annees Preparatoires,AP1,AP1_G1
782,897,2024-10-17,2,1,Annees Preparatoires,AP1,AP1_G1
783,897,2025-01-24,6,1,Annees Preparatoires,AP1,AP1_G1
784,897,2024-12-28,2,1,Annees Preparatoires,AP1,AP1_G1
785,898,2025-04-12,6,1,Annees Preparatoires,AP1,AP1_G1
786,901,2025-04-05,2,1,Annees Preparatoires,AP1,AP1_G1
787,902,2025-03-11,2,2,Annees Preparatoires,AP1,AP1_G2
788,904,2025-01-19,4,2,Annees Preparatoires,AP1,AP1_G2
789,905,2024-10-07,8,2,Annees Preparatoires,AP1,AP1_G2
790,906,2024-09-14,6,2,Annees Preparatoires,AP1,AP1_G2
791,906,2024-11-10,8,2,Annees Preparatoires,AP1,AP1_G2
792,907,2025-04-19,2,2,Annees Preparatoires,AP1,AP1_G2
793,910,2024-12-20,2,1,Annees Preparatoires,AP1,AP1_G1
794,912,2025-04-10,4,1,Annees Preparatoires,AP1,AP1_G1
795,917,2025-01-30,4,1,Annees Preparatoires,AP1,AP1_G1
796,920,2025-02-26,2,1,Annees Preparatoires,AP1,AP1_G1
797,921,2025-01-28,4,2,Annees Preparatoires,AP1,AP1_G2
798,925,2024-10-07,4,1,Annees Preparatoires,AP1,AP1_G1
799,925,2024-12-26,4,1,Annees Preparatoires,AP1,AP1_G1
800,925,2025-03-28,2,1,Annees Preparatoires,AP1,AP1_G1
801,925,2025-06-06,2,1,Annees Preparatoires,AP1,AP1_G1
802,925,2024-10-20,2,1,Annees Preparatoires,AP1,AP1_G1
803,926,2025-05-09,4,1,Annees Preparatoires,AP1,AP1_G1
804,926,2025-04-25,2,1,Annees Preparatoires,AP1,AP1_G1
805,926,2024-12-27,2,1,Annees Preparatoires,AP1,AP1_G1
806,928,2024-10-05,4,1,Annees Preparatoires,AP1,AP1_G1
807,928,2025-02-04,4,1,Annees Preparatoires,AP1,AP1_G1
808,928,2024-12-07,6,1,Annees Preparatoires,AP1,AP1_G1
809,936,2025-04-07,4,2,Annees Preparatoires,AP1,AP1_G2
810,936,2025-05-18,4,2,Annees Preparatoires,AP1,AP1_G2
811,937,2024-09-26,2,1,Annees Preparatoires,AP1,AP1_G1
812,938,2025-06-14,8,1,Annees Preparatoires,AP1,AP1_G1
813,939,2025-03-07,2,1,Annees Preparatoires,AP1,AP1_G1
814,940,2025-02-03,4,1,Annees Preparatoires,AP1,AP1_G1
815,940,2025-06-04,4,1,Annees Preparatoires,AP1,AP1_G1
816,940,2025-04-21,4,1,Annees Preparatoires,AP1,AP1_G1
817,940,2025-03-24,2,1,Annees Preparatoires,AP1,AP1_G1
818,941,2025-04-11,4,1,Annees Preparatoires,AP1,AP1_G1
819,941,2024-11-18,6,1,Annees Preparatoires,AP1,AP1_G1
820,941,2024-11-24,4,1,Annees Preparatoires,AP1,AP1_G1
821,943,2025-05-21,6,1,Annees Preparatoires,AP1,AP1_G1
822,943,2025-02-27,2,1,Annees Preparatoires,AP1,AP1_G1
823,945,2024-12-02,2,1,Annees Preparatoires,AP1,AP1_G1
824,945,2025-05-03,4,1,Annees Preparatoires,AP1,AP1_G1
825,956,2025-02-08,8,1,Annees Preparatoires,AP1,AP1_G1
826,956,2025-02-10,4,1,Annees Preparatoires,AP1,AP1_G1
827,957,2025-04-02,2,1,Annees Preparatoires,AP1,AP1_G1
828,957,2025-04-10,4,1,Annees Preparatoires,AP1,AP1_G1
829,957,2024-12-11,4,1,Annees Preparatoires,AP1,AP1_G1
830,957,2025-04-14,2,1,Annees Preparatoires,AP1,AP1_G1
831,957,2025-01-06,2,1,Annees Preparatoires,AP1,AP1_G1
832,957,2025-02-27,4,1,Annees Preparatoires,AP1,AP1_G1
833,958,2025-01-26,2,2,Annees Preparatoires,AP1,AP1_G2
834,959,2025-02-24,2,1,Annees Preparatoires,AP1,AP1_G1
835,961,2025-02-22,4,1,Annees Preparatoires,AP1,AP1_G1
836,964,2024-12-17,4,2,Annees Preparatoires,AP1,AP1_G2
837,964,2025-06-27,2,2,Annees Preparatoires,AP1,AP1_G2
838,964,2025-01-27,6,2,Annees Preparatoires,AP1,AP1_G2
839,964,2025-03-20,2,2,Annees Preparatoires,AP1,AP1_G2
840,964,2024-09-30,2,2,Annees Preparatoires,AP1,AP1_G2
841,966,2025-06-11,4,2,Annees Preparatoires,AP1,AP1_G2
842,966,2024-10-14,8,2,Annees Preparatoires,AP1,AP1_G2
843,966,2025-05-14,2,2,Annees Preparatoires,AP1,AP1_G2
844,966,2025-01-13,2,2,Annees Preparatoires,AP1,AP1_G2
845,969,2025-02-07,6,2,Annees Preparatoires,AP1,AP1_G2
846,970,2025-06-19,2,1,Annees Preparatoires,AP1,AP1_G1
847,970,2025-01-29,2,1,Annees Preparatoires,AP1,AP1_G1
848,970,2024-10-17,2,1,Annees Preparatoires,AP1,AP1_G1
849,971,2025-04-16,4,2,Annees Preparatoires,AP1,AP1_G2
850,971,2024-09-15,6,2,Annees Preparatoires,AP1,AP1_G2
851,974,2024-12-31,4,1,Annees Preparatoires,AP1,AP1_G1
852,974,2025-06-10,8,1,Annees Preparatoires,AP1,AP1_G1
853,982,2024-10-17,4,2,Annees Preparatoires,AP1,AP1_G2
854,982,2025-04-11,4,2,Annees Preparatoires,AP1,AP1_G2
855,984,2025-01-18,6,1,Annees Preparatoires,AP1,AP1_G1
856,985,2024-10-25,8,1,Annees Preparatoires,AP1,AP1_G1
857,988,2025-02-05,6,2,Annees Preparatoires,AP1,AP1_G2
858,988,2025-06-13,4,2,Annees Preparatoires,AP1,AP1_G2
859,988,2024-09-26,4,2,Annees Preparatoires,AP1,AP1_G2
860,988,2024-10-03,4,2,Annees Preparatoires,AP1,AP1_G2
861,989,2025-04-17,4,2,Annees Preparatoires,AP1,AP1_G2
862,989,2025-03-31,6,2,Annees Preparatoires,AP1,AP1_G2
863,989,2025-06-12,8,2,Annees Preparatoires,AP1,AP1_G2
864,991,2024-10-04,4,2,Annees Preparatoires,AP1,AP1_G2
865,993,2024-12-19,6,2,Annees Preparatoires,AP1,AP1_G2
866,995,2024-11-30,2,2,Annees Preparatoires,AP1,AP1_G2
867,996,2025-04-04,6,3,Annees Preparatoires,AP2,AP2_G1
868,996,2024-12-04,2,3,Annees Preparatoires,AP2,AP2_G1
869,996,2025-04-19,2,3,Annees Preparatoires,AP2,AP2_G1
870,998,2025-05-06,2,4,Annees Preparatoires,AP2,AP2_G2
871,1001,2025-03-22,2,4,Annees Preparatoires,AP2,AP2_G2
872,1004,2025-03-19,2,3,Annees Preparatoires,AP2,AP2_G1
873,1004,2024-10-05,4,3,Annees Preparatoires,AP2,AP2_G1
874,1004,2025-04-10,2,3,Annees Preparatoires,AP2,AP2_G1
875,1004,2025-06-27,4,3,Annees Preparatoires,AP2,AP2_G1
876,1005,2025-05-02,2,3,Annees Preparatoires,AP2,AP2_G1
877,1008,2024-09-22,6,3,Annees Preparatoires,AP2,AP2_G1
878,1011,2024-09-12,2,4,Annees Preparatoires,AP2,AP2_G2
879,1011,2024-10-13,6,4,Annees Preparatoires,AP2,AP2_G2
880,1012,2025-02-18,8,4,Annees Preparatoires,AP2,AP2_G2
881,1015,2025-03-09,6,3,Annees Preparatoires,AP2,AP2_G1
882,1017,2025-06-25,4,4,Annees Preparatoires,AP2,AP2_G2
883,1022,2024-10-06,2,3,Annees Preparatoires,AP2,AP2_G1
884,1022,2025-04-12,2,3,Annees Preparatoires,AP2,AP2_G1
885,1024,2025-06-16,8,4,Annees Preparatoires,AP2,AP2_G2
886,1031,2025-04-20,4,3,Annees Preparatoires,AP2,AP2_G1
887,1032,2025-02-07,8,4,Annees Preparatoires,AP2,AP2_G2
888,1035,2024-12-16,4,3,Annees Preparatoires,AP2,AP2_G1
889,1035,2025-03-15,2,3,Annees Preparatoires,AP2,AP2_G1
890,1035,2024-11-13,6,3,Annees Preparatoires,AP2,AP2_G1
891,1037,2025-04-13,4,4,Annees Preparatoires,AP2,AP2_G2
892,1037,2025-01-24,4,4,Annees Preparatoires,AP2,AP2_G2
893,1038,2025-02-17,6,3,Annees Preparatoires,AP2,AP2_G1
894,1041,2024-11-10,8,4,Annees Preparatoires,AP2,AP2_G2
895,1042,2024-09-22,2,3,Annees Preparatoires,AP2,AP2_G1
896,1043,2025-04-20,2,3,Annees Preparatoires,AP2,AP2_G1
897,1045,2025-01-16,4,4,Annees Preparatoires,AP2,AP2_G2
898,1048,2025-05-14,6,4,Annees Preparatoires,AP2,AP2_G2
899,1051,2025-06-03,2,3,Annees Preparatoires,AP2,AP2_G1
900,1058,2025-03-23,8,4,Annees Preparatoires,AP2,AP2_G2
901,1062,2025-03-21,2,4,Annees Preparatoires,AP2,AP2_G2
902,1063,2025-05-12,4,3,Annees Preparatoires,AP2,AP2_G1
903,1063,2025-04-01,2,3,Annees Preparatoires,AP2,AP2_G1
904,1063,2025-02-08,2,3,Annees Preparatoires,AP2,AP2_G1
905,1063,2024-09-19,8,3,Annees Preparatoires,AP2,AP2_G1
906,1070,2025-03-28,4,3,Annees Preparatoires,AP2,AP2_G1
907,1076,2024-12-14,4,3,Annees Preparatoires,AP2,AP2_G1
908,1077,2025-03-31,2,3,Annees Preparatoires,AP2,AP2_G1
909,1078,2024-10-27,2,3,Annees Preparatoires,AP2,AP2_G1
910,1080,2024-09-08,4,4,Annees Preparatoires,AP2,AP2_G2
911,1080,2024-10-31,4,4,Annees Preparatoires,AP2,AP2_G2
912,1085,2024-11-24,2,3,Annees Preparatoires,AP2,AP2_G1
913,1087,2025-04-18,4,4,Annees Preparatoires,AP2,AP2_G2
914,1087,2024-10-24,2,4,Annees Preparatoires,AP2,AP2_G2
915,1088,2024-12-14,2,4,Annees Preparatoires,AP2,AP2_G2
916,1088,2024-09-02,4,4,Annees Preparatoires,AP2,AP2_G2
917,1088,2025-05-02,6,4,Annees Preparatoires,AP2,AP2_G2
918,1088,2025-05-30,4,4,Annees Preparatoires,AP2,AP2_G2
919,1088,2025-06-26,4,4,Annees Preparatoires,AP2,AP2_G2
920,1091,2025-01-02,6,3,Annees Preparatoires,AP2,AP2_G1
921,1098,2025-01-30,4,4,Annees Preparatoires,AP2,AP2_G2
922,1101,2025-02-16,4,3,Annees Preparatoires,AP2,AP2_G1
923,1102,2024-10-26,6,3,Annees Preparatoires,AP2,AP2_G1
924,1106,2025-02-04,4,4,Annees Preparatoires,AP2,AP2_G2
925,1109,2025-05-15,8,3,Annees Preparatoires,AP2,AP2_G1
926,1110,2024-12-14,4,3,Annees Preparatoires,AP2,AP2_G1
927,1111,2024-12-17,4,4,Annees Preparatoires,AP2,AP2_G2
928,1113,2025-01-11,8,4,Annees Preparatoires,AP2,AP2_G2
929,1115,2024-12-30,2,3,Annees Preparatoires,AP2,AP2_G1
930,1117,2025-02-16,6,4,Annees Preparatoires,AP2,AP2_G2
931,1119,2024-10-29,4,4,Annees Preparatoires,AP2,AP2_G2
932,1120,2024-09-19,2,3,Annees Preparatoires,AP2,AP2_G1
933,1125,2024-09-17,6,3,Annees Preparatoires,AP2,AP2_G1
934,1125,2025-03-09,2,3,Annees Preparatoires,AP2,AP2_G1
935,1125,2025-06-03,2,3,Annees Preparatoires,AP2,AP2_G1
936,1126,2024-10-24,6,3,Annees Preparatoires,AP2,AP2_G1
937,1127,2024-11-04,6,4,Annees Preparatoires,AP2,AP2_G2
938,1129,2025-03-22,2,3,Annees Preparatoires,AP2,AP2_G1
939,1130,2025-03-30,2,4,Annees Preparatoires,AP2,AP2_G2
940,1132,2025-02-15,4,3,Annees Preparatoires,AP2,AP2_G1
941,1132,2025-06-15,4,3,Annees Preparatoires,AP2,AP2_G1
942,1132,2024-11-20,4,3,Annees Preparatoires,AP2,AP2_G1
943,1135,2025-02-08,4,3,Annees Preparatoires,AP2,AP2_G1
944,1139,2024-10-30,4,4,Annees Preparatoires,AP2,AP2_G2
945,1140,2025-04-10,2,3,Annees Preparatoires,AP2,AP2_G1
946,1144,2025-03-10,4,4,Annees Preparatoires,AP2,AP2_G2
947,1145,2024-10-21,2,3,Annees Preparatoires,AP2,AP2_G1
948,1147,2024-10-22,4,4,Annees Preparatoires,AP2,AP2_G2
949,1154,2025-02-02,4,3,Annees Preparatoires,AP2,AP2_G1
950,1159,2024-11-22,4,4,Annees Preparatoires,AP2,AP2_G2
951,1159,2025-02-14,2,4,Annees Preparatoires,AP2,AP2_G2
952,1159,2025-06-18,2,4,Annees Preparatoires,AP2,AP2_G2
953,1160,2025-01-23,4,3,Annees Preparatoires,AP2,AP2_G1
954,1162,2025-04-26,8,3,Annees Preparatoires,AP2,AP2_G1
955,1163,2024-10-13,4,3,Annees Preparatoires,AP2,AP2_G1
956,1163,2024-09-16,2,3,Annees Preparatoires,AP2,AP2_G1
957,1165,2025-06-07,2,3,Annees Preparatoires,AP2,AP2_G1
958,1167,2025-03-26,4,4,Annees Preparatoires,AP2,AP2_G2
959,1167,2024-11-05,4,4,Annees Preparatoires,AP2,AP2_G2
960,1168,2024-11-30,2,3,Annees Preparatoires,AP2,AP2_G1
961,1169,2025-01-13,8,3,Annees Preparatoires,AP2,AP2_G1
962,1169,2025-05-01,4,3,Annees Preparatoires,AP2,AP2_G1
963,1171,2025-03-07,6,3,Annees Preparatoires,AP2,AP2_G1
964,1172,2025-01-04,4,3,Annees Preparatoires,AP2,AP2_G1
965,1172,2025-04-02,2,3,Annees Preparatoires,AP2,AP2_G1
966,1172,2025-06-13,2,3,Annees Preparatoires,AP2,AP2_G1
967,1175,2025-02-20,4,3,Annees Preparatoires,AP2,AP2_G1
968,1179,2025-01-21,4,3,Annees Preparatoires,AP2,AP2_G1
969,1180,2024-10-01,8,4,Annees Preparatoires,AP2,AP2_G2
970,1187,2025-03-13,4,3,Annees Preparatoires,AP2,AP2_G1
971,1188,2024-12-25,2,4,Annees Preparatoires,AP2,AP2_G2
972,1198,2025-04-02,4,3,Annees Preparatoires,AP2,AP2_G1
973,1198,2024-11-03,6,3,Annees Preparatoires,AP2,AP2_G1
974,1198,2025-02-08,6,3,Annees Preparatoires,AP2,AP2_G1
975,1198,2024-12-09,2,3,Annees Preparatoires,AP2,AP2_G1
976,1204,2025-05-31,2,3,Annees Preparatoires,AP2,AP2_G1
977,1215,2025-01-14,6,3,Annees Preparatoires,AP2,AP2_G1
978,1219,2025-06-12,2,4,Annees Preparatoires,AP2,AP2_G2
979,1219,2025-05-10,6,4,Annees Preparatoires,AP2,AP2_G2
980,1219,2024-10-07,4,4,Annees Preparatoires,AP2,AP2_G2
981,1228,2025-06-22,2,4,Annees Preparatoires,AP2,AP2_G2
982,1229,2025-04-09,2,3,Annees Preparatoires,AP2,AP2_G1
983,1230,2025-04-07,2,4,Annees Preparatoires,AP2,AP2_G2
984,1231,2024-09-18,4,3,Annees Preparatoires,AP2,AP2_G1
985,1233,2025-01-02,2,4,Annees Preparatoires,AP2,AP2_G2
986,1234,2025-06-09,2,3,Annees Preparatoires,AP2,AP2_G1
987,1239,2024-12-14,2,4,Annees Preparatoires,AP2,AP2_G2
988,1242,2024-10-05,4,3,Annees Preparatoires,AP2,AP2_G1
989,1242,2025-06-14,2,3,Annees Preparatoires,AP2,AP2_G1
990,1242,2025-03-09,4,3,Annees Preparatoires,AP2,AP2_G1
991,1243,2024-09-10,8,3,Annees Preparatoires,AP2,AP2_G1
992,1244,2024-10-08,6,3,Annees Preparatoires,AP2,AP2_G1
993,1245,2024-11-02,2,4,Annees Preparatoires,AP2,AP2_G2
994,1245,2025-02-03,2,4,Annees Preparatoires,AP2,AP2_G2
995,1245,2024-10-23,4,4,Annees Preparatoires,AP2,AP2_G2
996,1245,2025-05-19,2,4,Annees Preparatoires,AP2,AP2_G2
997,1245,2025-03-19,4,4,Annees Preparatoires,AP2,AP2_G2
998,1250,2024-09-29,2,4,Annees Preparatoires,AP2,AP2_G2
999,1250,2025-04-04,2,4,Annees Preparatoires,AP2,AP2_G2
1000,1250,2024-12-24,4,4,Annees Preparatoires,AP2,AP2_G2
1001,1251,2025-02-17,2,4,Annees Preparatoires,AP2,AP2_G2
1002,1253,2025-02-15,2,4,Annees Preparatoires,AP2,AP2_G2
1003,1257,2024-10-08,4,4,Annees Preparatoires,AP2,AP2_G2
1004,1258,2024-11-12,6,3,Annees Preparatoires,AP2,AP2_G1
1005,1260,2025-02-21,6,4,Annees Preparatoires,AP2,AP2_G2
1006,1261,2025-01-31,6,3,Annees Preparatoires,AP2,AP2_G1
1007,1267,2025-01-26,8,4,Annees Preparatoires,AP2,AP2_G2
1008,1271,2025-04-02,2,4,Annees Preparatoires,AP2,AP2_G2
1009,1271,2025-05-21,2,4,Annees Preparatoires,AP2,AP2_G2
1010,1272,2025-02-21,4,3,Annees Preparatoires,AP2,AP2_G1
1011,1279,2025-01-12,2,4,Annees Preparatoires,AP2,AP2_G2
1012,1286,2024-10-13,2,4,Annees Preparatoires,AP2,AP2_G2
1013,1292,2024-12-31,4,4,Annees Preparatoires,AP2,AP2_G2
1014,1292,2025-01-08,6,4,Annees Preparatoires,AP2,AP2_G2
1015,1294,2024-12-22,2,4,Annees Preparatoires,AP2,AP2_G2
1016,1303,2025-03-12,2,3,Annees Preparatoires,AP2,AP2_G1
1017,1304,2025-03-12,4,4,Annees Preparatoires,AP2,AP2_G2
1018,1305,2025-01-16,2,3,Annees Preparatoires,AP2,AP2_G1
1019,1305,2025-05-23,4,3,Annees Preparatoires,AP2,AP2_G1
1020,1305,2024-11-07,4,3,Annees Preparatoires,AP2,AP2_G1
1021,1309,2025-06-09,6,4,Annees Preparatoires,AP2,AP2_G2
1022,1316,2025-02-23,6,4,Annees Preparatoires,AP2,AP2_G2
1023,1317,2025-04-29,2,4,Annees Preparatoires,AP2,AP2_G2
1024,1318,2024-12-27,4,4,Annees Preparatoires,AP2,AP2_G2
1025,1318,2025-06-08,4,4,Annees Preparatoires,AP2,AP2_G2
1026,1318,2024-11-23,2,4,Annees Preparatoires,AP2,AP2_G2
1027,1318,2025-02-28,2,4,Annees Preparatoires,AP2,AP2_G2
1028,1320,2025-03-09,8,3,Annees Preparatoires,AP2,AP2_G1
1029,1320,2025-06-06,2,3,Annees Preparatoires,AP2,AP2_G1
1030,1323,2024-10-28,6,4,Annees Preparatoires,AP2,AP2_G2
1031,1323,2025-01-08,4,4,Annees Preparatoires,AP2,AP2_G2
1032,1325,2024-09-20,4,3,Annees Preparatoires,AP2,AP2_G1
1033,1327,2025-02-18,6,4,Annees Preparatoires,AP2,AP2_G2
1034,1329,2024-09-16,2,4,Annees Preparatoires,AP2,AP2_G2
1035,1329,2024-11-10,2,4,Annees Preparatoires,AP2,AP2_G2
1036,1332,2025-02-24,4,4,Annees Preparatoires,AP2,AP2_G2
1037,1338,2024-11-04,6,3,Annees Preparatoires,AP2,AP2_G1
1038,1338,2025-04-03,2,3,Annees Preparatoires,AP2,AP2_G1
1039,1340,2025-03-02,4,3,Annees Preparatoires,AP2,AP2_G1
1040,1341,2024-11-09,8,4,Annees Preparatoires,AP2,AP2_G2
1041,1342,2024-12-01,6,3,Annees Preparatoires,AP2,AP2_G1
1042,1345,2025-01-18,4,3,Annees Preparatoires,AP2,AP2_G1
1043,1349,2024-11-10,8,3,Annees Preparatoires,AP2,AP2_G1
1044,1349,2025-06-05,4,3,Annees Preparatoires,AP2,AP2_G1
1045,1350,2025-05-09,4,4,Annees Preparatoires,AP2,AP2_G2
1046,1354,2025-04-15,2,3,Annees Preparatoires,AP2,AP2_G1
1047,1356,2024-09-13,6,4,Annees Preparatoires,AP2,AP2_G2
1048,1357,2025-05-13,2,4,Annees Preparatoires,AP2,AP2_G2
1049,1359,2025-02-15,6,4,Annees Preparatoires,AP2,AP2_G2
1050,1363,2025-01-21,4,4,Annees Preparatoires,AP2,AP2_G2
1051,1363,2025-01-03,4,4,Annees Preparatoires,AP2,AP2_G2
1052,1363,2025-03-25,2,4,Annees Preparatoires,AP2,AP2_G2
1053,1366,2025-01-29,2,3,Annees Preparatoires,AP2,AP2_G1
1054,1370,2025-04-16,4,3,Annees Preparatoires,AP2,AP2_G1
1055,1370,2024-09-26,8,3,Annees Preparatoires,AP2,AP2_G1
1056,1370,2024-10-25,4,3,Annees Preparatoires,AP2,AP2_G1
1057,1373,2025-02-16,2,3,Annees Preparatoires,AP2,AP2_G1
1058,1376,2024-10-22,4,4,Annees Preparatoires,AP2,AP2_G2
1059,1377,2024-11-12,2,3,Annees Preparatoires,AP2,AP2_G1
1060,1377,2024-09-30,2,3,Annees Preparatoires,AP2,AP2_G1
1061,1377,2025-05-18,4,3,Annees Preparatoires,AP2,AP2_G1
1062,1377,2025-04-11,6,3,Annees Preparatoires,AP2,AP2_G1
1063,1378,2024-11-25,2,3,Annees Preparatoires,AP2,AP2_G1
1064,1379,2024-09-10,4,4,Annees Preparatoires,AP2,AP2_G2
1065,1383,2024-12-01,2,4,Annees Preparatoires,AP2,AP2_G2
1066,1384,2025-03-15,4,4,Annees Preparatoires,AP2,AP2_G2
1067,1386,2025-04-28,2,4,Annees Preparatoires,AP2,AP2_G2
1068,1394,2025-06-28,4,3,Annees Preparatoires,AP2,AP2_G1
1069,1394,2025-04-28,4,3,Annees Preparatoires,AP2,AP2_G1
1070,1398,2025-04-03,4,4,Annees Preparatoires,AP2,AP2_G2
1071,1399,2024-11-07,2,4,Annees Preparatoires,AP2,AP2_G2
1072,1402,2025-02-14,6,3,Annees Preparatoires,AP2,AP2_G1
1073,1402,2025-03-15,4,3,Annees Preparatoires,AP2,AP2_G1
1074,1402,2024-12-11,2,3,Annees Preparatoires,AP2,AP2_G1
1075,1402,2024-12-23,4,3,Annees Preparatoires,AP2,AP2_G1
1076,1402,2024-10-17,8,3,Annees Preparatoires,AP2,AP2_G1
1077,1403,2024-09-28,2,4,Annees Preparatoires,AP2,AP2_G2
1078,1404,2025-01-25,2,4,Annees Preparatoires,AP2,AP2_G2
1079,1405,2024-11-22,4,3,Annees Preparatoires,AP2,AP2_G1
1080,1407,2024-10-04,8,4,Annees Preparatoires,AP2,AP2_G2
1081,1408,2024-09-26,4,4,Annees Preparatoires,AP2,AP2_G2
1082,1408,2024-09-02,2,4,Annees Preparatoires,AP2,AP2_G2
1083,1408,2024-10-04,4,4,Annees Preparatoires,AP2,AP2_G2
1084,1408,2024-09-11,4,4,Annees Preparatoires,AP2,AP2_G2
1085,1408,2025-05-09,2,4,Annees Preparatoires,AP2,AP2_G2
1086,1411,2024-12-06,4,4,Annees Preparatoires,AP2,AP2_G2
1087,1411,2025-03-14,4,4,Annees Preparatoires,AP2,AP2_G2
1088,1411,2025-06-17,8,4,Annees Preparatoires,AP2,AP2_G2
1089,1414,2024-10-15,6,3,Annees Preparatoires,AP2,AP2_G1
1090,1414,2024-10-23,4,3,Annees Preparatoires,AP2,AP2_G1
1091,1414,2024-12-19,2,3,Annees Preparatoires,AP2,AP2_G1
1092,1417,2024-09-11,8,4,Annees Preparatoires,AP2,AP2_G2
1093,1423,2024-09-22,4,4,Annees Preparatoires,AP2,AP2_G2
1094,1423,2024-09-04,2,4,Annees Preparatoires,AP2,AP2_G2
1095,1426,2025-02-24,2,4,Annees Preparatoires,AP2,AP2_G2
1096,1428,2025-05-19,4,3,Annees Preparatoires,AP2,AP2_G1
1097,1430,2024-10-22,2,3,Annees Preparatoires,AP2,AP2_G1
1098,1430,2024-11-12,4,3,Annees Preparatoires,AP2,AP2_G1
1099,1430,2025-01-05,4,3,Annees Preparatoires,AP2,AP2_G1
1100,1434,2025-02-10,2,3,Annees Preparatoires,AP2,AP2_G1
1101,1434,2024-12-29,2,3,Annees Preparatoires,AP2,AP2_G1
1102,1434,2024-09-01,4,3,Annees Preparatoires,AP2,AP2_G1
1103,1434,2024-10-25,2,3,Annees Preparatoires,AP2,AP2_G1
1104,1436,2025-05-08,2,4,Annees Preparatoires,AP2,AP2_G2
1105,1437,2025-02-11,4,4,Annees Preparatoires,AP2,AP2_G2
1106,1439,2025-03-07,2,4,Annees Preparatoires,AP2,AP2_G2
1107,1440,2025-04-13,6,3,Annees Preparatoires,AP2,AP2_G1
1108,1444,2024-12-08,6,3,Annees Preparatoires,AP2,AP2_G1
1109,1446,2025-01-13,4,4,Annees Preparatoires,AP2,AP2_G2
1110,1447,2025-02-22,2,4,Annees Preparatoires,AP2,AP2_G2
1111,1448,2025-01-25,4,4,Annees Preparatoires,AP2,AP2_G2
1112,1448,2024-09-06,2,4,Annees Preparatoires,AP2,AP2_G2
1113,1448,2025-05-07,2,4,Annees Preparatoires,AP2,AP2_G2
1114,1448,2024-10-29,4,4,Annees Preparatoires,AP2,AP2_G2
1115,1448,2025-04-05,4,4,Annees Preparatoires,AP2,AP2_G2
1116,1453,2025-02-04,2,3,Annees Preparatoires,AP2,AP2_G1
1117,1454,2025-06-04,2,3,Annees Preparatoires,AP2,AP2_G1
1118,1456,2024-11-19,2,4,Annees Preparatoires,AP2,AP2_G2
1119,1460,2025-05-04,4,4,Annees Preparatoires,AP2,AP2_G2
1120,1462,2024-10-06,2,4,Annees Preparatoires,AP2,AP2_G2
1121,1471,2025-01-23,2,3,Annees Preparatoires,AP2,AP2_G1
1122,1475,2024-09-29,4,4,Annees Preparatoires,AP2,AP2_G2
1123,1475,2024-12-22,4,4,Annees Preparatoires,AP2,AP2_G2
1124,1492,2024-11-28,4,4,Annees Preparatoires,AP2,AP2_G2
1125,1495,2024-09-06,4,4,Annees Preparatoires,AP2,AP2_G2
1126,1495,2025-04-02,6,4,Annees Preparatoires,AP2,AP2_G2
1127,1495,2025-01-08,2,4,Annees Preparatoires,AP2,AP2_G2
1128,1495,2025-06-02,6,4,Annees Preparatoires,AP2,AP2_G2
1129,1495,2024-11-21,4,4,Annees Preparatoires,AP2,AP2_G2
1130,1501,2025-05-13,2,4,Annees Preparatoires,AP2,AP2_G2
1131,1505,2024-09-24,8,4,Annees Preparatoires,AP2,AP2_G2
1132,1510,2025-04-08,2,3,Annees Preparatoires,AP2,AP2_G1
1133,1510,2025-05-19,4,3,Annees Preparatoires,AP2,AP2_G1
1134,1511,2024-09-17,4,4,Annees Preparatoires,AP2,AP2_G2
1135,1513,2025-04-05,4,4,Annees Preparatoires,AP2,AP2_G2
1136,1513,2025-05-19,4,4,Annees Preparatoires,AP2,AP2_G2
1137,1513,2025-04-24,2,4,Annees Preparatoires,AP2,AP2_G2
1138,1516,2025-01-27,6,4,Annees Preparatoires,AP2,AP2_G2
1139,1520,2024-11-04,6,3,Annees Preparatoires,AP2,AP2_G1
1140,1520,2025-02-03,6,3,Annees Preparatoires,AP2,AP2_G1
1141,1520,2024-12-01,2,3,Annees Preparatoires,AP2,AP2_G1
1142,1521,2025-01-27,6,4,Annees Preparatoires,AP2,AP2_G2
1143,1523,2025-02-07,2,3,Annees Preparatoires,AP2,AP2_G1
1144,1523,2024-12-24,4,3,Annees Preparatoires,AP2,AP2_G1
1145,1523,2025-01-16,2,3,Annees Preparatoires,AP2,AP2_G1
1146,1524,2025-05-01,4,3,Annees Preparatoires,AP2,AP2_G1
1147,1531,2024-11-13,4,4,Annees Preparatoires,AP2,AP2_G2
1148,1531,2025-01-15,2,4,Annees Preparatoires,AP2,AP2_G2
1149,1531,2025-03-09,2,4,Annees Preparatoires,AP2,AP2_G2
1150,1532,2025-04-18,4,3,Annees Preparatoires,AP2,AP2_G1
1151,1534,2025-05-06,4,4,Annees Preparatoires,AP2,AP2_G2
1152,1534,2025-06-23,2,4,Annees Preparatoires,AP2,AP2_G2
1153,1539,2025-06-25,4,3,Annees Preparatoires,AP2,AP2_G1
1154,1540,2025-04-10,4,3,Annees Preparatoires,AP2,AP2_G1
1155,1540,2025-05-25,6,3,Annees Preparatoires,AP2,AP2_G1
1156,1542,2025-06-19,2,4,Annees Preparatoires,AP2,AP2_G2
1157,1545,2025-02-22,8,4,Annees Preparatoires,AP2,AP2_G2
1158,1546,2024-10-17,2,4,Annees Preparatoires,AP2,AP2_G2
1159,1547,2025-06-09,4,3,Annees Preparatoires,AP2,AP2_G1
1160,1552,2025-04-23,6,3,Annees Preparatoires,AP2,AP2_G1
1161,1556,2025-04-02,8,4,Annees Preparatoires,AP2,AP2_G2
1162,1559,2025-02-11,4,3,Annees Preparatoires,AP2,AP2_G1
1163,1564,2025-02-11,8,3,Annees Preparatoires,AP2,AP2_G1
1164,1568,2025-01-11,4,3,Annees Preparatoires,AP2,AP2_G1
1165,1571,2025-01-24,4,3,Annees Preparatoires,AP2,AP2_G1
1166,1571,2024-11-02,4,3,Annees Preparatoires,AP2,AP2_G1
1167,1571,2024-09-27,4,3,Annees Preparatoires,AP2,AP2_G1
1168,1571,2025-05-27,4,3,Annees Preparatoires,AP2,AP2_G1
1169,1571,2024-09-11,4,3,Annees Preparatoires,AP2,AP2_G1
1170,1573,2025-03-26,4,3,Annees Preparatoires,AP2,AP2_G1
1171,1573,2024-10-02,4,3,Annees Preparatoires,AP2,AP2_G1
1172,1577,2025-02-21,2,4,Annees Preparatoires,AP2,AP2_G2
1173,1578,2024-12-08,2,3,Annees Preparatoires,AP2,AP2_G1
1174,1582,2025-05-02,2,4,Annees Preparatoires,AP2,AP2_G2
1175,1587,2025-01-21,4,3,Annees Preparatoires,AP2,AP2_G1
1176,1587,2025-02-19,6,3,Annees Preparatoires,AP2,AP2_G1
1177,1590,2025-02-01,8,3,Annees Preparatoires,AP2,AP2_G1
1178,1590,2024-11-28,8,3,Annees Preparatoires,AP2,AP2_G1
1179,1590,2025-02-20,2,3,Annees Preparatoires,AP2,AP2_G1
1180,1590,2024-09-27,4,3,Annees Preparatoires,AP2,AP2_G1
1181,1590,2025-04-14,2,3,Annees Preparatoires,AP2,AP2_G1
1182,1591,2024-12-17,6,4,Annees Preparatoires,AP2,AP2_G2
1183,1592,2024-12-16,6,4,Annees Preparatoires,AP2,AP2_G2
1184,1594,2024-11-08,2,4,Annees Preparatoires,AP2,AP2_G2
1185,1597,2024-10-08,2,4,Annees Preparatoires,AP2,AP2_G2
1186,1599,2025-05-05,4,3,Annees Preparatoires,AP2,AP2_G1
1187,1601,2025-05-30,4,4,Annees Preparatoires,AP2,AP2_G2
1188,1602,2024-12-19,4,3,Annees Preparatoires,AP2,AP2_G1
1189,1603,2025-05-24,2,3,Annees Preparatoires,AP2,AP2_G1
1190,1605,2024-12-23,4,3,Annees Preparatoires,AP2,AP2_G1
1191,1607,2025-04-16,4,4,Annees Preparatoires,AP2,AP2_G2
1192,1607,2025-03-20,4,4,Annees Preparatoires,AP2,AP2_G2
1193,1607,2024-10-24,2,4,Annees Preparatoires,AP2,AP2_G2
1194,1607,2025-03-31,4,4,Annees Preparatoires,AP2,AP2_G2
1195,1611,2024-11-11,4,4,Annees Preparatoires,AP2,AP2_G2
1196,1623,2025-06-29,4,3,Annees Preparatoires,AP2,AP2_G1
1197,1623,2024-09-27,2,3,Annees Preparatoires,AP2,AP2_G1
1198,1623,2025-01-20,6,3,Annees Preparatoires,AP2,AP2_G1
1199,1623,2025-02-06,8,3,Annees Preparatoires,AP2,AP2_G1
1200,1623,2025-02-08,2,3,Annees Preparatoires,AP2,AP2_G1
1201,1625,2025-04-12,6,3,Annees Preparatoires,AP2,AP2_G1
1202,1625,2025-04-22,2,3,Annees Preparatoires,AP2,AP2_G1
1203,1625,2025-02-19,4,3,Annees Preparatoires,AP2,AP2_G1
1204,1628,2024-09-20,8,3,Annees Preparatoires,AP2,AP2_G1
1205,1631,2025-05-30,2,3,Annees Preparatoires,AP2,AP2_G1
1206,1632,2025-03-18,2,3,Annees Preparatoires,AP2,AP2_G1
1207,1641,2025-03-30,2,4,Annees Preparatoires,AP2,AP2_G2
1208,1641,2025-01-04,4,4,Annees Preparatoires,AP2,AP2_G2
1209,1647,2024-12-16,6,3,Annees Preparatoires,AP2,AP2_G1
1210,1647,2024-12-20,6,3,Annees Preparatoires,AP2,AP2_G1
1211,1647,2024-10-31,4,3,Annees Preparatoires,AP2,AP2_G1
1212,1647,2025-06-03,2,3,Annees Preparatoires,AP2,AP2_G1
1213,1655,2024-12-11,6,3,Annees Preparatoires,AP2,AP2_G1
1214,1656,2025-01-20,4,4,Annees Preparatoires,AP2,AP2_G2
1215,1658,2025-06-23,8,3,Annees Preparatoires,AP2,AP2_G1
1216,1658,2025-04-05,2,3,Annees Preparatoires,AP2,AP2_G1
1217,1658,2025-03-07,4,3,Annees Preparatoires,AP2,AP2_G1
1218,1658,2025-03-30,2,3,Annees Preparatoires,AP2,AP2_G1
1219,1662,2025-03-03,2,4,Annees Preparatoires,AP2,AP2_G2
1220,1662,2024-11-10,4,4,Annees Preparatoires,AP2,AP2_G2
1221,1662,2025-02-08,4,4,Annees Preparatoires,AP2,AP2_G2
1222,1663,2024-11-05,4,4,Annees Preparatoires,AP2,AP2_G2
1223,1666,2024-09-05,8,3,Annees Preparatoires,AP2,AP2_G1
1224,1666,2024-10-24,6,3,Annees Preparatoires,AP2,AP2_G1
1225,1666,2025-04-28,2,3,Annees Preparatoires,AP2,AP2_G1
1226,1670,2025-03-14,4,3,Annees Preparatoires,AP2,AP2_G1
1227,1685,2025-02-17,2,3,Annees Preparatoires,AP2,AP2_G1
1228,1685,2025-01-25,6,3,Annees Preparatoires,AP2,AP2_G1
1229,1686,2024-11-12,2,3,Annees Preparatoires,AP2,AP2_G1
1230,1692,2025-06-24,8,3,Annees Preparatoires,AP2,AP2_G1
1231,1694,2024-09-17,4,3,Annees Preparatoires,AP2,AP2_G1
1232,1695,2025-04-05,6,3,Annees Preparatoires,AP2,AP2_G1
1233,1696,2025-01-10,4,3,Annees Preparatoires,AP2,AP2_G1
1234,1698,2024-09-08,8,4,Annees Preparatoires,AP2,AP2_G2
1235,1699,2025-05-31,4,4,Annees Preparatoires,AP2,AP2_G2
1236,1701,2025-01-12,8,3,Annees Preparatoires,AP2,AP2_G1
1237,1703,2024-12-11,2,4,Annees Preparatoires,AP2,AP2_G2
1238,1705,2025-06-03,2,4,Annees Preparatoires,AP2,AP2_G2
1239,1706,2024-11-29,2,4,Annees Preparatoires,AP2,AP2_G2
1240,1710,2024-11-15,2,3,Annees Preparatoires,AP2,AP2_G1
1241,1711,2025-03-11,2,4,Annees Preparatoires,AP2,AP2_G2
1242,1712,2025-05-01,4,3,Annees Preparatoires,AP2,AP2_G1
1243,1713,2025-04-13,2,3,Annees Preparatoires,AP2,AP2_G1
1244,1713,2024-10-21,2,3,Annees Preparatoires,AP2,AP2_G1
1245,1713,2024-09-16,2,3,Annees Preparatoires,AP2,AP2_G1
1246,1713,2025-06-29,4,3,Annees Preparatoires,AP2,AP2_G1
1247,1717,2025-04-09,4,4,Annees Preparatoires,AP2,AP2_G2
1248,1717,2024-12-30,2,4,Annees Preparatoires,AP2,AP2_G2
1249,1717,2024-11-30,4,4,Annees Preparatoires,AP2,AP2_G2
1250,1720,2025-03-12,2,3,Annees Preparatoires,AP2,AP2_G1
1251,1721,2024-12-08,4,4,Annees Preparatoires,AP2,AP2_G2
1252,1724,2025-06-05,2,4,Annees Preparatoires,AP2,AP2_G2
1253,1724,2024-09-11,6,4,Annees Preparatoires,AP2,AP2_G2
1254,1727,2025-02-20,6,3,Annees Preparatoires,AP2,AP2_G1
1255,1727,2025-04-01,2,3,Annees Preparatoires,AP2,AP2_G1
1256,1727,2025-02-11,2,3,Annees Preparatoires,AP2,AP2_G1
1257,1729,2025-04-13,2,4,Annees Preparatoires,AP2,AP2_G2
1258,1733,2025-01-02,6,3,Annees Preparatoires,AP2,AP2_G1
1259,1734,2024-11-27,2,3,Annees Preparatoires,AP2,AP2_G1
1260,1734,2025-06-15,4,3,Annees Preparatoires,AP2,AP2_G1
1261,1736,2024-10-05,4,4,Annees Preparatoires,AP2,AP2_G2
1262,1737,2025-02-28,2,3,Annees Preparatoires,AP2,AP2_G1
1263,1737,2025-03-15,4,3,Annees Preparatoires,AP2,AP2_G1
1264,1738,2025-02-25,2,3,Annees Preparatoires,AP2,AP2_G1
1265,1741,2025-03-14,2,4,Annees Preparatoires,AP2,AP2_G2
1266,1741,2025-01-27,4,4,Annees Preparatoires,AP2,AP2_G2
1267,1742,2025-05-20,2,4,Annees Preparatoires,AP2,AP2_G2
1268,1742,2025-03-01,6,4,Annees Preparatoires,AP2,AP2_G2
1269,1742,2025-03-29,2,4,Annees Preparatoires,AP2,AP2_G2
1270,1742,2025-01-11,6,4,Annees Preparatoires,AP2,AP2_G2
1271,1742,2025-01-31,2,4,Annees Preparatoires,AP2,AP2_G2
1272,1746,2025-05-10,8,4,Annees Preparatoires,AP2,AP2_G2
1273,1746,2024-11-18,2,4,Annees Preparatoires,AP2,AP2_G2
1274,1747,2025-01-31,2,4,Annees Preparatoires,AP2,AP2_G2
1275,1750,2024-11-13,4,3,Annees Preparatoires,AP2,AP2_G1
1276,1755,2025-01-31,2,3,Annees Preparatoires,AP2,AP2_G1
1277,1755,2025-02-28,2,3,Annees Preparatoires,AP2,AP2_G1
1278,1757,2025-06-08,4,3,Annees Preparatoires,AP2,AP2_G1
1279,1758,2024-12-26,2,3,Annees Preparatoires,AP2,AP2_G1
1280,1761,2025-04-22,4,3,Annees Preparatoires,AP2,AP2_G1
1281,1766,2024-09-11,2,4,Annees Preparatoires,AP2,AP2_G2
1282,1772,2025-06-02,4,3,Annees Preparatoires,AP2,AP2_G1
1283,1774,2025-06-02,4,4,Annees Preparatoires,AP2,AP2_G2
1284,1775,2024-10-16,2,3,Annees Preparatoires,AP2,AP2_G1
1285,1776,2025-06-05,2,3,Annees Preparatoires,AP2,AP2_G1
1286,1777,2024-10-11,2,4,Annees Preparatoires,AP2,AP2_G2
1287,1779,2025-04-26,4,4,Annees Preparatoires,AP2,AP2_G2
1288,1779,2025-04-24,2,4,Annees Preparatoires,AP2,AP2_G2
1289,1779,2024-11-10,2,4,Annees Preparatoires,AP2,AP2_G2
1290,1781,2025-02-16,4,4,Annees Preparatoires,AP2,AP2_G2
1291,1782,2025-01-18,6,4,Annees Preparatoires,AP2,AP2_G2
1292,1783,2024-09-20,8,4,Annees Preparatoires,AP2,AP2_G2
1293,1783,2025-03-09,2,4,Annees Preparatoires,AP2,AP2_G2
1294,1783,2025-05-31,2,4,Annees Preparatoires,AP2,AP2_G2
1295,1795,2024-09-26,4,4,Annees Preparatoires,AP2,AP2_G2
1296,1796,2025-01-26,8,3,Annees Preparatoires,AP2,AP2_G1
1297,1797,2025-03-10,2,4,Annees Preparatoires,AP2,AP2_G2
1298,1801,2025-01-02,2,4,Annees Preparatoires,AP2,AP2_G2
1299,1805,2025-05-11,8,3,Annees Preparatoires,AP2,AP2_G1
1300,1807,2025-01-06,2,3,Annees Preparatoires,AP2,AP2_G1
1301,1808,2025-05-03,4,3,Annees Preparatoires,AP2,AP2_G1
1302,1808,2025-02-18,4,3,Annees Preparatoires,AP2,AP2_G1
1303,1808,2024-12-12,6,3,Annees Preparatoires,AP2,AP2_G1
1304,1811,2024-09-27,2,4,Annees Preparatoires,AP2,AP2_G2
1305,1813,2024-11-28,2,3,Annees Preparatoires,AP2,AP2_G1
1306,1817,2025-03-04,2,3,Annees Preparatoires,AP2,AP2_G1
1307,1818,2025-03-09,4,3,Annees Preparatoires,AP2,AP2_G1
1308,1821,2025-05-24,4,4,Annees Preparatoires,AP2,AP2_G2
1309,1821,2024-10-02,4,4,Annees Preparatoires,AP2,AP2_G2
1310,1823,2025-06-19,6,4,Annees Preparatoires,AP2,AP2_G2
1311,1829,2024-10-08,6,4,Annees Preparatoires,AP2,AP2_G2
1312,1829,2025-06-12,2,4,Annees Preparatoires,AP2,AP2_G2
1313,1830,2024-12-30,8,4,Annees Preparatoires,AP2,AP2_G2
1314,1834,2024-11-20,2,3,Annees Preparatoires,AP2,AP2_G1
1315,1837,2024-10-23,2,3,Annees Preparatoires,AP2,AP2_G1
1316,1839,2024-11-19,6,4,Annees Preparatoires,AP2,AP2_G2
1317,1840,2025-05-31,2,4,Annees Preparatoires,AP2,AP2_G2
1318,1842,2025-05-23,2,3,Annees Preparatoires,AP2,AP2_G1
1319,1846,2025-03-20,8,3,Annees Preparatoires,AP2,AP2_G1
1320,1847,2025-06-18,8,3,Annees Preparatoires,AP2,AP2_G1
1321,1848,2024-11-01,8,4,Annees Preparatoires,AP2,AP2_G2
1322,1855,2025-06-12,2,3,Annees Preparatoires,AP2,AP2_G1
1323,1857,2024-12-31,2,4,Annees Preparatoires,AP2,AP2_G2
1324,1857,2025-05-02,4,4,Annees Preparatoires,AP2,AP2_G2
1325,1857,2025-01-03,2,4,Annees Preparatoires,AP2,AP2_G2
1326,1860,2025-02-26,8,4,Annees Preparatoires,AP2,AP2_G2
1327,1860,2025-01-12,2,4,Annees Preparatoires,AP2,AP2_G2
1328,1864,2025-03-17,8,3,Annees Preparatoires,AP2,AP2_G1
1329,1864,2025-02-04,2,3,Annees Preparatoires,AP2,AP2_G1
1330,1864,2024-10-06,4,3,Annees Preparatoires,AP2,AP2_G1
1331,1864,2025-01-31,4,3,Annees Preparatoires,AP2,AP2_G1
1332,1864,2024-11-27,8,3,Annees Preparatoires,AP2,AP2_G1
1333,1865,2024-09-03,2,4,Annees Preparatoires,AP2,AP2_G2
1334,1866,2024-10-28,6,3,Annees Preparatoires,AP2,AP2_G1
1335,1866,2025-05-18,6,3,Annees Preparatoires,AP2,AP2_G1
1336,1866,2024-09-07,6,3,Annees Preparatoires,AP2,AP2_G1
1337,1868,2025-04-11,4,3,Annees Preparatoires,AP2,AP2_G1
1338,1871,2024-12-12,6,4,Annees Preparatoires,AP2,AP2_G2
1339,1873,2024-12-31,8,4,Annees Preparatoires,AP2,AP2_G2
1340,1880,2024-11-21,6,4,Annees Preparatoires,AP2,AP2_G2
1341,1883,2024-09-01,4,3,Annees Preparatoires,AP2,AP2_G1
1342,1883,2025-06-17,2,3,Annees Preparatoires,AP2,AP2_G1
1343,1883,2025-06-18,2,3,Annees Preparatoires,AP2,AP2_G1
1344,1883,2025-06-30,2,3,Annees Preparatoires,AP2,AP2_G1
1345,1884,2025-01-07,6,3,Annees Preparatoires,AP2,AP2_G1
1346,1887,2025-01-23,2,4,Annees Preparatoires,AP2,AP2_G2
1347,1887,2024-09-11,2,4,Annees Preparatoires,AP2,AP2_G2
1348,1887,2024-09-27,4,4,Annees Preparatoires,AP2,AP2_G2
1349,1893,2025-01-08,4,4,Annees Preparatoires,AP2,AP2_G2
1350,1896,2025-05-24,2,4,Annees Preparatoires,AP2,AP2_G2
1351,1896,2025-05-01,8,4,Annees Preparatoires,AP2,AP2_G2
1352,1896,2025-06-07,2,4,Annees Preparatoires,AP2,AP2_G2
1353,1898,2024-09-07,2,3,Annees Preparatoires,AP2,AP2_G1
1354,1900,2025-03-09,4,3,Annees Preparatoires,AP2,AP2_G1
1355,1902,2025-04-14,2,4,Annees Preparatoires,AP2,AP2_G2
1356,1902,2024-09-07,4,4,Annees Preparatoires,AP2,AP2_G2
1357,1905,2024-11-17,4,3,Annees Preparatoires,AP2,AP2_G1
1358,1910,2024-11-06,2,3,Annees Preparatoires,AP2,AP2_G1
1359,1911,2025-03-27,8,4,Annees Preparatoires,AP2,AP2_G2
1360,1911,2025-06-02,4,4,Annees Preparatoires,AP2,AP2_G2
1361,1912,2024-10-11,8,3,Annees Preparatoires,AP2,AP2_G1
1362,1915,2025-05-21,2,4,Annees Preparatoires,AP2,AP2_G2
1363,1916,2024-10-15,2,3,Annees Preparatoires,AP2,AP2_G1
1364,1934,2024-09-04,4,3,Annees Preparatoires,AP2,AP2_G1
1365,1934,2025-01-20,2,3,Annees Preparatoires,AP2,AP2_G1
1366,1934,2025-04-19,2,3,Annees Preparatoires,AP2,AP2_G1
1367,1937,2025-03-09,4,3,Annees Preparatoires,AP2,AP2_G1
1368,1937,2024-12-05,4,3,Annees Preparatoires,AP2,AP2_G1
1369,1942,2025-03-13,4,3,Annees Preparatoires,AP2,AP2_G1
1370,1949,2024-10-16,2,3,Annees Preparatoires,AP2,AP2_G1
1371,1950,2025-01-18,8,3,Annees Preparatoires,AP2,AP2_G1
1372,1951,2025-02-23,2,4,Annees Preparatoires,AP2,AP2_G2
1373,1952,2024-10-12,2,4,Annees Preparatoires,AP2,AP2_G2
1374,1952,2025-02-07,4,4,Annees Preparatoires,AP2,AP2_G2
1375,1955,2024-09-08,2,3,Annees Preparatoires,AP2,AP2_G1
1376,1960,2024-10-22,2,3,Annees Preparatoires,AP2,AP2_G1
1377,1961,2025-01-02,2,4,Annees Preparatoires,AP2,AP2_G2
1378,1963,2025-03-06,4,4,Annees Preparatoires,AP2,AP2_G2
1379,1963,2025-01-23,2,4,Annees Preparatoires,AP2,AP2_G2
1380,1966,2024-11-12,4,4,Annees Preparatoires,AP2,AP2_G2
1381,1967,2024-10-12,2,3,Annees Preparatoires,AP2,AP2_G1
1382,1968,2025-05-08,6,4,Annees Preparatoires,AP2,AP2_G2
1383,1969,2024-09-21,4,4,Annees Preparatoires,AP2,AP2_G2
1384,1969,2024-09-09,4,4,Annees Preparatoires,AP2,AP2_G2
1385,1969,2025-01-23,4,4,Annees Preparatoires,AP2,AP2_G2
1386,1969,2024-11-04,2,4,Annees Preparatoires,AP2,AP2_G2
1387,1970,2025-01-26,6,4,Annees Preparatoires,AP2,AP2_G2
1388,1972,2024-11-28,2,3,Annees Preparatoires,AP2,AP2_G1
1389,1973,2024-09-16,2,4,Annees Preparatoires,AP2,AP2_G2
1390,1973,2025-04-07,2,4,Annees Preparatoires,AP2,AP2_G2
1391,1973,2024-09-25,4,4,Annees Preparatoires,AP2,AP2_G2
1392,1973,2024-10-28,4,4,Annees Preparatoires,AP2,AP2_G2
1393,1973,2024-10-06,2,4,Annees Preparatoires,AP2,AP2_G2
1394,1973,2025-05-11,6,4,Annees Preparatoires,AP2,AP2_G2
1395,1978,2025-01-11,4,3,Annees Preparatoires,AP2,AP2_G1
1396,1981,2025-05-01,6,4,Annees Preparatoires,AP2,AP2_G2
1397,1989,2024-12-14,2,3,Annees Preparatoires,AP2,AP2_G1
1398,1989,2025-03-07,2,3,Annees Preparatoires,AP2,AP2_G1
1399,1991,2025-03-18,4,3,Annees Preparatoires,AP2,AP2_G1
1400,1991,2025-01-28,2,3,Annees Preparatoires,AP2,AP2_G1
1401,1991,2024-12-31,2,3,Annees Preparatoires,AP2,AP2_G1
1402,1993,2024-12-10,8,4,Annees Preparatoires,AP2,AP2_G2
1403,1995,2024-09-06,2,4,Annees Preparatoires,AP2,AP2_G2
1404,1996,2025-01-03,4,3,Annees Preparatoires,AP2,AP2_G1
1405,1998,2024-09-04,2,4,Annees Preparatoires,AP2,AP2_G2
1406,1998,2025-04-16,4,4,Annees Preparatoires,AP2,AP2_G2
1407,1999,2025-03-26,2,4,Annees Preparatoires,AP2,AP2_G2
1408,2012,2024-11-08,2,5,Informatique,CI1,INFO_CI1_G1
1409,2016,2025-02-18,4,11,Genie Industriel,CI1,INDUS_CI1_G2
1410,2018,2024-12-26,8,11,Genie Industriel,CI1,INDUS_CI1_G2
1411,2025,2025-01-03,2,11,Genie Industriel,CI1,INDUS_CI1_G2
1412,2025,2024-11-08,4,11,Genie Industriel,CI1,INDUS_CI1_G2
1413,2025,2024-10-30,2,11,Genie Industriel,CI1,INDUS_CI1_G2
1414,2025,2025-04-27,4,11,Genie Industriel,CI1,INDUS_CI1_G2
1415,2028,2024-10-10,6,11,Genie Industriel,CI1,INDUS_CI1_G2
1416,2030,2024-12-20,2,15,Genie electrique,CI1,ELEC_CI1_G1
1417,2032,2025-01-01,6,10,Genie Industriel,CI1,INDUS_CI1_G1
1418,2033,2024-12-28,2,16,Genie electrique,CI1,ELEC_CI1_G2
1419,2033,2025-06-18,6,16,Genie electrique,CI1,ELEC_CI1_G2
1420,2035,2024-12-16,6,16,Genie electrique,CI1,ELEC_CI1_G2
1421,2037,2025-03-02,2,5,Informatique,CI1,INFO_CI1_G1
1422,2041,2025-06-12,4,10,Genie Industriel,CI1,INDUS_CI1_G1
1423,2041,2025-06-22,2,10,Genie Industriel,CI1,INDUS_CI1_G1
1424,2044,2025-06-26,4,15,Genie electrique,CI1,ELEC_CI1_G1
1425,2048,2024-11-16,2,16,Genie electrique,CI1,ELEC_CI1_G2
1426,2049,2025-02-21,4,5,Informatique,CI1,INFO_CI1_G1
1427,2052,2024-12-28,4,5,Informatique,CI1,INFO_CI1_G1
1428,2056,2024-11-12,6,15,Genie electrique,CI1,ELEC_CI1_G1
1429,2058,2025-03-12,6,11,Genie Industriel,CI1,INDUS_CI1_G2
1430,2060,2025-05-31,2,16,Genie electrique,CI1,ELEC_CI1_G2
1431,2061,2025-06-08,4,10,Genie Industriel,CI1,INDUS_CI1_G1
1432,2061,2025-02-14,4,10,Genie Industriel,CI1,INDUS_CI1_G1
1433,2069,2025-02-14,8,10,Genie Industriel,CI1,INDUS_CI1_G1
1434,2071,2024-09-24,2,6,Informatique,CI1,INFO_CI1_G2
1435,2071,2025-04-20,6,6,Informatique,CI1,INFO_CI1_G2
1436,2075,2024-11-22,2,11,Genie Industriel,CI1,INDUS_CI1_G2
1437,2076,2025-05-10,2,5,Informatique,CI1,INFO_CI1_G1
1438,2077,2024-12-06,2,6,Informatique,CI1,INFO_CI1_G2
1439,2081,2025-04-17,2,5,Informatique,CI1,INFO_CI1_G1
1440,2086,2025-02-23,2,10,Genie Industriel,CI1,INDUS_CI1_G1
1441,2094,2024-10-19,8,11,Genie Industriel,CI1,INDUS_CI1_G2
1442,2099,2025-02-19,2,16,Genie electrique,CI1,ELEC_CI1_G2
1443,2100,2025-01-15,2,5,Informatique,CI1,INFO_CI1_G1
1444,2101,2025-02-27,4,15,Genie electrique,CI1,ELEC_CI1_G1
1445,2103,2025-05-23,6,15,Genie electrique,CI1,ELEC_CI1_G1
1446,2104,2024-09-03,4,5,Informatique,CI1,INFO_CI1_G1
1447,2107,2025-04-08,4,11,Genie Industriel,CI1,INDUS_CI1_G2
1448,2108,2025-02-27,8,15,Genie electrique,CI1,ELEC_CI1_G1
1449,2110,2025-05-11,4,10,Genie Industriel,CI1,INDUS_CI1_G1
1450,2115,2025-03-24,2,5,Informatique,CI1,INFO_CI1_G1
1451,2115,2025-02-06,4,5,Informatique,CI1,INFO_CI1_G1
1452,2115,2025-05-23,6,5,Informatique,CI1,INFO_CI1_G1
1453,2117,2025-04-26,4,10,Genie Industriel,CI1,INDUS_CI1_G1
1454,2118,2025-03-26,2,6,Informatique,CI1,INFO_CI1_G2
1455,2120,2025-06-06,4,10,Genie Industriel,CI1,INDUS_CI1_G1
1456,2122,2025-01-21,6,5,Informatique,CI1,INFO_CI1_G1
1457,2129,2025-05-23,6,16,Genie electrique,CI1,ELEC_CI1_G2
1458,2129,2025-04-26,4,16,Genie electrique,CI1,ELEC_CI1_G2
1459,2133,2024-10-27,4,6,Informatique,CI1,INFO_CI1_G2
1460,2133,2024-11-02,2,6,Informatique,CI1,INFO_CI1_G2
1461,2134,2024-09-24,2,11,Genie Industriel,CI1,INDUS_CI1_G2
1462,2135,2024-09-23,4,15,Genie electrique,CI1,ELEC_CI1_G1
1463,2135,2024-09-26,2,15,Genie electrique,CI1,ELEC_CI1_G1
1464,2141,2025-05-31,8,15,Genie electrique,CI1,ELEC_CI1_G1
1465,2143,2025-05-09,2,10,Genie Industriel,CI1,INDUS_CI1_G1
1466,2148,2025-04-24,4,10,Genie Industriel,CI1,INDUS_CI1_G1
1467,2154,2025-03-26,6,11,Genie Industriel,CI1,INDUS_CI1_G2
1468,2156,2024-09-16,4,15,Genie electrique,CI1,ELEC_CI1_G1
1469,2160,2025-02-17,2,5,Informatique,CI1,INFO_CI1_G1
1470,2167,2024-10-07,2,5,Informatique,CI1,INFO_CI1_G1
1471,2170,2025-03-28,2,16,Genie electrique,CI1,ELEC_CI1_G2
1472,2170,2025-03-19,2,16,Genie electrique,CI1,ELEC_CI1_G2
1473,2171,2025-03-01,4,6,Informatique,CI1,INFO_CI1_G2
1474,2171,2024-12-30,2,6,Informatique,CI1,INFO_CI1_G2
1475,2171,2024-12-17,8,6,Informatique,CI1,INFO_CI1_G2
1476,2174,2024-11-01,4,5,Informatique,CI1,INFO_CI1_G1
1477,2175,2024-12-03,4,10,Genie Industriel,CI1,INDUS_CI1_G1
1478,2187,2024-11-28,2,16,Genie electrique,CI1,ELEC_CI1_G2
1479,2188,2025-02-26,4,10,Genie Industriel,CI1,INDUS_CI1_G1
1480,2189,2025-04-22,4,16,Genie electrique,CI1,ELEC_CI1_G2
1481,2191,2025-06-26,2,11,Genie Industriel,CI1,INDUS_CI1_G2
1482,2192,2024-12-01,2,10,Genie Industriel,CI1,INDUS_CI1_G1
1483,2193,2025-01-28,2,11,Genie Industriel,CI1,INDUS_CI1_G2
1484,2196,2025-05-21,4,10,Genie Industriel,CI1,INDUS_CI1_G1
1485,2198,2025-03-24,2,16,Genie electrique,CI1,ELEC_CI1_G2
1486,2201,2025-03-23,4,10,Genie Industriel,CI1,INDUS_CI1_G1
1487,2203,2024-09-21,2,10,Genie Industriel,CI1,INDUS_CI1_G1
1488,2204,2025-01-31,6,11,Genie Industriel,CI1,INDUS_CI1_G2
1489,2212,2024-12-08,4,11,Genie Industriel,CI1,INDUS_CI1_G2
1490,2214,2024-10-09,2,5,Informatique,CI1,INFO_CI1_G1
1491,2218,2024-10-07,2,6,Informatique,CI1,INFO_CI1_G2
1492,2223,2024-10-13,2,15,Genie electrique,CI1,ELEC_CI1_G1
1493,2230,2024-11-17,2,16,Genie electrique,CI1,ELEC_CI1_G2
1494,2231,2025-05-09,2,16,Genie electrique,CI1,ELEC_CI1_G2
1495,2233,2025-01-24,4,10,Genie Industriel,CI1,INDUS_CI1_G1
1496,2234,2025-04-28,2,5,Informatique,CI1,INFO_CI1_G1
1497,2237,2025-03-27,4,6,Informatique,CI1,INFO_CI1_G2
1498,2239,2025-05-26,6,16,Genie electrique,CI1,ELEC_CI1_G2
1499,2247,2025-03-27,8,5,Informatique,CI1,INFO_CI1_G1
1500,2247,2025-04-27,2,5,Informatique,CI1,INFO_CI1_G1
1501,2250,2024-11-08,6,5,Informatique,CI1,INFO_CI1_G1
1502,2251,2025-03-16,4,11,Genie Industriel,CI1,INDUS_CI1_G2
1503,2253,2025-04-26,2,16,Genie electrique,CI1,ELEC_CI1_G2
1504,2254,2024-10-14,6,6,Informatique,CI1,INFO_CI1_G2
1505,2255,2025-03-27,2,10,Genie Industriel,CI1,INDUS_CI1_G1
1506,2260,2025-04-07,6,11,Genie Industriel,CI1,INDUS_CI1_G2
1507,2279,2024-11-01,6,10,Genie Industriel,CI1,INDUS_CI1_G1
1508,2280,2025-01-11,4,11,Genie Industriel,CI1,INDUS_CI1_G2
1509,2282,2025-02-05,4,11,Genie Industriel,CI1,INDUS_CI1_G2
1510,2283,2024-10-10,4,6,Informatique,CI1,INFO_CI1_G2
1511,2284,2025-05-23,4,16,Genie electrique,CI1,ELEC_CI1_G2
1512,2285,2024-11-10,2,15,Genie electrique,CI1,ELEC_CI1_G1
1513,2286,2025-05-10,6,6,Informatique,CI1,INFO_CI1_G2
1514,2288,2025-01-06,8,6,Informatique,CI1,INFO_CI1_G2
1515,2293,2024-10-06,8,11,Genie Industriel,CI1,INDUS_CI1_G2
1516,2294,2025-01-13,2,6,Informatique,CI1,INFO_CI1_G2
1517,2295,2025-01-07,8,6,Informatique,CI1,INFO_CI1_G2
1518,2298,2024-11-12,2,10,Genie Industriel,CI1,INDUS_CI1_G1
1519,2300,2025-05-19,4,15,Genie electrique,CI1,ELEC_CI1_G1
1520,2301,2024-11-12,6,15,Genie electrique,CI1,ELEC_CI1_G1
1521,2304,2024-11-02,2,6,Informatique,CI1,INFO_CI1_G2
1522,2307,2025-06-16,4,5,Informatique,CI1,INFO_CI1_G1
1523,2307,2025-01-05,4,5,Informatique,CI1,INFO_CI1_G1
1524,2307,2025-03-12,6,5,Informatique,CI1,INFO_CI1_G1
1525,2308,2025-04-20,2,10,Genie Industriel,CI1,INDUS_CI1_G1
1526,2308,2024-09-06,4,10,Genie Industriel,CI1,INDUS_CI1_G1
1527,2308,2025-02-02,2,10,Genie Industriel,CI1,INDUS_CI1_G1
1528,2311,2025-02-21,4,11,Genie Industriel,CI1,INDUS_CI1_G2
1529,2312,2025-02-21,8,5,Informatique,CI1,INFO_CI1_G1
1530,2312,2025-06-30,2,5,Informatique,CI1,INFO_CI1_G1
1531,2312,2025-02-22,2,5,Informatique,CI1,INFO_CI1_G1
1532,2314,2024-10-29,4,16,Genie electrique,CI1,ELEC_CI1_G2
1533,2317,2024-10-01,2,15,Genie electrique,CI1,ELEC_CI1_G1
1534,2318,2025-03-04,2,15,Genie electrique,CI1,ELEC_CI1_G1
1535,2321,2024-11-29,4,6,Informatique,CI1,INFO_CI1_G2
1536,2324,2025-02-13,4,5,Informatique,CI1,INFO_CI1_G1
1537,2324,2025-03-30,2,5,Informatique,CI1,INFO_CI1_G1
1538,2326,2025-04-21,4,6,Informatique,CI1,INFO_CI1_G2
1539,2326,2025-03-27,4,6,Informatique,CI1,INFO_CI1_G2
1540,2328,2024-09-04,2,16,Genie electrique,CI1,ELEC_CI1_G2
1541,2334,2025-06-18,4,15,Genie electrique,CI1,ELEC_CI1_G1
1542,2337,2024-10-13,4,11,Genie Industriel,CI1,INDUS_CI1_G2
1543,2343,2025-01-19,4,11,Genie Industriel,CI1,INDUS_CI1_G2
1544,2348,2025-05-09,4,15,Genie electrique,CI1,ELEC_CI1_G1
1545,2352,2025-05-17,6,6,Informatique,CI1,INFO_CI1_G2
1546,2353,2025-01-31,6,5,Informatique,CI1,INFO_CI1_G1
1547,2355,2025-01-15,2,16,Genie electrique,CI1,ELEC_CI1_G2
1548,2364,2024-11-24,2,16,Genie electrique,CI1,ELEC_CI1_G2
1549,2365,2025-06-17,4,5,Informatique,CI1,INFO_CI1_G1
1550,2368,2024-10-31,4,16,Genie electrique,CI1,ELEC_CI1_G2
1551,2373,2024-12-21,2,15,Genie electrique,CI1,ELEC_CI1_G1
1552,2376,2025-02-17,4,6,Informatique,CI1,INFO_CI1_G2
1553,2382,2025-04-11,4,10,Genie Industriel,CI1,INDUS_CI1_G1
1554,2383,2024-12-22,2,11,Genie Industriel,CI1,INDUS_CI1_G2
1555,2388,2025-03-23,8,16,Genie electrique,CI1,ELEC_CI1_G2
1556,2397,2024-11-05,2,16,Genie electrique,CI1,ELEC_CI1_G2
1557,2401,2025-04-12,4,5,Informatique,CI1,INFO_CI1_G1
1558,2403,2025-03-29,6,6,Informatique,CI1,INFO_CI1_G2
1559,2403,2025-01-17,2,6,Informatique,CI1,INFO_CI1_G2
1560,2403,2025-04-03,2,6,Informatique,CI1,INFO_CI1_G2
1561,2406,2025-05-15,2,15,Genie electrique,CI1,ELEC_CI1_G1
1562,2407,2025-02-27,8,5,Informatique,CI1,INFO_CI1_G1
1563,2416,2025-04-21,4,10,Genie Industriel,CI1,INDUS_CI1_G1
1564,2420,2025-05-09,4,6,Informatique,CI1,INFO_CI1_G2
1565,2421,2025-02-16,4,10,Genie Industriel,CI1,INDUS_CI1_G1
1566,2421,2025-04-17,8,10,Genie Industriel,CI1,INDUS_CI1_G1
1567,2426,2024-09-11,2,15,Genie electrique,CI1,ELEC_CI1_G1
1568,2428,2024-11-16,4,16,Genie electrique,CI1,ELEC_CI1_G2
1569,2430,2025-02-04,2,5,Informatique,CI1,INFO_CI1_G1
1570,2430,2024-11-24,4,5,Informatique,CI1,INFO_CI1_G1
1571,2437,2024-09-21,4,5,Informatique,CI1,INFO_CI1_G1
1572,2438,2025-06-27,2,10,Genie Industriel,CI1,INDUS_CI1_G1
1573,2443,2025-06-17,4,5,Informatique,CI1,INFO_CI1_G1
1574,2445,2025-01-02,2,10,Genie Industriel,CI1,INDUS_CI1_G1
1575,2453,2025-01-13,6,6,Informatique,CI1,INFO_CI1_G2
1576,2454,2025-04-01,4,5,Informatique,CI1,INFO_CI1_G1
1577,2455,2025-03-16,2,5,Informatique,CI1,INFO_CI1_G1
1578,2458,2024-11-27,4,16,Genie electrique,CI1,ELEC_CI1_G2
1579,2460,2024-11-24,2,5,Informatique,CI1,INFO_CI1_G1
1580,2462,2025-06-10,2,6,Informatique,CI1,INFO_CI1_G2
1581,2464,2025-04-02,6,6,Informatique,CI1,INFO_CI1_G2
1582,2468,2024-09-03,2,11,Genie Industriel,CI1,INDUS_CI1_G2
1583,2468,2024-12-31,6,11,Genie Industriel,CI1,INDUS_CI1_G2
1584,2474,2024-12-13,2,15,Genie electrique,CI1,ELEC_CI1_G1
1585,2481,2025-03-24,6,15,Genie electrique,CI1,ELEC_CI1_G1
1586,2481,2024-10-05,4,15,Genie electrique,CI1,ELEC_CI1_G1
1587,2483,2024-10-13,4,10,Genie Industriel,CI1,INDUS_CI1_G1
1588,2484,2025-01-17,2,15,Genie electrique,CI1,ELEC_CI1_G1
1589,2484,2025-03-23,6,15,Genie electrique,CI1,ELEC_CI1_G1
1590,2484,2025-04-19,2,15,Genie electrique,CI1,ELEC_CI1_G1
1591,2492,2024-12-18,2,10,Genie Industriel,CI1,INDUS_CI1_G1
1592,2495,2025-06-14,8,15,Genie electrique,CI1,ELEC_CI1_G1
1593,2505,2024-11-30,2,15,Genie electrique,CI1,ELEC_CI1_G1
1594,2508,2024-12-12,8,6,Informatique,CI1,INFO_CI1_G2
1595,2511,2025-02-28,2,5,Informatique,CI1,INFO_CI1_G1
1596,2512,2024-11-07,2,10,Genie Industriel,CI1,INDUS_CI1_G1
1597,2519,2025-06-17,4,11,Genie Industriel,CI1,INDUS_CI1_G2
1598,2520,2025-06-11,4,15,Genie electrique,CI1,ELEC_CI1_G1
1599,2520,2025-01-30,6,15,Genie electrique,CI1,ELEC_CI1_G1
1600,2521,2025-03-23,8,15,Genie electrique,CI1,ELEC_CI1_G1
1601,2523,2024-12-20,2,16,Genie electrique,CI1,ELEC_CI1_G2
1602,2528,2025-01-10,2,5,Informatique,CI1,INFO_CI1_G1
1603,2530,2025-03-05,6,16,Genie electrique,CI1,ELEC_CI1_G2
1604,2533,2025-06-08,2,10,Genie Industriel,CI1,INDUS_CI1_G1
1605,2544,2024-10-10,2,16,Genie electrique,CI1,ELEC_CI1_G2
1606,2545,2025-03-03,2,16,Genie electrique,CI1,ELEC_CI1_G2
1607,2547,2025-03-25,2,15,Genie electrique,CI1,ELEC_CI1_G1
1608,2555,2024-10-24,2,16,Genie electrique,CI1,ELEC_CI1_G2
1609,2563,2024-12-11,4,5,Informatique,CI1,INFO_CI1_G1
1610,2564,2024-10-22,2,11,Genie Industriel,CI1,INDUS_CI1_G2
1611,2566,2025-02-13,2,6,Informatique,CI1,INFO_CI1_G2
1612,2570,2024-12-11,2,5,Informatique,CI1,INFO_CI1_G1
1613,2570,2024-10-29,4,5,Informatique,CI1,INFO_CI1_G1
1614,2574,2024-10-26,8,10,Genie Industriel,CI1,INDUS_CI1_G1
1615,2574,2025-01-02,8,10,Genie Industriel,CI1,INDUS_CI1_G1
1616,2574,2025-01-19,2,10,Genie Industriel,CI1,INDUS_CI1_G1
1617,2579,2024-12-25,6,10,Genie Industriel,CI1,INDUS_CI1_G1
1618,2589,2024-12-13,2,15,Genie electrique,CI1,ELEC_CI1_G1
1619,2593,2024-10-05,4,16,Genie electrique,CI1,ELEC_CI1_G2
1620,2596,2025-02-09,8,10,Genie Industriel,CI1,INDUS_CI1_G1
1621,2597,2025-05-29,4,11,Genie Industriel,CI1,INDUS_CI1_G2
1622,2598,2024-09-10,4,6,Informatique,CI1,INFO_CI1_G2
1623,2600,2025-06-29,4,10,Genie Industriel,CI1,INDUS_CI1_G1
1624,2600,2024-10-27,4,10,Genie Industriel,CI1,INDUS_CI1_G1
1625,2600,2025-03-18,4,10,Genie Industriel,CI1,INDUS_CI1_G1
1626,2602,2024-09-10,2,10,Genie Industriel,CI1,INDUS_CI1_G1
1627,2609,2024-09-16,4,16,Genie electrique,CI1,ELEC_CI1_G2
1628,2614,2025-03-10,2,6,Informatique,CI1,INFO_CI1_G2
1629,2618,2024-09-03,4,15,Genie electrique,CI1,ELEC_CI1_G1
1630,2619,2024-12-07,2,5,Informatique,CI1,INFO_CI1_G1
1631,2621,2025-06-07,4,15,Genie electrique,CI1,ELEC_CI1_G1
1632,2622,2025-03-05,2,5,Informatique,CI1,INFO_CI1_G1
1633,2622,2025-04-20,4,5,Informatique,CI1,INFO_CI1_G1
1634,2622,2024-11-23,4,5,Informatique,CI1,INFO_CI1_G1
1635,2624,2024-09-02,2,11,Genie Industriel,CI1,INDUS_CI1_G2
1636,2624,2024-12-28,2,11,Genie Industriel,CI1,INDUS_CI1_G2
1637,2624,2025-01-19,2,11,Genie Industriel,CI1,INDUS_CI1_G2
1638,2627,2024-09-02,2,15,Genie electrique,CI1,ELEC_CI1_G1
1639,2628,2024-09-24,2,11,Genie Industriel,CI1,INDUS_CI1_G2
1640,2628,2025-01-08,2,11,Genie Industriel,CI1,INDUS_CI1_G2
1641,2628,2024-11-21,6,11,Genie Industriel,CI1,INDUS_CI1_G2
1642,2628,2024-12-12,8,11,Genie Industriel,CI1,INDUS_CI1_G2
1643,2629,2024-11-20,2,15,Genie electrique,CI1,ELEC_CI1_G1
1644,2634,2025-04-21,6,6,Informatique,CI1,INFO_CI1_G2
1645,2634,2024-11-24,2,6,Informatique,CI1,INFO_CI1_G2
1646,2634,2024-12-25,6,6,Informatique,CI1,INFO_CI1_G2
1647,2638,2024-11-26,8,11,Genie Industriel,CI1,INDUS_CI1_G2
1648,2642,2025-04-14,4,16,Genie electrique,CI1,ELEC_CI1_G2
1649,2643,2025-05-22,2,11,Genie Industriel,CI1,INDUS_CI1_G2
1650,2645,2025-06-30,2,5,Informatique,CI1,INFO_CI1_G1
1651,2646,2024-12-06,4,5,Informatique,CI1,INFO_CI1_G1
1652,2648,2024-12-16,4,15,Genie electrique,CI1,ELEC_CI1_G1
1653,2650,2025-05-17,4,10,Genie Industriel,CI1,INDUS_CI1_G1
1654,2658,2024-09-23,2,11,Genie Industriel,CI1,INDUS_CI1_G2
1655,2660,2025-03-30,2,16,Genie electrique,CI1,ELEC_CI1_G2
1656,2661,2024-12-08,2,5,Informatique,CI1,INFO_CI1_G1
1657,2663,2025-02-26,6,5,Informatique,CI1,INFO_CI1_G1
1658,2677,2025-01-02,2,15,Genie electrique,CI1,ELEC_CI1_G1
1659,2678,2024-12-28,4,5,Informatique,CI1,INFO_CI1_G1
1660,2679,2025-05-17,6,16,Genie electrique,CI1,ELEC_CI1_G2
1661,2679,2025-06-27,2,16,Genie electrique,CI1,ELEC_CI1_G2
1662,2679,2025-01-17,4,16,Genie electrique,CI1,ELEC_CI1_G2
1663,2683,2025-02-02,2,5,Informatique,CI1,INFO_CI1_G1
1664,2683,2025-05-03,4,5,Informatique,CI1,INFO_CI1_G1
1665,2683,2024-10-20,4,5,Informatique,CI1,INFO_CI1_G1
1666,2684,2025-03-23,2,6,Informatique,CI1,INFO_CI1_G2
1667,2684,2024-10-23,8,6,Informatique,CI1,INFO_CI1_G2
1668,2684,2025-06-07,6,6,Informatique,CI1,INFO_CI1_G2
1669,2684,2025-04-25,4,6,Informatique,CI1,INFO_CI1_G2
1670,2689,2025-01-28,8,6,Informatique,CI1,INFO_CI1_G2
1671,2693,2025-06-03,4,6,Informatique,CI1,INFO_CI1_G2
1672,2694,2024-10-16,8,5,Informatique,CI1,INFO_CI1_G1
1673,2702,2025-06-28,2,5,Informatique,CI1,INFO_CI1_G1
1674,2709,2024-12-05,4,5,Informatique,CI1,INFO_CI1_G1
1675,2709,2025-05-20,4,5,Informatique,CI1,INFO_CI1_G1
1676,2711,2025-02-11,2,10,Genie Industriel,CI1,INDUS_CI1_G1
1677,2714,2024-09-02,2,5,Informatique,CI1,INFO_CI1_G1
1678,2717,2025-02-03,4,10,Genie Industriel,CI1,INDUS_CI1_G1
1679,2717,2024-09-21,2,10,Genie Industriel,CI1,INDUS_CI1_G1
1680,2718,2025-05-23,4,11,Genie Industriel,CI1,INDUS_CI1_G2
1681,2719,2024-11-08,8,6,Informatique,CI1,INFO_CI1_G2
1682,2719,2025-02-08,4,6,Informatique,CI1,INFO_CI1_G2
1683,2721,2025-03-29,2,6,Informatique,CI1,INFO_CI1_G2
1684,2726,2024-10-04,2,16,Genie electrique,CI1,ELEC_CI1_G2
1685,2728,2025-05-07,8,10,Genie Industriel,CI1,INDUS_CI1_G1
1686,2733,2024-09-29,4,6,Informatique,CI1,INFO_CI1_G2
1687,2737,2025-01-05,8,10,Genie Industriel,CI1,INDUS_CI1_G1
1688,2737,2025-06-01,2,10,Genie Industriel,CI1,INDUS_CI1_G1
1689,2737,2024-11-21,4,10,Genie Industriel,CI1,INDUS_CI1_G1
1690,2741,2024-11-01,2,16,Genie electrique,CI1,ELEC_CI1_G2
1691,2747,2024-09-28,6,6,Informatique,CI1,INFO_CI1_G2
1692,2747,2024-10-20,2,6,Informatique,CI1,INFO_CI1_G2
1693,2748,2025-01-11,8,11,Genie Industriel,CI1,INDUS_CI1_G2
1694,2749,2025-03-05,2,16,Genie electrique,CI1,ELEC_CI1_G2
1695,2750,2024-10-06,2,5,Informatique,CI1,INFO_CI1_G1
1696,2753,2025-05-24,4,15,Genie electrique,CI1,ELEC_CI1_G1
1697,2758,2024-11-19,6,11,Genie Industriel,CI1,INDUS_CI1_G2
1698,2761,2025-05-17,2,5,Informatique,CI1,INFO_CI1_G1
1699,2765,2025-03-02,2,15,Genie electrique,CI1,ELEC_CI1_G1
1700,2766,2025-05-28,6,6,Informatique,CI1,INFO_CI1_G2
1701,2766,2024-12-04,4,6,Informatique,CI1,INFO_CI1_G2
1702,2767,2024-10-18,6,11,Genie Industriel,CI1,INDUS_CI1_G2
1703,2767,2025-02-18,2,11,Genie Industriel,CI1,INDUS_CI1_G2
1704,2768,2025-06-03,2,16,Genie electrique,CI1,ELEC_CI1_G2
1705,2772,2025-03-09,4,6,Informatique,CI1,INFO_CI1_G2
1706,2772,2025-05-12,8,6,Informatique,CI1,INFO_CI1_G2
1707,2772,2025-02-17,2,6,Informatique,CI1,INFO_CI1_G2
1708,2776,2025-01-30,2,6,Informatique,CI1,INFO_CI1_G2
1709,2778,2025-04-15,4,16,Genie electrique,CI1,ELEC_CI1_G2
1710,2780,2024-10-29,4,11,Genie Industriel,CI1,INDUS_CI1_G2
1711,2787,2024-11-28,6,16,Genie electrique,CI1,ELEC_CI1_G2
1712,2788,2025-01-30,6,15,Genie electrique,CI1,ELEC_CI1_G1
1713,2790,2025-04-28,8,16,Genie electrique,CI1,ELEC_CI1_G2
1714,2803,2024-09-20,2,6,Informatique,CI1,INFO_CI1_G2
1715,2803,2025-04-05,2,6,Informatique,CI1,INFO_CI1_G2
1716,2803,2024-10-07,2,6,Informatique,CI1,INFO_CI1_G2
1717,2803,2025-02-04,4,6,Informatique,CI1,INFO_CI1_G2
1718,2807,2024-11-08,6,5,Informatique,CI1,INFO_CI1_G1
1719,2807,2024-10-25,4,5,Informatique,CI1,INFO_CI1_G1
1720,2808,2024-12-31,4,5,Informatique,CI1,INFO_CI1_G1
1721,2808,2024-12-22,2,5,Informatique,CI1,INFO_CI1_G1
1722,2808,2024-10-05,2,5,Informatique,CI1,INFO_CI1_G1
1723,2810,2025-04-08,2,6,Informatique,CI1,INFO_CI1_G2
1724,2812,2024-11-16,6,15,Genie electrique,CI1,ELEC_CI1_G1
1725,2820,2024-12-27,2,16,Genie electrique,CI1,ELEC_CI1_G2
1726,2822,2025-01-15,4,11,Genie Industriel,CI1,INDUS_CI1_G2
1727,2825,2025-02-19,2,16,Genie electrique,CI1,ELEC_CI1_G2
1728,2830,2025-04-26,6,5,Informatique,CI1,INFO_CI1_G1
1729,2830,2025-03-04,2,5,Informatique,CI1,INFO_CI1_G1
1730,2830,2024-12-15,2,5,Informatique,CI1,INFO_CI1_G1
1731,2830,2025-06-09,4,5,Informatique,CI1,INFO_CI1_G1
1732,2830,2024-10-02,2,5,Informatique,CI1,INFO_CI1_G1
1733,2831,2024-10-19,4,10,Genie Industriel,CI1,INDUS_CI1_G1
1734,2834,2025-06-27,4,10,Genie Industriel,CI1,INDUS_CI1_G1
1735,2836,2024-10-14,2,15,Genie electrique,CI1,ELEC_CI1_G1
1736,2836,2024-12-22,2,15,Genie electrique,CI1,ELEC_CI1_G1
1737,2836,2024-12-19,2,15,Genie electrique,CI1,ELEC_CI1_G1
1738,2836,2025-04-22,2,15,Genie electrique,CI1,ELEC_CI1_G1
1739,2837,2025-02-13,6,11,Genie Industriel,CI1,INDUS_CI1_G2
1740,2842,2024-11-26,2,6,Informatique,CI1,INFO_CI1_G2
1741,2844,2025-05-09,4,10,Genie Industriel,CI1,INDUS_CI1_G1
1742,2850,2025-04-22,2,16,Genie electrique,CI1,ELEC_CI1_G2
1743,2854,2024-12-13,2,5,Informatique,CI1,INFO_CI1_G1
1744,2857,2024-09-02,2,16,Genie electrique,CI1,ELEC_CI1_G2
1745,2860,2025-05-23,2,10,Genie Industriel,CI1,INDUS_CI1_G1
1746,2863,2024-10-10,4,11,Genie Industriel,CI1,INDUS_CI1_G2
1747,2863,2025-06-04,6,11,Genie Industriel,CI1,INDUS_CI1_G2
1748,2863,2025-04-06,6,11,Genie Industriel,CI1,INDUS_CI1_G2
1749,2863,2024-09-30,2,11,Genie Industriel,CI1,INDUS_CI1_G2
1750,2865,2025-04-04,4,16,Genie electrique,CI1,ELEC_CI1_G2
1751,2867,2025-02-07,4,5,Informatique,CI1,INFO_CI1_G1
1752,2868,2025-01-21,4,16,Genie electrique,CI1,ELEC_CI1_G2
1753,2873,2024-12-19,2,11,Genie Industriel,CI1,INDUS_CI1_G2
1754,2874,2025-02-09,6,5,Informatique,CI1,INFO_CI1_G1
1755,2874,2024-12-26,4,5,Informatique,CI1,INFO_CI1_G1
1756,2874,2025-05-21,4,5,Informatique,CI1,INFO_CI1_G1
1757,2875,2024-12-19,6,5,Informatique,CI1,INFO_CI1_G1
1758,2881,2024-12-25,2,10,Genie Industriel,CI1,INDUS_CI1_G1
1759,2889,2025-04-07,2,10,Genie Industriel,CI1,INDUS_CI1_G1
1760,2890,2024-12-18,2,6,Informatique,CI1,INFO_CI1_G2
1761,2890,2025-06-25,8,6,Informatique,CI1,INFO_CI1_G2
1762,2891,2024-09-24,4,6,Informatique,CI1,INFO_CI1_G2
1763,2896,2025-06-13,4,11,Genie Industriel,CI1,INDUS_CI1_G2
1764,2898,2025-05-21,4,16,Genie electrique,CI1,ELEC_CI1_G2
1765,2899,2024-12-11,2,11,Genie Industriel,CI1,INDUS_CI1_G2
1766,2900,2024-10-26,2,11,Genie Industriel,CI1,INDUS_CI1_G2
1767,2900,2025-02-11,6,11,Genie Industriel,CI1,INDUS_CI1_G2
1768,2909,2025-04-18,4,11,Genie Industriel,CI1,INDUS_CI1_G2
1769,2914,2025-03-02,4,10,Genie Industriel,CI1,INDUS_CI1_G1
1770,2925,2024-12-09,4,5,Informatique,CI1,INFO_CI1_G1
1771,2925,2024-10-20,8,5,Informatique,CI1,INFO_CI1_G1
1772,2925,2025-02-03,4,5,Informatique,CI1,INFO_CI1_G1
1773,2930,2025-03-14,4,11,Genie Industriel,CI1,INDUS_CI1_G2
1774,2930,2025-05-14,2,11,Genie Industriel,CI1,INDUS_CI1_G2
1775,2930,2024-11-30,6,11,Genie Industriel,CI1,INDUS_CI1_G2
1776,2931,2024-09-13,4,6,Informatique,CI1,INFO_CI1_G2
1777,2935,2024-09-29,6,6,Informatique,CI1,INFO_CI1_G2
1778,2945,2024-12-25,4,16,Genie electrique,CI1,ELEC_CI1_G2
1779,2946,2025-05-15,2,11,Genie Industriel,CI1,INDUS_CI1_G2
1780,2947,2025-03-10,4,6,Informatique,CI1,INFO_CI1_G2
1781,2949,2025-01-25,6,16,Genie electrique,CI1,ELEC_CI1_G2
1782,2951,2025-06-06,2,11,Genie Industriel,CI1,INDUS_CI1_G2
1783,2955,2025-05-02,2,15,Genie electrique,CI1,ELEC_CI1_G1
1784,2958,2025-05-22,2,15,Genie electrique,CI1,ELEC_CI1_G1
1785,2960,2024-11-07,4,5,Informatique,CI1,INFO_CI1_G1
1786,2960,2024-12-18,2,5,Informatique,CI1,INFO_CI1_G1
1787,2960,2024-09-03,2,5,Informatique,CI1,INFO_CI1_G1
1788,2962,2025-04-25,2,15,Genie electrique,CI1,ELEC_CI1_G1
1789,2962,2024-12-31,2,15,Genie electrique,CI1,ELEC_CI1_G1
1790,2963,2025-05-13,8,16,Genie electrique,CI1,ELEC_CI1_G2
1791,2970,2024-10-19,6,11,Genie Industriel,CI1,INDUS_CI1_G2
1792,2970,2024-11-19,4,11,Genie Industriel,CI1,INDUS_CI1_G2
1793,2970,2025-02-19,8,11,Genie Industriel,CI1,INDUS_CI1_G2
1794,2971,2024-10-17,2,6,Informatique,CI1,INFO_CI1_G2
1795,2971,2025-03-14,4,6,Informatique,CI1,INFO_CI1_G2
1796,2978,2025-05-04,2,11,Genie Industriel,CI1,INDUS_CI1_G2
1797,2978,2025-06-15,2,11,Genie Industriel,CI1,INDUS_CI1_G2
1798,2990,2025-03-12,2,10,Genie Industriel,CI1,INDUS_CI1_G1
1799,2994,2024-10-20,4,5,Informatique,CI1,INFO_CI1_G1
1800,2998,2024-11-23,4,15,Genie electrique,CI1,ELEC_CI1_G1
1801,3000,2024-09-08,2,11,Genie Industriel,CI1,INDUS_CI1_G2
1802,3001,2025-05-22,2,5,Informatique,CI1,INFO_CI1_G1
1803,3002,2025-05-24,4,5,Informatique,CI1,INFO_CI1_G1
1804,3004,2025-03-06,2,15,Genie electrique,CI1,ELEC_CI1_G1
1805,3010,2024-09-29,6,7,Informatique,CI2,INFO_CI2_G1
1806,3022,2025-06-13,2,12,Genie Industriel,CI2,INDUS_CI2_G1
1807,3026,2024-11-18,4,23,energies Renouvelables,CI2,ENERGIE_CI2_G1
1808,3026,2025-04-26,2,23,energies Renouvelables,CI2,ENERGIE_CI2_G1
1809,3031,2025-03-09,2,8,Informatique,CI2,INFO_CI2_G2
1810,3036,2025-04-19,2,8,Informatique,CI2,INFO_CI2_G2
1811,3037,2025-02-15,8,19,Telecommunications,CI2,TELE_CI2_G1
1812,3039,2025-05-16,4,12,Genie Industriel,CI2,INDUS_CI2_G1
1813,3041,2024-11-23,2,21,Cybersecurite,CI2,CYBER_CI2_G1
1814,3048,2025-05-22,6,21,Cybersecurite,CI2,CYBER_CI2_G1
1815,3050,2025-06-12,2,23,energies Renouvelables,CI2,ENERGIE_CI2_G1
1816,3052,2025-05-12,8,21,Cybersecurite,CI2,CYBER_CI2_G1
1817,3053,2025-04-10,4,12,Genie Industriel,CI2,INDUS_CI2_G1
1818,3054,2024-09-10,8,23,energies Renouvelables,CI2,ENERGIE_CI2_G1
1819,3057,2025-01-21,2,13,Genie Industriel,CI2,INDUS_CI2_G2
1820,3057,2025-04-11,2,13,Genie Industriel,CI2,INDUS_CI2_G2
1821,3057,2025-06-10,4,13,Genie Industriel,CI2,INDUS_CI2_G2
1822,3058,2024-09-05,4,13,Genie Industriel,CI2,INDUS_CI2_G2
1823,3064,2025-03-18,2,21,Cybersecurite,CI2,CYBER_CI2_G1
1824,3066,2024-12-05,2,7,Informatique,CI2,INFO_CI2_G1
1825,3068,2024-12-09,2,12,Genie Industriel,CI2,INDUS_CI2_G1
1826,3069,2024-12-06,6,19,Telecommunications,CI2,TELE_CI2_G1
1827,3076,2024-10-22,4,12,Genie Industriel,CI2,INDUS_CI2_G1
1828,3078,2024-12-31,2,17,Genie electrique,CI2,ELEC_CI2_G1
1829,3079,2024-09-30,4,19,Telecommunications,CI2,TELE_CI2_G1
1830,3089,2025-05-21,6,7,Informatique,CI2,INFO_CI2_G1
1831,3090,2025-02-12,8,8,Informatique,CI2,INFO_CI2_G2
1832,3092,2025-06-18,2,17,Genie electrique,CI2,ELEC_CI2_G1
1833,3096,2025-04-15,2,21,Cybersecurite,CI2,CYBER_CI2_G1
1834,3098,2024-10-07,2,19,Telecommunications,CI2,TELE_CI2_G1
1835,3101,2025-06-06,2,21,Cybersecurite,CI2,CYBER_CI2_G1
1836,3113,2024-10-30,2,19,Telecommunications,CI2,TELE_CI2_G1
1837,3113,2025-01-08,4,19,Telecommunications,CI2,TELE_CI2_G1
1838,3113,2025-04-29,6,19,Telecommunications,CI2,TELE_CI2_G1
1839,3113,2025-02-26,2,19,Telecommunications,CI2,TELE_CI2_G1
1840,3122,2025-03-08,4,21,Cybersecurite,CI2,CYBER_CI2_G1
1841,3122,2024-10-16,8,21,Cybersecurite,CI2,CYBER_CI2_G1
1842,3122,2025-06-29,2,21,Cybersecurite,CI2,CYBER_CI2_G1
1843,3122,2025-02-11,8,21,Cybersecurite,CI2,CYBER_CI2_G1
1844,3122,2024-11-08,2,21,Cybersecurite,CI2,CYBER_CI2_G1
1845,3126,2024-10-28,4,19,Telecommunications,CI2,TELE_CI2_G1
1846,3127,2025-01-05,4,19,Telecommunications,CI2,TELE_CI2_G1
1847,3128,2024-11-11,8,7,Informatique,CI2,INFO_CI2_G1
1848,3131,2024-10-03,2,12,Genie Industriel,CI2,INDUS_CI2_G1
1849,3131,2025-01-18,2,12,Genie Industriel,CI2,INDUS_CI2_G1
1850,3132,2025-02-15,2,17,Genie electrique,CI2,ELEC_CI2_G1
1851,3134,2025-05-18,4,8,Informatique,CI2,INFO_CI2_G2
1852,3136,2024-12-23,4,13,Genie Industriel,CI2,INDUS_CI2_G2
1853,3136,2025-02-10,8,13,Genie Industriel,CI2,INDUS_CI2_G2
1854,3136,2024-10-06,2,13,Genie Industriel,CI2,INDUS_CI2_G2
1855,3137,2024-10-20,4,7,Informatique,CI2,INFO_CI2_G1
1856,3138,2025-01-13,4,19,Telecommunications,CI2,TELE_CI2_G1
1857,3142,2024-10-09,8,7,Informatique,CI2,INFO_CI2_G1
1858,3142,2025-06-28,4,7,Informatique,CI2,INFO_CI2_G1
1859,3143,2025-06-27,4,7,Informatique,CI2,INFO_CI2_G1
1860,3145,2025-05-13,4,23,energies Renouvelables,CI2,ENERGIE_CI2_G1
1861,3147,2025-02-05,4,8,Informatique,CI2,INFO_CI2_G2
1862,3147,2024-11-09,2,8,Informatique,CI2,INFO_CI2_G2
1863,3147,2024-10-23,2,8,Informatique,CI2,INFO_CI2_G2
1864,3158,2024-09-22,2,19,Telecommunications,CI2,TELE_CI2_G1
1865,3163,2025-03-26,2,19,Telecommunications,CI2,TELE_CI2_G1
1866,3166,2025-02-06,4,21,Cybersecurite,CI2,CYBER_CI2_G1
1867,3169,2025-06-26,6,21,Cybersecurite,CI2,CYBER_CI2_G1
1868,3169,2025-01-21,4,21,Cybersecurite,CI2,CYBER_CI2_G1
1869,3172,2025-03-24,2,7,Informatique,CI2,INFO_CI2_G1
1870,3173,2025-01-11,6,7,Informatique,CI2,INFO_CI2_G1
1871,3176,2025-04-07,4,19,Telecommunications,CI2,TELE_CI2_G1
1872,3178,2024-12-30,2,13,Genie Industriel,CI2,INDUS_CI2_G2
1873,3179,2025-02-04,2,7,Informatique,CI2,INFO_CI2_G1
1874,3183,2025-01-23,6,8,Informatique,CI2,INFO_CI2_G2
1875,3186,2024-11-17,2,8,Informatique,CI2,INFO_CI2_G2
1876,3187,2025-06-10,4,23,energies Renouvelables,CI2,ENERGIE_CI2_G1
1877,3192,2025-05-24,6,17,Genie electrique,CI2,ELEC_CI2_G1
1878,3207,2025-01-15,6,12,Genie Industriel,CI2,INDUS_CI2_G1
1879,3207,2025-03-22,4,12,Genie Industriel,CI2,INDUS_CI2_G1
1880,3207,2024-12-25,2,12,Genie Industriel,CI2,INDUS_CI2_G1
1881,3210,2025-01-23,6,19,Telecommunications,CI2,TELE_CI2_G1
1882,3211,2024-10-30,8,12,Genie Industriel,CI2,INDUS_CI2_G1
1883,3218,2024-12-23,2,8,Informatique,CI2,INFO_CI2_G2
1884,3220,2025-05-02,2,23,energies Renouvelables,CI2,ENERGIE_CI2_G1
1885,3222,2024-09-06,4,17,Genie electrique,CI2,ELEC_CI2_G1
1886,3223,2025-03-24,4,13,Genie Industriel,CI2,INDUS_CI2_G2
1887,3244,2025-01-14,4,21,Cybersecurite,CI2,CYBER_CI2_G1
1888,3247,2024-09-20,4,21,Cybersecurite,CI2,CYBER_CI2_G1
1889,3252,2025-05-23,2,17,Genie electrique,CI2,ELEC_CI2_G1
1890,3252,2025-02-19,2,17,Genie electrique,CI2,ELEC_CI2_G1
1891,3262,2024-11-05,2,23,energies Renouvelables,CI2,ENERGIE_CI2_G1
1892,3270,2024-12-04,2,23,energies Renouvelables,CI2,ENERGIE_CI2_G1
1893,3278,2025-01-06,6,17,Genie electrique,CI2,ELEC_CI2_G1
1894,3280,2025-04-22,6,12,Genie Industriel,CI2,INDUS_CI2_G1
1895,3286,2025-05-03,2,7,Informatique,CI2,INFO_CI2_G1
1896,3286,2025-04-19,6,7,Informatique,CI2,INFO_CI2_G1
1897,3286,2024-09-25,4,7,Informatique,CI2,INFO_CI2_G1
1898,3287,2025-05-17,6,19,Telecommunications,CI2,TELE_CI2_G1
1899,3290,2024-12-28,2,23,energies Renouvelables,CI2,ENERGIE_CI2_G1
1900,3294,2025-05-18,2,17,Genie electrique,CI2,ELEC_CI2_G1
1901,3296,2025-02-02,6,17,Genie electrique,CI2,ELEC_CI2_G1
1902,3297,2025-03-07,4,8,Informatique,CI2,INFO_CI2_G2
1903,3298,2024-11-02,6,17,Genie electrique,CI2,ELEC_CI2_G1
1904,3312,2025-03-12,2,19,Telecommunications,CI2,TELE_CI2_G1
1905,3315,2024-10-07,2,13,Genie Industriel,CI2,INDUS_CI2_G2
1906,3320,2024-09-12,2,7,Informatique,CI2,INFO_CI2_G1
1907,3323,2025-06-18,2,13,Genie Industriel,CI2,INDUS_CI2_G2
1908,3324,2024-11-08,8,13,Genie Industriel,CI2,INDUS_CI2_G2
1909,3327,2025-04-30,8,23,energies Renouvelables,CI2,ENERGIE_CI2_G1
1910,3327,2024-10-03,2,23,energies Renouvelables,CI2,ENERGIE_CI2_G1
1911,3328,2025-06-12,6,7,Informatique,CI2,INFO_CI2_G1
1912,3328,2025-05-23,4,7,Informatique,CI2,INFO_CI2_G1
1913,3329,2024-12-07,8,19,Telecommunications,CI2,TELE_CI2_G1
1914,3329,2025-05-08,2,19,Telecommunications,CI2,TELE_CI2_G1
1915,3331,2025-03-15,2,23,energies Renouvelables,CI2,ENERGIE_CI2_G1
1916,3331,2025-05-29,4,23,energies Renouvelables,CI2,ENERGIE_CI2_G1
1917,3340,2025-01-25,8,7,Informatique,CI2,INFO_CI2_G1
1918,3341,2025-04-05,4,12,Genie Industriel,CI2,INDUS_CI2_G1
1919,3343,2024-12-02,8,19,Telecommunications,CI2,TELE_CI2_G1
1920,3344,2024-10-24,2,13,Genie Industriel,CI2,INDUS_CI2_G2
1921,3354,2024-11-10,2,21,Cybersecurite,CI2,CYBER_CI2_G1
1922,3357,2025-01-17,2,17,Genie electrique,CI2,ELEC_CI2_G1
1923,3375,2024-12-13,2,17,Genie electrique,CI2,ELEC_CI2_G1
1924,3375,2025-04-10,6,17,Genie electrique,CI2,ELEC_CI2_G1
1925,3375,2025-05-16,2,17,Genie electrique,CI2,ELEC_CI2_G1
1926,3375,2025-03-22,6,17,Genie electrique,CI2,ELEC_CI2_G1
1927,3378,2025-06-17,2,13,Genie Industriel,CI2,INDUS_CI2_G2
1928,3382,2024-09-25,2,23,energies Renouvelables,CI2,ENERGIE_CI2_G1
1929,3385,2025-02-08,4,23,energies Renouvelables,CI2,ENERGIE_CI2_G1
1930,3394,2025-06-29,4,19,Telecommunications,CI2,TELE_CI2_G1
1931,3394,2025-05-13,4,19,Telecommunications,CI2,TELE_CI2_G1
1932,3399,2025-04-19,2,17,Genie electrique,CI2,ELEC_CI2_G1
1933,3400,2024-12-30,4,7,Informatique,CI2,INFO_CI2_G1
1934,3400,2024-12-20,6,7,Informatique,CI2,INFO_CI2_G1
1935,3400,2025-05-14,2,7,Informatique,CI2,INFO_CI2_G1
1936,3401,2025-05-14,2,8,Informatique,CI2,INFO_CI2_G2
1937,3402,2024-11-30,4,17,Genie electrique,CI2,ELEC_CI2_G1
1938,3404,2025-05-07,2,13,Genie Industriel,CI2,INDUS_CI2_G2
1939,3413,2024-09-03,4,17,Genie electrique,CI2,ELEC_CI2_G1
1940,3421,2025-03-02,2,8,Informatique,CI2,INFO_CI2_G2
1941,3421,2025-04-17,6,8,Informatique,CI2,INFO_CI2_G2
1942,3422,2024-12-23,4,8,Informatique,CI2,INFO_CI2_G2
1943,3423,2025-06-13,6,7,Informatique,CI2,INFO_CI2_G1
1944,3423,2025-05-01,2,7,Informatique,CI2,INFO_CI2_G1
1945,3423,2025-03-01,6,7,Informatique,CI2,INFO_CI2_G1
1946,3435,2025-06-26,2,12,Genie Industriel,CI2,INDUS_CI2_G1
1947,3450,2024-12-16,2,19,Telecommunications,CI2,TELE_CI2_G1
1948,3453,2025-04-11,8,7,Informatique,CI2,INFO_CI2_G1
1949,3458,2025-03-02,2,8,Informatique,CI2,INFO_CI2_G2
1950,3458,2024-12-13,4,8,Informatique,CI2,INFO_CI2_G2
1951,3464,2025-02-19,2,8,Informatique,CI2,INFO_CI2_G2
1952,3464,2024-12-29,4,8,Informatique,CI2,INFO_CI2_G2
1953,3464,2025-03-03,4,8,Informatique,CI2,INFO_CI2_G2
1954,3466,2025-06-19,2,7,Informatique,CI2,INFO_CI2_G1
1955,3469,2024-10-07,2,13,Genie Industriel,CI2,INDUS_CI2_G2
1956,3471,2025-04-03,4,19,Telecommunications,CI2,TELE_CI2_G1
1957,3475,2024-10-20,4,17,Genie electrique,CI2,ELEC_CI2_G1
1958,3484,2024-12-27,4,13,Genie Industriel,CI2,INDUS_CI2_G2
1959,3494,2025-01-15,6,17,Genie electrique,CI2,ELEC_CI2_G1
1960,3506,2024-11-19,2,23,energies Renouvelables,CI2,ENERGIE_CI2_G1
1961,3526,2025-01-21,2,19,Telecommunications,CI2,TELE_CI2_G1
1962,3526,2025-01-05,4,19,Telecommunications,CI2,TELE_CI2_G1
1963,3526,2025-02-06,2,19,Telecommunications,CI2,TELE_CI2_G1
1964,3527,2024-12-18,4,17,Genie electrique,CI2,ELEC_CI2_G1
1965,3529,2025-02-09,4,19,Telecommunications,CI2,TELE_CI2_G1
1966,3536,2024-11-03,6,8,Informatique,CI2,INFO_CI2_G2
1967,3539,2025-04-22,2,8,Informatique,CI2,INFO_CI2_G2
1968,3541,2024-11-16,2,19,Telecommunications,CI2,TELE_CI2_G1
1969,3542,2025-01-08,8,17,Genie electrique,CI2,ELEC_CI2_G1
1970,3543,2025-05-28,4,8,Informatique,CI2,INFO_CI2_G2
1971,3545,2025-04-06,2,21,Cybersecurite,CI2,CYBER_CI2_G1
1972,3545,2025-05-08,2,21,Cybersecurite,CI2,CYBER_CI2_G1
1973,3547,2024-10-12,4,17,Genie electrique,CI2,ELEC_CI2_G1
1974,3552,2024-12-18,4,17,Genie electrique,CI2,ELEC_CI2_G1
1975,3564,2025-01-27,6,13,Genie Industriel,CI2,INDUS_CI2_G2
1976,3565,2025-03-04,2,19,Telecommunications,CI2,TELE_CI2_G1
1977,3566,2025-02-24,2,19,Telecommunications,CI2,TELE_CI2_G1
1978,3571,2024-09-15,4,13,Genie Industriel,CI2,INDUS_CI2_G2
1979,3574,2025-01-27,8,7,Informatique,CI2,INFO_CI2_G1
1980,3578,2024-12-30,2,21,Cybersecurite,CI2,CYBER_CI2_G1
1981,3581,2025-04-27,4,23,energies Renouvelables,CI2,ENERGIE_CI2_G1
1982,3585,2025-05-25,4,19,Telecommunications,CI2,TELE_CI2_G1
1983,3590,2025-05-16,6,7,Informatique,CI2,INFO_CI2_G1
1984,3595,2025-01-13,2,13,Genie Industriel,CI2,INDUS_CI2_G2
1985,3605,2024-10-20,2,17,Genie electrique,CI2,ELEC_CI2_G1
1986,3605,2024-09-27,2,17,Genie electrique,CI2,ELEC_CI2_G1
1987,3605,2024-10-24,2,17,Genie electrique,CI2,ELEC_CI2_G1
1988,3610,2025-05-19,2,7,Informatique,CI2,INFO_CI2_G1
1989,3618,2025-06-30,4,7,Informatique,CI2,INFO_CI2_G1
1990,3618,2025-04-03,8,7,Informatique,CI2,INFO_CI2_G1
1991,3619,2025-05-15,2,17,Genie electrique,CI2,ELEC_CI2_G1
1992,3620,2025-04-09,4,17,Genie electrique,CI2,ELEC_CI2_G1
1993,3621,2025-04-12,4,13,Genie Industriel,CI2,INDUS_CI2_G2
1994,3622,2025-02-18,4,21,Cybersecurite,CI2,CYBER_CI2_G1
1995,3622,2024-09-05,2,21,Cybersecurite,CI2,CYBER_CI2_G1
1996,3625,2025-05-30,2,7,Informatique,CI2,INFO_CI2_G1
1997,3631,2025-03-20,2,21,Cybersecurite,CI2,CYBER_CI2_G1
1998,3633,2025-05-04,4,8,Informatique,CI2,INFO_CI2_G2
1999,3636,2025-04-24,8,7,Informatique,CI2,INFO_CI2_G1
2000,3639,2025-02-21,2,8,Informatique,CI2,INFO_CI2_G2
2001,3646,2024-09-12,4,8,Informatique,CI2,INFO_CI2_G2
2002,3649,2025-05-31,4,12,Genie Industriel,CI2,INDUS_CI2_G1
2003,3651,2025-04-11,4,19,Telecommunications,CI2,TELE_CI2_G1
2004,3656,2025-06-20,4,12,Genie Industriel,CI2,INDUS_CI2_G1
2005,3660,2024-10-26,2,7,Informatique,CI2,INFO_CI2_G1
2006,3662,2025-04-24,8,17,Genie electrique,CI2,ELEC_CI2_G1
2007,3673,2025-03-09,2,23,energies Renouvelables,CI2,ENERGIE_CI2_G1
2008,3676,2025-06-18,6,17,Genie electrique,CI2,ELEC_CI2_G1
2009,3681,2025-04-15,2,17,Genie electrique,CI2,ELEC_CI2_G1
2010,3685,2024-12-19,2,13,Genie Industriel,CI2,INDUS_CI2_G2
2011,3693,2025-06-16,4,17,Genie electrique,CI2,ELEC_CI2_G1
2012,3694,2024-12-31,4,21,Cybersecurite,CI2,CYBER_CI2_G1
2013,3697,2025-06-06,2,19,Telecommunications,CI2,TELE_CI2_G1
2014,3697,2025-06-13,2,19,Telecommunications,CI2,TELE_CI2_G1
2015,3698,2024-12-27,2,12,Genie Industriel,CI2,INDUS_CI2_G1
2016,3698,2025-03-02,2,12,Genie Industriel,CI2,INDUS_CI2_G1
2017,3707,2024-12-20,2,7,Informatique,CI2,INFO_CI2_G1
2018,3707,2025-02-26,2,7,Informatique,CI2,INFO_CI2_G1
2019,3707,2024-12-10,4,7,Informatique,CI2,INFO_CI2_G1
2020,3707,2025-06-16,4,7,Informatique,CI2,INFO_CI2_G1
2021,3714,2024-12-06,2,13,Genie Industriel,CI2,INDUS_CI2_G2
2022,3719,2024-11-17,8,12,Genie Industriel,CI2,INDUS_CI2_G1
2023,3722,2024-11-14,2,13,Genie Industriel,CI2,INDUS_CI2_G2
2024,3732,2025-06-15,2,23,energies Renouvelables,CI2,ENERGIE_CI2_G1
2025,3734,2025-06-05,6,12,Genie Industriel,CI2,INDUS_CI2_G1
2026,3738,2024-10-03,6,7,Informatique,CI2,INFO_CI2_G1
2027,3741,2024-10-18,2,7,Informatique,CI2,INFO_CI2_G1
2028,3742,2024-12-22,4,17,Genie electrique,CI2,ELEC_CI2_G1
2029,3742,2024-11-01,2,17,Genie electrique,CI2,ELEC_CI2_G1
2030,3742,2025-03-16,6,17,Genie electrique,CI2,ELEC_CI2_G1
2031,3751,2025-04-19,4,13,Genie Industriel,CI2,INDUS_CI2_G2
2032,3753,2024-11-05,4,8,Informatique,CI2,INFO_CI2_G2
2033,3753,2024-11-04,4,8,Informatique,CI2,INFO_CI2_G2
2034,3755,2025-03-08,4,12,Genie Industriel,CI2,INDUS_CI2_G1
2035,3760,2025-04-04,4,12,Genie Industriel,CI2,INDUS_CI2_G1
2036,3762,2024-12-05,4,19,Telecommunications,CI2,TELE_CI2_G1
2037,3763,2025-02-19,4,7,Informatique,CI2,INFO_CI2_G1
2038,3771,2025-04-08,2,23,energies Renouvelables,CI2,ENERGIE_CI2_G1
2039,3771,2025-01-06,2,23,energies Renouvelables,CI2,ENERGIE_CI2_G1
2040,3773,2025-01-07,2,21,Cybersecurite,CI2,CYBER_CI2_G1
2041,3774,2025-04-23,4,19,Telecommunications,CI2,TELE_CI2_G1
2042,3775,2024-09-12,4,12,Genie Industriel,CI2,INDUS_CI2_G1
2043,3782,2025-05-10,4,8,Informatique,CI2,INFO_CI2_G2
2044,3786,2025-04-18,2,12,Genie Industriel,CI2,INDUS_CI2_G1
2045,3793,2024-10-21,4,21,Cybersecurite,CI2,CYBER_CI2_G1
2046,3793,2024-09-28,8,21,Cybersecurite,CI2,CYBER_CI2_G1
2047,3793,2025-06-10,4,21,Cybersecurite,CI2,CYBER_CI2_G1
2048,3799,2025-06-20,2,12,Genie Industriel,CI2,INDUS_CI2_G1
2049,3799,2024-12-03,4,12,Genie Industriel,CI2,INDUS_CI2_G1
2050,3802,2024-11-29,8,8,Informatique,CI2,INFO_CI2_G2
2051,3802,2025-04-07,2,8,Informatique,CI2,INFO_CI2_G2
2052,3806,2025-04-20,2,17,Genie electrique,CI2,ELEC_CI2_G1
2053,3809,2025-01-03,2,7,Informatique,CI2,INFO_CI2_G1
2054,3810,2025-04-28,6,12,Genie Industriel,CI2,INDUS_CI2_G1
2055,3815,2025-05-30,4,21,Cybersecurite,CI2,CYBER_CI2_G1
2056,3816,2025-01-28,4,17,Genie electrique,CI2,ELEC_CI2_G1
2057,3830,2025-02-06,6,12,Genie Industriel,CI2,INDUS_CI2_G1
2058,3832,2025-05-03,2,21,Cybersecurite,CI2,CYBER_CI2_G1
2059,3838,2025-06-05,6,13,Genie Industriel,CI2,INDUS_CI2_G2
2060,3839,2025-02-12,4,21,Cybersecurite,CI2,CYBER_CI2_G1
2061,3840,2024-11-15,2,21,Cybersecurite,CI2,CYBER_CI2_G1
2062,3844,2025-04-12,8,12,Genie Industriel,CI2,INDUS_CI2_G1
2063,3848,2025-04-28,4,19,Telecommunications,CI2,TELE_CI2_G1
2064,3852,2025-05-18,8,7,Informatique,CI2,INFO_CI2_G1
2065,3852,2025-03-10,2,7,Informatique,CI2,INFO_CI2_G1
2066,3856,2025-03-21,8,13,Genie Industriel,CI2,INDUS_CI2_G2
2067,3856,2024-12-20,8,13,Genie Industriel,CI2,INDUS_CI2_G2
2068,3856,2025-06-04,2,13,Genie Industriel,CI2,INDUS_CI2_G2
2069,3860,2024-09-21,2,17,Genie electrique,CI2,ELEC_CI2_G1
2070,3861,2025-06-13,2,13,Genie Industriel,CI2,INDUS_CI2_G2
2071,3863,2025-02-28,8,23,energies Renouvelables,CI2,ENERGIE_CI2_G1
2072,3864,2024-12-16,8,17,Genie electrique,CI2,ELEC_CI2_G1
2073,3865,2025-02-03,4,19,Telecommunications,CI2,TELE_CI2_G1
2074,3869,2024-10-20,4,12,Genie Industriel,CI2,INDUS_CI2_G1
2075,3871,2025-03-29,2,17,Genie electrique,CI2,ELEC_CI2_G1
2076,3871,2024-12-30,4,17,Genie electrique,CI2,ELEC_CI2_G1
2077,3871,2025-06-22,4,17,Genie electrique,CI2,ELEC_CI2_G1
2078,3877,2024-11-14,2,13,Genie Industriel,CI2,INDUS_CI2_G2
2079,3880,2025-06-26,2,13,Genie Industriel,CI2,INDUS_CI2_G2
2080,3889,2025-04-11,2,23,energies Renouvelables,CI2,ENERGIE_CI2_G1
2081,3892,2025-01-24,2,7,Informatique,CI2,INFO_CI2_G1
2082,3896,2024-11-03,4,7,Informatique,CI2,INFO_CI2_G1
2083,3907,2025-05-02,4,8,Informatique,CI2,INFO_CI2_G2
2084,3907,2025-05-15,2,8,Informatique,CI2,INFO_CI2_G2
2085,3907,2024-11-01,2,8,Informatique,CI2,INFO_CI2_G2
2086,3910,2024-10-14,2,21,Cybersecurite,CI2,CYBER_CI2_G1
2087,3921,2025-04-24,6,7,Informatique,CI2,INFO_CI2_G1
2088,3922,2025-03-08,6,17,Genie electrique,CI2,ELEC_CI2_G1
2089,3932,2024-10-25,2,12,Genie Industriel,CI2,INDUS_CI2_G1
2090,3936,2024-10-15,2,21,Cybersecurite,CI2,CYBER_CI2_G1
2091,3938,2024-11-19,2,12,Genie Industriel,CI2,INDUS_CI2_G1
2092,3945,2025-03-12,2,7,Informatique,CI2,INFO_CI2_G1
2093,3946,2025-05-30,2,12,Genie Industriel,CI2,INDUS_CI2_G1
2094,3947,2024-10-31,2,19,Telecommunications,CI2,TELE_CI2_G1
2095,3948,2024-12-19,2,19,Telecommunications,CI2,TELE_CI2_G1
2096,3950,2025-05-23,2,23,energies Renouvelables,CI2,ENERGIE_CI2_G1
2097,3950,2024-09-01,2,23,energies Renouvelables,CI2,ENERGIE_CI2_G1
2098,3951,2025-02-21,6,7,Informatique,CI2,INFO_CI2_G1
2099,3952,2025-06-09,2,23,energies Renouvelables,CI2,ENERGIE_CI2_G1
2100,3954,2025-04-13,4,12,Genie Industriel,CI2,INDUS_CI2_G1
2101,3967,2025-06-17,6,19,Telecommunications,CI2,TELE_CI2_G1
2102,3974,2025-02-20,2,23,energies Renouvelables,CI2,ENERGIE_CI2_G1
2103,3974,2025-05-10,2,23,energies Renouvelables,CI2,ENERGIE_CI2_G1
2104,3975,2025-04-03,2,13,Genie Industriel,CI2,INDUS_CI2_G2
2105,3980,2025-02-28,2,21,Cybersecurite,CI2,CYBER_CI2_G1
2106,3980,2025-03-08,4,21,Cybersecurite,CI2,CYBER_CI2_G1
2107,3982,2025-04-22,6,17,Genie electrique,CI2,ELEC_CI2_G1
2108,3995,2025-02-25,4,13,Genie Industriel,CI2,INDUS_CI2_G2
2109,3996,2024-11-11,2,7,Informatique,CI2,INFO_CI2_G1
2110,3999,2025-01-17,6,19,Telecommunications,CI2,TELE_CI2_G1
2111,4000,2024-09-08,2,19,Telecommunications,CI2,TELE_CI2_G1
2112,4000,2025-01-17,4,19,Telecommunications,CI2,TELE_CI2_G1
2113,4000,2025-02-02,4,19,Telecommunications,CI2,TELE_CI2_G1
2114,4000,2025-05-02,4,19,Telecommunications,CI2,TELE_CI2_G1
2115,4008,2024-09-14,2,14,Genie Industriel,CI3,INDUS_CI3_G1
2116,4008,2025-01-16,2,14,Genie Industriel,CI3,INDUS_CI3_G1
2117,4014,2025-05-29,2,14,Genie Industriel,CI3,INDUS_CI3_G1
2118,4029,2024-09-19,6,9,Informatique,CI3,INFO_CI3_G1
2119,4034,2024-12-19,2,9,Informatique,CI3,INFO_CI3_G1
2120,4049,2025-06-16,6,22,Cybersecurite,CI3,CYBER_CI3_G1
2121,4057,2024-11-19,6,25,energies Renouvelables,CI3,ENERGIE_CI3_G2
2122,4058,2024-09-04,6,14,Genie Industriel,CI3,INDUS_CI3_G1
2123,4066,2024-12-21,2,18,Genie electrique,CI3,ELEC_CI3_G1
2124,4080,2025-01-29,8,9,Informatique,CI3,INFO_CI3_G1
2125,4087,2024-09-26,2,25,energies Renouvelables,CI3,ENERGIE_CI3_G2
2126,4090,2024-11-23,2,14,Genie Industriel,CI3,INDUS_CI3_G1
2127,4090,2024-11-09,2,14,Genie Industriel,CI3,INDUS_CI3_G1
2128,4090,2025-02-05,8,14,Genie Industriel,CI3,INDUS_CI3_G1
2129,4094,2025-05-26,2,20,Telecommunications,CI3,TELE_CI3_G1
2130,4097,2024-11-25,4,9,Informatique,CI3,INFO_CI3_G1
2131,4098,2025-05-01,2,24,energies Renouvelables,CI3,ENERGIE_CI3_G1
2132,4106,2025-04-03,4,24,energies Renouvelables,CI3,ENERGIE_CI3_G1
2133,4116,2024-10-02,6,25,energies Renouvelables,CI3,ENERGIE_CI3_G2
2134,4117,2025-06-09,2,22,Cybersecurite,CI3,CYBER_CI3_G1
2135,4121,2025-02-07,2,22,Cybersecurite,CI3,CYBER_CI3_G1
2136,4129,2024-11-28,8,18,Genie electrique,CI3,ELEC_CI3_G1
2137,4132,2025-06-17,2,24,energies Renouvelables,CI3,ENERGIE_CI3_G1
2138,4135,2024-10-23,4,25,energies Renouvelables,CI3,ENERGIE_CI3_G2
2139,4142,2025-05-17,8,25,energies Renouvelables,CI3,ENERGIE_CI3_G2
2140,4143,2024-11-30,2,22,Cybersecurite,CI3,CYBER_CI3_G1
2141,4143,2024-11-02,4,22,Cybersecurite,CI3,CYBER_CI3_G1
2142,4143,2025-03-25,6,22,Cybersecurite,CI3,CYBER_CI3_G1
2143,4143,2024-09-12,2,22,Cybersecurite,CI3,CYBER_CI3_G1
2144,4145,2025-05-08,4,9,Informatique,CI3,INFO_CI3_G1
2145,4158,2024-11-21,2,9,Informatique,CI3,INFO_CI3_G1
2146,4163,2024-12-19,4,9,Informatique,CI3,INFO_CI3_G1
2147,4168,2024-11-13,6,9,Informatique,CI3,INFO_CI3_G1
2148,4171,2024-09-16,8,9,Informatique,CI3,INFO_CI3_G1
2149,4172,2025-03-20,4,22,Cybersecurite,CI3,CYBER_CI3_G1
2150,4172,2025-04-28,4,22,Cybersecurite,CI3,CYBER_CI3_G1
2151,4172,2025-01-20,6,22,Cybersecurite,CI3,CYBER_CI3_G1
2152,4172,2025-03-11,8,22,Cybersecurite,CI3,CYBER_CI3_G1
2153,4176,2025-06-18,2,9,Informatique,CI3,INFO_CI3_G1
2154,4180,2024-12-18,8,20,Telecommunications,CI3,TELE_CI3_G1
2155,4180,2025-04-06,4,20,Telecommunications,CI3,TELE_CI3_G1
2156,4180,2025-01-18,6,20,Telecommunications,CI3,TELE_CI3_G1
2157,4180,2025-02-02,4,20,Telecommunications,CI3,TELE_CI3_G1
2158,4180,2024-09-03,4,20,Telecommunications,CI3,TELE_CI3_G1
2159,4188,2025-06-05,4,24,energies Renouvelables,CI3,ENERGIE_CI3_G1
2160,4189,2025-05-20,4,25,energies Renouvelables,CI3,ENERGIE_CI3_G2
2161,4203,2025-03-26,8,25,energies Renouvelables,CI3,ENERGIE_CI3_G2
2162,4217,2024-10-12,6,20,Telecommunications,CI3,TELE_CI3_G1
2163,4224,2025-03-02,2,18,Genie electrique,CI3,ELEC_CI3_G1
2164,4230,2024-12-09,2,22,Cybersecurite,CI3,CYBER_CI3_G1
2165,4231,2024-10-26,6,20,Telecommunications,CI3,TELE_CI3_G1
2166,4232,2025-05-13,2,20,Telecommunications,CI3,TELE_CI3_G1
2167,4240,2025-04-09,4,22,Cybersecurite,CI3,CYBER_CI3_G1
2168,4241,2024-09-23,4,24,energies Renouvelables,CI3,ENERGIE_CI3_G1
2169,4244,2024-11-30,4,25,energies Renouvelables,CI3,ENERGIE_CI3_G2
2170,4247,2024-10-28,2,9,Informatique,CI3,INFO_CI3_G1
2171,4250,2025-01-15,2,9,Informatique,CI3,INFO_CI3_G1
2172,4258,2024-11-08,4,18,Genie electrique,CI3,ELEC_CI3_G1
2173,4258,2024-11-11,2,18,Genie electrique,CI3,ELEC_CI3_G1
2174,4260,2025-06-09,4,18,Genie electrique,CI3,ELEC_CI3_G1
2175,4263,2025-04-05,2,25,energies Renouvelables,CI3,ENERGIE_CI3_G2
2176,4268,2025-05-06,8,24,energies Renouvelables,CI3,ENERGIE_CI3_G1
2177,4271,2025-05-23,2,25,energies Renouvelables,CI3,ENERGIE_CI3_G2
2178,4271,2025-01-15,2,25,energies Renouvelables,CI3,ENERGIE_CI3_G2
2179,4272,2025-03-22,4,20,Telecommunications,CI3,TELE_CI3_G1
2180,4273,2025-03-15,2,18,Genie electrique,CI3,ELEC_CI3_G1
2181,4273,2025-05-25,2,18,Genie electrique,CI3,ELEC_CI3_G1
2182,4293,2025-06-04,2,22,Cybersecurite,CI3,CYBER_CI3_G1
2183,4297,2025-05-26,8,24,energies Renouvelables,CI3,ENERGIE_CI3_G1
2184,4297,2024-09-02,2,24,energies Renouvelables,CI3,ENERGIE_CI3_G1
2185,4297,2025-06-19,4,24,energies Renouvelables,CI3,ENERGIE_CI3_G1
2186,4298,2025-02-02,2,25,energies Renouvelables,CI3,ENERGIE_CI3_G2
2187,4298,2025-05-13,4,25,energies Renouvelables,CI3,ENERGIE_CI3_G2
2188,4307,2024-11-06,4,9,Informatique,CI3,INFO_CI3_G1
2189,4319,2025-03-26,2,22,Cybersecurite,CI3,CYBER_CI3_G1
2190,4329,2024-10-12,4,24,energies Renouvelables,CI3,ENERGIE_CI3_G1
2191,4330,2025-05-21,2,25,energies Renouvelables,CI3,ENERGIE_CI3_G2
2192,4332,2025-04-14,2,9,Informatique,CI3,INFO_CI3_G1
2193,4333,2024-12-05,2,14,Genie Industriel,CI3,INDUS_CI3_G1
2194,4340,2025-03-27,4,9,Informatique,CI3,INFO_CI3_G1
2195,4340,2025-03-22,4,9,Informatique,CI3,INFO_CI3_G1
2196,4347,2025-01-06,2,24,energies Renouvelables,CI3,ENERGIE_CI3_G1
2197,4361,2024-09-03,2,20,Telecommunications,CI3,TELE_CI3_G1
2198,4362,2025-01-09,4,18,Genie electrique,CI3,ELEC_CI3_G1
2199,4368,2024-12-21,4,18,Genie electrique,CI3,ELEC_CI3_G1
2200,4376,2024-10-17,4,22,Cybersecurite,CI3,CYBER_CI3_G1
2201,4388,2024-11-02,4,14,Genie Industriel,CI3,INDUS_CI3_G1
2202,4404,2025-01-30,2,9,Informatique,CI3,INFO_CI3_G1
2203,4409,2025-04-01,4,14,Genie Industriel,CI3,INDUS_CI3_G1
2204,4415,2025-03-24,2,14,Genie Industriel,CI3,INDUS_CI3_G1
2205,4419,2024-12-01,2,18,Genie electrique,CI3,ELEC_CI3_G1
2206,4421,2025-03-25,2,22,Cybersecurite,CI3,CYBER_CI3_G1
2207,4422,2025-02-01,2,20,Telecommunications,CI3,TELE_CI3_G1
2208,4422,2024-09-16,4,20,Telecommunications,CI3,TELE_CI3_G1
2209,4422,2025-05-01,2,20,Telecommunications,CI3,TELE_CI3_G1
2210,4422,2025-04-11,8,20,Telecommunications,CI3,TELE_CI3_G1
2211,4425,2024-12-13,6,24,energies Renouvelables,CI3,ENERGIE_CI3_G1
2212,4440,2025-04-22,2,24,energies Renouvelables,CI3,ENERGIE_CI3_G1
2213,4442,2025-04-06,2,9,Informatique,CI3,INFO_CI3_G1
2214,4442,2024-10-22,2,9,Informatique,CI3,INFO_CI3_G1
2215,4442,2024-12-03,2,9,Informatique,CI3,INFO_CI3_G1
2216,4448,2025-05-17,8,9,Informatique,CI3,INFO_CI3_G1
2217,4453,2025-04-02,2,25,energies Renouvelables,CI3,ENERGIE_CI3_G2
2218,4460,2025-01-06,4,20,Telecommunications,CI3,TELE_CI3_G1
2219,4463,2025-04-23,2,20,Telecommunications,CI3,TELE_CI3_G1
2220,4480,2024-11-05,2,18,Genie electrique,CI3,ELEC_CI3_G1
2221,4494,2025-04-27,6,20,Telecommunications,CI3,TELE_CI3_G1
2222,4499,2024-12-31,6,9,Informatique,CI3,INFO_CI3_G1
2223,4509,2024-09-12,2,20,Telecommunications,CI3,TELE_CI3_G1
2224,4511,2025-03-15,6,14,Genie Industriel,CI3,INDUS_CI3_G1
2225,4523,2024-12-30,6,18,Genie electrique,CI3,ELEC_CI3_G1
2226,4528,2024-09-18,2,14,Genie Industriel,CI3,INDUS_CI3_G1
2227,4559,2025-03-26,8,24,energies Renouvelables,CI3,ENERGIE_CI3_G1
2228,4562,2025-01-12,4,20,Telecommunications,CI3,TELE_CI3_G1
2229,4565,2025-01-19,4,9,Informatique,CI3,INFO_CI3_G1
2230,4576,2025-02-20,2,20,Telecommunications,CI3,TELE_CI3_G1
2231,4579,2024-09-18,2,25,energies Renouvelables,CI3,ENERGIE_CI3_G2
2232,4585,2024-09-28,6,20,Telecommunications,CI3,TELE_CI3_G1
2233,4586,2024-11-07,4,22,Cybersecurite,CI3,CYBER_CI3_G1
2234,4586,2024-09-02,2,22,Cybersecurite,CI3,CYBER_CI3_G1
2235,4588,2024-09-07,2,24,energies Renouvelables,CI3,ENERGIE_CI3_G1
2236,4589,2025-01-12,4,20,Telecommunications,CI3,TELE_CI3_G1
2237,4589,2025-05-03,4,20,Telecommunications,CI3,TELE_CI3_G1
2238,4594,2025-06-01,2,18,Genie electrique,CI3,ELEC_CI3_G1
2239,4599,2025-05-07,2,25,energies Renouvelables,CI3,ENERGIE_CI3_G2
2240,4599,2024-11-05,2,25,energies Renouvelables,CI3,ENERGIE_CI3_G2
2241,4599,2024-11-16,4,25,energies Renouvelables,CI3,ENERGIE_CI3_G2
2242,4599,2024-11-13,4,25,energies Renouvelables,CI3,ENERGIE_CI3_G2
2243,4606,2025-02-20,6,25,energies Renouvelables,CI3,ENERGIE_CI3_G2
2244,4609,2025-03-09,2,24,energies Renouvelables,CI3,ENERGIE_CI3_G1
2245,4638,2025-06-15,2,9,Informatique,CI3,INFO_CI3_G1
2246,4638,2025-03-17,2,9,Informatique,CI3,INFO_CI3_G1
2247,4645,2025-01-02,4,20,Telecommunications,CI3,TELE_CI3_G1
2248,4646,2025-02-24,8,25,energies Renouvelables,CI3,ENERGIE_CI3_G2
2249,4646,2025-02-21,2,25,energies Renouvelables,CI3,ENERGIE_CI3_G2
2250,4647,2024-10-06,4,25,energies Renouvelables,CI3,ENERGIE_CI3_G2
2251,4678,2024-12-18,6,20,Telecommunications,CI3,TELE_CI3_G1
2252,4678,2025-03-15,2,20,Telecommunications,CI3,TELE_CI3_G1
2253,4689,2025-03-17,6,22,Cybersecurite,CI3,CYBER_CI3_G1
2254,4690,2025-04-26,8,9,Informatique,CI3,INFO_CI3_G1
2255,4694,2025-01-18,4,22,Cybersecurite,CI3,CYBER_CI3_G1
2256,4696,2025-06-11,4,18,Genie electrique,CI3,ELEC_CI3_G1
2257,4696,2025-04-05,4,18,Genie electrique,CI3,ELEC_CI3_G1
2258,4699,2024-11-18,2,25,energies Renouvelables,CI3,ENERGIE_CI3_G2
2259,4718,2024-12-19,4,9,Informatique,CI3,INFO_CI3_G1
2260,4720,2024-11-06,2,24,energies Renouvelables,CI3,ENERGIE_CI3_G1
2261,4724,2025-05-31,8,22,Cybersecurite,CI3,CYBER_CI3_G1
2262,4728,2025-02-07,2,25,energies Renouvelables,CI3,ENERGIE_CI3_G2
2263,4730,2025-02-14,8,14,Genie Industriel,CI3,INDUS_CI3_G1
2264,4733,2025-02-10,2,20,Telecommunications,CI3,TELE_CI3_G1
2265,4743,2025-06-16,4,25,energies Renouvelables,CI3,ENERGIE_CI3_G2
2266,4745,2024-11-15,4,18,Genie electrique,CI3,ELEC_CI3_G1
2267,4755,2025-04-22,2,22,Cybersecurite,CI3,CYBER_CI3_G1
2268,4768,2025-06-21,2,25,energies Renouvelables,CI3,ENERGIE_CI3_G2
2269,4769,2025-04-09,4,24,energies Renouvelables,CI3,ENERGIE_CI3_G1
2270,4772,2025-03-04,2,14,Genie Industriel,CI3,INDUS_CI3_G1
2271,4778,2025-01-23,6,9,Informatique,CI3,INFO_CI3_G1
2272,4779,2025-03-01,8,18,Genie electrique,CI3,ELEC_CI3_G1
2273,4779,2024-10-01,2,18,Genie electrique,CI3,ELEC_CI3_G1
2274,4780,2025-03-15,4,22,Cybersecurite,CI3,CYBER_CI3_G1
2275,4790,2025-02-22,6,22,Cybersecurite,CI3,CYBER_CI3_G1
2276,4794,2025-02-06,2,25,energies Renouvelables,CI3,ENERGIE_CI3_G2
2277,4803,2025-05-14,2,9,Informatique,CI3,INFO_CI3_G1
2278,4808,2025-06-19,2,14,Genie Industriel,CI3,INDUS_CI3_G1
2279,4821,2025-03-10,2,25,energies Renouvelables,CI3,ENERGIE_CI3_G2
2280,4835,2024-09-05,2,25,energies Renouvelables,CI3,ENERGIE_CI3_G2
2281,4838,2025-05-15,2,18,Genie electrique,CI3,ELEC_CI3_G1
2282,4845,2025-06-07,4,14,Genie Industriel,CI3,INDUS_CI3_G1
2283,4845,2025-06-06,4,14,Genie Industriel,CI3,INDUS_CI3_G1
2284,4850,2025-06-30,2,20,Telecommunications,CI3,TELE_CI3_G1
2285,4853,2025-05-01,2,22,Cybersecurite,CI3,CYBER_CI3_G1
2286,4853,2025-05-30,2,22,Cybersecurite,CI3,CYBER_CI3_G1
2287,4853,2025-05-12,2,22,Cybersecurite,CI3,CYBER_CI3_G1
2288,4857,2024-10-06,4,22,Cybersecurite,CI3,CYBER_CI3_G1
2289,4863,2025-04-15,6,20,Telecommunications,CI3,TELE_CI3_G1
2290,4867,2025-03-27,4,9,Informatique,CI3,INFO_CI3_G1
2291,4870,2024-09-02,6,24,energies Renouvelables,CI3,ENERGIE_CI3_G1
2292,4873,2024-09-20,2,24,energies Renouvelables,CI3,ENERGIE_CI3_G1
2293,4879,2024-12-02,2,18,Genie electrique,CI3,ELEC_CI3_G1
2294,4881,2025-01-29,2,18,Genie electrique,CI3,ELEC_CI3_G1
2295,4884,2025-03-25,4,24,energies Renouvelables,CI3,ENERGIE_CI3_G1
2296,4885,2025-05-19,2,14,Genie Industriel,CI3,INDUS_CI3_G1
2297,4892,2025-01-20,4,25,energies Renouvelables,CI3,ENERGIE_CI3_G2
2298,4903,2024-09-30,2,20,Telecommunications,CI3,TELE_CI3_G1
2299,4904,2025-06-16,2,24,energies Renouvelables,CI3,ENERGIE_CI3_G1
2300,4922,2024-12-13,4,24,energies Renouvelables,CI3,ENERGIE_CI3_G1
2301,4922,2025-03-24,8,24,energies Renouvelables,CI3,ENERGIE_CI3_G1
2302,4922,2025-03-13,2,24,energies Renouvelables,CI3,ENERGIE_CI3_G1
2303,4923,2025-01-24,2,25,energies Renouvelables,CI3,ENERGIE_CI3_G2
2304,4931,2024-11-17,2,24,energies Renouvelables,CI3,ENERGIE_CI3_G1
2305,4938,2024-11-26,4,18,Genie electrique,CI3,ELEC_CI3_G1
2306,4943,2024-10-22,4,18,Genie electrique,CI3,ELEC_CI3_G1
2307,4952,2025-04-27,8,24,energies Renouvelables,CI3,ENERGIE_CI3_G1
2308,4957,2025-01-01,2,14,Genie Industriel,CI3,INDUS_CI3_G1
2309,4961,2024-09-13,2,20,Telecommunications,CI3,TELE_CI3_G1
2310,4963,2025-03-24,4,9,Informatique,CI3,INFO_CI3_G1
2311,4964,2025-01-17,6,14,Genie Industriel,CI3,INDUS_CI3_G1
2312,4970,2024-11-16,2,25,energies Renouvelables,CI3,ENERGIE_CI3_G2
2313,4970,2025-04-04,2,25,energies Renouvelables,CI3,ENERGIE_CI3_G2
2314,4988,2025-04-16,4,20,Telecommunications,CI3,TELE_CI3_G1
2315,4992,2025-01-05,2,18,Genie electrique,CI3,ELEC_CI3_G1
